date,close
2010-07-18,0.08584
2010-07-19,0.0808
2010-07-20,0.0747357
2010-07-21,0.0791929
2010-07-22,0.0584698
2010-07-23,0.0605929
2010-07-24,0.05454
2010-07-25,0.0505406
2010-07-26,0.056
2010-07-27,0.058622
2010-07-28,0.0589111
2010-07-29,0.0699
2010-07-30,0.0646574
2010-07-31,0.0675458
2010-08-01,0.0611
2010-08-02,0.06
2010-08-03,0.0600122
2010-08-04,0.0570158
2010-08-05,0.061
2010-08-06,0.0616713
2010-08-07,0.0590039
2010-08-08,0.0609
2010-08-09,0.0704
2010-08-10,0.0693387
2010-08-11,0.067
2010-08-12,0.07
2010-08-13,0.0645
2010-08-14,0.0669964
2010-08-15,0.0651179
2010-08-16,0.0655
2010-08-17,0.07
2010-08-18,0.068
2010-08-19,0.0667
2010-08-20,0.0655
2010-08-21,0.0664
2010-08-22,0.065929
2010-08-23,0.06491
2010-08-24,0.065
2010-08-25,0.0648
2010-08-26,0.0640751
2010-08-27,0.065
2010-08-28,0.0646
2010-08-29,0.064
2010-08-30,0.06497
2010-08-31,0.06
2010-09-01,0.0620248
2010-09-02,0.0634
2010-09-03,0.06085
2010-09-04,0.0621783
2010-09-05,0.06165
2010-09-06,0.0616
2010-09-07,0.0612391
2010-09-08,0.061
2010-09-09,0.061115
2010-09-10,0.0610115
2010-09-11,0.0636209
2010-09-12,0.0615
2010-09-13,0.06218
2010-09-14,0.06199
2010-09-15,0.0604
2010-09-16,0.0619
2010-09-17,0.0600005
2010-09-18,0.061
2010-09-19,0.0627
2010-09-20,0.0621017
2010-09-21,0.06265
2010-09-22,0.0618819
2010-09-23,0.0621535
2010-09-24,0.0622
2010-09-25,0.06202
2010-09-26,0.062
2010-09-27,0.0622004
2010-09-28,0.0619039
2010-09-29,0.06191
2010-09-30,0.0619
2010-10-01,0.0619733
2010-10-02,0.0614
2010-10-03,0.0610649
2010-10-04,0.0612945
2010-10-05,0.0614
2010-10-06,0.06281
2010-10-07,0.067
2010-10-08,0.0844531
2010-10-09,0.0938
2010-10-10,0.0971462
2010-10-11,0.095
2010-10-12,0.0949
2010-10-13,0.104866
2010-10-14,0.102
2010-10-15,0.105
2010-10-16,0.101
2010-10-17,0.102
2010-10-18,0.1024
2010-10-19,0.0975449
2010-10-20,0.099
2010-10-21,0.107
2010-10-22,0.1025
2010-10-23,0.104556
2010-10-24,0.11501
2010-10-25,0.139119
2010-10-26,0.151
2010-10-27,0.1877
2010-10-28,0.1731
2010-10-29,0.19
2010-10-30,0.197611
2010-10-31,0.1925
2010-11-01,0.194525
2010-11-02,0.1938
2010-11-03,0.1931
2010-11-04,0.229275
2010-11-05,0.259112
2010-11-06,0.400982
2010-11-07,0.34
2010-11-08,0.243185
2010-11-09,0.217273
2010-11-10,0.22955
2010-11-11,0.2231
2010-11-12,0.2682
2010-11-13,0.276
2010-11-14,0.27904
2010-11-15,0.268465
2010-11-16,0.225
2010-11-17,0.241939
2010-11-18,0.269058
2010-11-19,0.27829
2010-11-20,0.283016
2010-11-21,0.27675
2010-11-22,0.285
2010-11-23,0.28295
2010-11-24,0.282906
2010-11-25,0.28
2010-11-26,0.2844
2010-11-27,0.283
2010-11-28,0.271359
2010-11-29,0.230559
2010-11-30,0.2082
2010-12-01,0.2275
2010-12-02,0.255
2010-12-03,0.25106
2010-12-04,0.205001
2010-12-05,0.20285
2010-12-06,0.204
2010-12-07,0.23342
2010-12-08,0.2388
2010-12-09,0.199992
2010-12-10,0.204
2010-12-11,0.228
2010-12-12,0.219854
2010-12-13,0.227605
2010-12-14,0.24669
2010-12-15,0.24
2010-12-16,0.24996
2010-12-17,0.242656
2010-12-18,0.241
2010-12-19,0.2401
2010-12-20,0.267
2010-12-21,0.241436
2010-12-22,0.25
2010-12-23,0.24997
2010-12-24,0.248
2010-12-25,0.2499
2010-12-26,0.264962
2010-12-27,0.264785
2010-12-28,0.281
2010-12-29,0.3
2010-12-30,0.3
2010-12-31,0.3
2011-01-01,0.3
2011-01-02,0.29997
2011-01-03,0.295
2011-01-04,0.29895
2011-01-05,0.298916
2011-01-06,0.298
2011-01-07,0.32
2011-01-08,0.3229
2011-01-09,0.323
2011-01-10,0.32659
2011-01-11,0.32659
2011-01-12,0.3188
2011-01-13,0.3176
2011-01-14,0.39999
2011-01-15,0.386
2011-01-16,0.38679
2011-01-17,0.3495
2011-01-18,0.31299
2011-01-19,0.31299
2011-01-20,0.39
2011-01-21,0.41991
2011-01-22,0.440036
2011-01-23,0.4424
2011-01-24,0.4199
2011-01-25,0.41
2011-01-26,0.415085
2011-01-27,0.4212
2011-01-28,0.444484
2011-01-29,0.439
2011-01-30,0.477142
2011-01-31,0.525137
2011-02-01,0.70751
2011-02-02,0.725435
2011-02-03,0.693898
2011-02-04,0.810959
2011-02-05,0.911671
2011-02-06,0.898
2011-02-07,0.889421
2011-02-08,0.918
2011-02-09,1.01605
2011-02-10,0.979653
2011-02-11,1.05407
2011-02-12,1.0787
2011-02-13,1.05
2011-02-14,1.07001
2011-02-15,1.05
2011-02-16,1.03169
2011-02-17,1.03992
2011-02-18,0.898956
2011-02-19,0.944028
2011-02-20,0.865
2011-02-21,0.835747
2011-02-22,0.877042
2011-02-23,0.9
2011-02-24,0.989095
2011-02-25,0.914652
2011-02-26,0.958
2011-02-27,0.895033
2011-02-28,0.860221
2011-03-01,0.921097
2011-03-02,0.9399
2011-03-03,0.939073
2011-03-04,0.9011
2011-03-05,0.907841
2011-03-06,0.884771
2011-03-07,0.877584
2011-03-08,0.866072
2011-03-09,0.86
2011-03-10,0.92067
2011-03-11,0.88
2011-03-12,0.917816
2011-03-13,0.89249
2011-03-14,0.893925
2011-03-15,0.87224
2011-03-16,0.851212
2011-03-17,0.82542
2011-03-18,0.801959
2011-03-19,0.765
2011-03-20,0.7415
2011-03-21,0.75897
2011-03-22,0.80913
2011-03-23,0.84971
2011-03-24,0.872374
2011-03-25,0.88377
2011-03-26,0.8552
2011-03-27,0.822
2011-03-28,0.794741
2011-03-29,0.79251
2011-03-30,0.789706
2011-03-31,0.78461
2011-04-01,0.77411
2011-04-02,0.78199
2011-04-03,0.779
2011-04-04,0.68
2011-04-05,0.715692
2011-04-06,0.74
2011-04-07,0.7538
2011-04-08,0.74999
2011-04-09,0.734061
2011-04-10,0.733157
2011-04-11,0.770114
2011-04-12,0.861382
2011-04-13,0.93032
2011-04-14,0.99863
2011-04-15,0.983673
2011-04-16,1.04663
2011-04-17,1.09812
2011-04-18,1.14943
2011-04-19,1.18516
2011-04-20,1.14213
2011-04-21,1.20734
2011-04-22,1.40451
2011-04-23,1.82885
2011-04-24,1.63198
2011-04-25,1.56448
2011-04-26,1.77084
2011-04-27,1.90318
2011-04-28,2.28574
2011-04-29,2.85061
2011-04-30,3.5
2011-05-01,3.09423
2011-05-02,3.2
2011-05-03,3.36059
2011-05-04,3.40867
2011-05-05,3.34374
2011-05-06,3.45508
2011-05-07,3.64126
2011-05-08,3.84867
2011-05-09,3.80409
2011-05-10,5.65167
2011-05-11,5.43975
2011-05-12,6.33488
2011-05-13,8.13903
2011-05-14,7.00724
2011-05-15,6.92492
2011-05-16,7.88514
2011-05-17,7.2572
2011-05-18,6.76316
2011-05-19,6.89014
2011-05-20,5.6181
2011-05-21,6.0848
2011-05-22,6.71196
2011-05-23,7.06526
2011-05-24,7.40266
2011-05-25,8.56929
2011-05-26,8.78216
2011-05-27,8.52866
2011-05-28,8.34927
2011-05-29,8.40095
2011-05-30,8.77934
2011-05-31,8.72158
2011-06-01,9.62378
2011-06-02,10.7028
2011-06-03,14.2646
2011-06-04,18.3127
2011-06-05,16.5433
2011-06-06,18.4021
2011-06-07,23.2379
2011-06-08,29.0299
2011-06-09,28.7905
2011-06-10,24.0494
2011-06-11,14.7497
2011-06-12,18.8501
2011-06-13,19.5423
2011-06-14,19.2577
2011-06-15,19.4641
2011-06-16,17.9294
2011-06-17,15.4364
2011-06-18,16.8754
2011-06-19,17.5107
2011-06-20,17.5107
2011-06-21,17.5107
2011-06-22,17.5107
2011-06-23,17.5107
2011-06-24,17.5107
2011-06-25,17.5107
2011-06-26,16.3613
2011-06-27,16.7523
2011-06-28,16.9618
2011-06-29,16.8546
2011-06-30,16.1853
2011-07-01,15.4204
2011-07-02,15.3828
2011-07-03,15.4576
2011-07-04,13.8528
2011-07-05,12.9648
2011-07-06,14.7148
2011-07-07,14.7973
2011-07-08,14.299
2011-07-09,14.3815
2011-07-10,14.6229
2011-07-11,14.3102
2011-07-12,14.0213
2011-07-13,13.9715
2011-07-14,13.998
2011-07-15,13.8064
2011-07-16,13.7131
2011-07-17,13.2581
2011-07-18,13.6305
2011-07-19,13.8248
2011-07-20,13.6783
2011-07-21,13.6118
2011-07-22,13.6985
2011-07-23,13.6817
2011-07-24,13.9925
2011-07-25,14.0334
2011-07-26,13.878
2011-07-27,13.8782
2011-07-28,13.4916
2011-07-29,13.5123
2011-07-30,13.5403
2011-07-31,13.3729
2011-08-01,13.0191
2011-08-02,12.2142
2011-08-03,9.28636
2011-08-04,10.7685
2011-08-05,9.73015
2011-08-06,6.96417
2011-08-07,8.50179
2011-08-08,7.77534
2011-08-09,9.8025
2011-08-10,10.0513
2011-08-11,9.43841
2011-08-12,9.45299
2011-08-13,10.004
2011-08-14,10.8068
2011-08-15,11.1307
2011-08-16,10.992
2011-08-17,10.964
2011-08-18,10.8585
2011-08-19,11.6705
2011-08-20,11.4597
2011-08-21,11.3545
2011-08-22,10.9209
2011-08-23,10.9172
2011-08-24,10.8704
2011-08-25,9.54609
2011-08-26,8.12692
2011-08-27,8.5965
2011-08-28,9.03087
2011-08-29,8.96116
2011-08-30,8.80995
2011-08-31,8.19915
2011-09-01,8.23428
2011-09-02,8.62142
2011-09-03,8.44965
2011-09-04,8.20347
2011-09-05,7.59733
2011-09-06,6.84653
2011-09-07,7.16297
2011-09-08,6.67818
2011-09-09,4.98678
2011-09-10,4.74285
2011-09-11,5.8529
2011-09-12,6.09063
2011-09-13,5.80252
2011-09-14,5.59743
2011-09-15,4.86776
2011-09-16,4.83117
2011-09-17,4.77529
2011-09-18,5.23673
2011-09-19,5.52038
2011-09-20,6.14667
2011-09-21,5.59707
2011-09-22,5.47505
2011-09-23,5.56342
2011-09-24,5.45789
2011-09-25,5.34115
2011-09-26,4.87383
2011-09-27,4.91116
2011-09-28,4.76342
2011-09-29,4.77766
2011-09-30,5.14369
2011-10-01,5.03407
2011-10-02,5.00706
2011-10-03,5.02284
2011-10-04,4.95681
2011-10-05,4.88507
2011-10-06,4.73017
2011-10-07,4.27604
2011-10-08,3.98125
2011-10-09,4.11163
2011-10-10,4.07496
2011-10-11,4.00892
2011-10-12,4.16624
2011-10-13,4.03698
2011-10-14,3.98628
2011-10-15,3.83734
2011-10-16,3.60974
2011-10-17,2.58125
2011-10-18,2.42227
2011-10-19,2.21725
2011-10-20,2.35612
2011-10-21,2.57009
2011-10-22,3.15549
2011-10-23,3.14775
2011-10-24,2.52294
2011-10-25,2.80192
2011-10-26,2.77751
2011-10-27,3.04541
2011-10-28,3.17964
2011-10-29,3.56919
2011-10-30,3.2574
2011-10-31,3.2651
2011-11-01,3.17101
2011-11-02,3.2558
2011-11-03,3.16832
2011-11-04,3.12012
2011-11-05,2.97782
2011-11-06,2.96272
2011-11-07,3.01776
2011-11-08,3.05657
2011-11-09,2.91957
2011-11-10,2.8567
2011-11-11,3.06786
2011-11-12,3.02552
2011-11-13,2.98637
2011-11-14,2.22422
2011-11-15,2.32238
2011-11-16,2.54678
2011-11-17,2.2791
2011-11-18,2.10507
2011-11-19,2.20346
2011-11-20,2.20199
2011-11-21,2.27988
2011-11-22,2.32246
2011-11-23,2.33032
2011-11-24,2.43888
2011-11-25,2.49616
2011-11-26,2.4718
2011-11-27,2.47756
2011-11-28,2.54124
2011-11-29,2.7577
2011-11-30,2.96604
2011-12-01,3.08259
2011-12-02,3.1004
2011-12-03,2.80386
2011-12-04,2.81969
2011-12-05,2.8748
2011-12-06,3.02536
2011-12-07,2.9855
2011-12-08,2.99188
2011-12-09,2.95579
2011-12-10,3.06898
2011-12-11,3.24927
2011-12-12,3.18734
2011-12-13,3.24109
2011-12-14,3.15509
2011-12-15,3.20314
2011-12-16,3.20914
2011-12-17,3.19254
2011-12-18,3.19401
2011-12-19,3.52577
2011-12-20,3.95255
2011-12-21,3.88899
2011-12-22,3.90306
2011-12-23,3.93797
2011-12-24,3.93942
2011-12-25,4.23387
2011-12-26,3.99912
2011-12-27,4.09552
2011-12-28,4.2073
2011-12-29,4.17335
2011-12-30,4.31064
2011-12-31,4.71431
2012-01-01,5.29484
2012-01-02,5.20488
2012-01-03,4.87051
2012-01-04,5.58571
2012-01-05,6.874
2012-01-06,6.68332
2012-01-07,6.79623
2012-01-08,7.09665
2012-01-09,6.28854
2012-01-10,6.52847
2012-01-11,6.88913
2012-01-12,6.77356
2012-01-13,6.45437
2012-01-14,6.76173
2012-01-15,7.04692
2012-01-16,6.71561
2012-01-17,5.59962
2012-01-18,5.90023
2012-01-19,6.31571
2012-01-20,6.50149
2012-01-21,6.18057
2012-01-22,6.30297
2012-01-23,6.37488
2012-01-24,6.27448
2012-01-25,5.81047
2012-01-26,5.36723
2012-01-27,5.30314
2012-01-28,5.6598
2012-01-29,5.39143
2012-01-30,5.50348
2012-01-31,5.53822
2012-02-01,6.07523
2012-02-02,6.09957
2012-02-03,5.95161
2012-02-04,5.89541
2012-02-05,5.67812
2012-02-06,5.48266
2012-02-07,5.66203
2012-02-08,5.61853
2012-02-09,5.8357
2012-02-10,5.93783
2012-02-11,5.61213
2012-02-12,5.5191
2012-02-13,5.34835
2012-02-14,4.48365
2012-02-15,4.32552
2012-02-16,4.25524
2012-02-17,4.39154
2012-02-18,4.27008
2012-02-19,4.38955
2012-02-20,4.36514
2012-02-21,4.31512
2012-02-22,4.41931
2012-02-23,5.03952
2012-02-24,5.02561
2012-02-25,4.77257
2012-02-26,4.92642
2012-02-27,4.95252
2012-02-28,4.85726
2012-02-29,4.87275
2012-03-01,4.92207
2012-03-02,4.71482
2012-03-03,4.62819
2012-03-04,4.83414
2012-03-05,4.98239
2012-03-06,4.98784
2012-03-07,4.94911
2012-03-08,4.93498
2012-03-09,4.8723
2012-03-10,4.84142
2012-03-11,4.89203
2012-03-12,4.91084
2012-03-13,5.29088
2012-03-14,5.39054
2012-03-15,5.34082
2012-03-16,5.33957
2012-03-17,5.236
2012-03-18,5.27015
2012-03-19,4.67867
2012-03-20,4.83083
2012-03-21,4.81723
2012-03-22,4.72961
2012-03-23,4.69164
2012-03-24,4.65199
2012-03-25,4.55227
2012-03-26,4.63272
2012-03-27,4.81134
2012-03-28,4.79059
2012-03-29,4.79407
2012-03-30,4.86141
2012-03-31,4.88978
2012-04-01,4.79333
2012-04-02,4.98305
2012-04-03,4.95623
2012-04-04,4.91784
2012-04-05,4.92085
2012-04-06,4.94911
2012-04-07,4.70971
2012-04-08,4.77882
2012-04-09,4.85255
2012-04-10,4.84142
2012-04-11,4.91525
2012-04-12,4.90116
2012-04-13,4.93441
2012-04-14,4.95636
2012-04-15,4.9616
2012-04-16,4.95076
2012-04-17,4.96874
2012-04-18,5.12438
2012-04-19,5.13091
2012-04-20,5.36652
2012-04-21,5.28255
2012-04-22,5.19561
2012-04-23,5.11089
2012-04-24,5.08787
2012-04-25,5.14882
2012-04-26,5.09742
2012-04-27,5.09589
2012-04-28,4.97074
2012-04-29,4.90261
2012-04-30,4.94212
2012-05-01,4.98714
2012-05-02,5.05344
2012-05-03,5.11887
2012-05-04,5.08551
2012-05-05,5.05664
2012-05-06,5.0478
2012-05-07,5.06756
2012-05-08,5.02347
2012-05-09,5.04131
2012-05-10,4.92749
2012-05-11,4.96371
2012-05-12,4.94653
2012-05-13,4.9448
2012-05-14,5.01144
2012-05-15,5.03364
2012-05-16,5.08778
2012-05-17,5.08966
2012-05-18,5.1183
2012-05-19,5.11255
2012-05-20,5.0942
2012-05-21,5.09422
2012-05-22,5.08914
2012-05-23,5.12886
2012-05-24,5.11916
2012-05-25,5.13728
2012-05-26,5.10398
2012-05-27,5.13462
2012-05-28,5.13633
2012-05-29,5.14847
2012-05-30,5.13826
2012-05-31,5.18164
2012-06-01,5.26694
2012-06-02,5.24364
2012-06-03,5.2127
2012-06-04,5.25877
2012-06-05,5.42601
2012-06-06,5.44617
2012-06-07,5.58717
2012-06-08,5.62253
2012-06-09,5.557
2012-06-10,5.45789
2012-06-11,5.587
2012-06-12,5.72749
2012-06-13,5.9093
2012-06-14,5.96202
2012-06-15,6.52338
2012-06-16,6.44416
2012-06-17,6.19997
2012-06-18,6.31084
2012-06-19,6.49483
2012-06-20,6.69355
2012-06-21,6.67226
2012-06-22,6.56376
2012-06-23,6.44754
2012-06-24,6.35049
2012-06-25,6.31747
2012-06-26,6.43286
2012-06-27,6.61571
2012-06-28,6.59006
2012-06-29,6.65878
2012-06-30,6.68043
2012-07-01,6.62686
2012-07-02,6.74348
2012-07-03,6.44999
2012-07-04,6.51484
2012-07-05,6.6424
2012-07-06,6.67218
2012-07-07,6.80827
2012-07-08,6.79632
2012-07-09,7.0324
2012-07-10,7.17858
2012-07-11,7.18515
2012-07-12,7.55594
2012-07-13,7.63092
2012-07-14,7.58013
2012-07-15,7.62723
2012-07-16,8.49341
2012-07-17,8.75198
2012-07-18,9.09519
2012-07-19,8.87953
2012-07-20,8.53245
2012-07-21,8.87565
2012-07-22,8.50656
2012-07-23,8.53121
2012-07-24,8.57459
2012-07-25,8.76935
2012-07-26,8.87577
2012-07-27,8.89146
2012-07-28,8.84256
2012-07-29,8.74768
2012-07-30,9.08832
2012-07-31,9.321
2012-08-01,9.56802
2012-08-02,10.551
2012-08-03,10.9159
2012-08-04,10.9197
2012-08-05,10.8051
2012-08-06,10.8694
2012-08-07,10.9413
2012-08-08,11.0704
2012-08-09,11.1037
2012-08-10,11.4476
2012-08-11,11.5425
2012-08-12,11.5926
2012-08-13,11.985
2012-08-14,12.1871
2012-08-15,13.1701
2012-08-16,13.4508
2012-08-17,12.077
2012-08-18,11.5775
2012-08-19,7.83062
2012-08-20,9.97988
2012-08-21,9.90298
2012-08-22,9.77255
2012-08-23,10.0887
2012-08-24,10.594
2012-08-25,10.5837
2012-08-26,10.5455
2012-08-27,10.9004
2012-08-28,10.933
2012-08-29,10.8678
2012-08-30,10.7277
2012-08-31,10.1024
2012-09-01,10.0065
2012-09-02,10.2261
2012-09-03,10.4971
2012-09-04,10.364
2012-09-05,11.0255
2012-09-06,11.1608
2012-09-07,11.0761
2012-09-08,11.0433
2012-09-09,11.0621
2012-09-10,11.1253
2012-09-11,11.2681
2012-09-12,11.3153
2012-09-13,11.3803
2012-09-14,11.7301
2012-09-15,11.7184
2012-09-16,11.8869
2012-09-17,11.9083
2012-09-18,12.2597
2012-09-19,12.5049
2012-09-20,12.3672
2012-09-21,12.3337
2012-09-22,12.2137
2012-09-23,12.1655
2012-09-24,12.1136
2012-09-25,12.1824
2012-09-26,12.3198
2012-09-27,12.3188
2012-09-28,12.3815
2012-09-29,12.4048
2012-09-30,12.3916
2012-10-01,12.3894
2012-10-02,12.8072
2012-10-03,12.9554
2012-10-04,12.8624
2012-10-05,12.7522
2012-10-06,12.5051
2012-10-07,11.874
2012-10-08,11.7333
2012-10-09,11.8287
2012-10-10,12.1092
2012-10-11,12.0676
2012-10-12,12.0281
2012-10-13,11.9268
2012-10-14,11.6506
2012-10-15,11.9083
2012-10-16,11.848
2012-10-17,11.9194
2012-10-18,11.9259
2012-10-19,11.7575
2012-10-20,11.6944
2012-10-21,11.6574
2012-10-22,11.7411
2012-10-23,11.7078
2012-10-24,11.6344
2012-10-25,10.7536
2012-10-26,10.1306
2012-10-27,10.4582
2012-10-28,10.71
2012-10-29,10.6307
2012-10-30,10.8593
2012-10-31,11.1461
2012-11-01,10.6135
2012-11-02,10.5305
2012-11-03,10.6507
2012-11-04,10.7969
2012-11-05,10.7408
2012-11-06,10.8682
2012-11-07,10.9541
2012-11-08,10.8927
2012-11-09,10.8159
2012-11-10,10.8633
2012-11-11,10.8418
2012-11-12,11.0313
2012-11-13,10.998
2012-11-14,10.959
2012-11-15,11.1751
2012-11-16,11.705
2012-11-17,11.75
2012-11-18,11.6656
2012-11-19,11.7505
2012-11-20,11.6992
2012-11-21,11.7291
2012-11-22,12.292
2012-11-23,12.2803
2012-11-24,12.4132
2012-11-25,12.5297
2012-11-26,12.1846
2012-11-27,12.1593
2012-11-28,12.3317
2012-11-29,12.4977
2012-11-30,12.5861
2012-12-01,12.5924
2012-12-02,12.4979
2012-12-03,12.657
2012-12-04,13.3696
2012-12-05,13.3128
2012-12-06,13.4779
2012-12-07,13.4773
2012-12-08,13.5
2012-12-09,13.3465
2012-12-10,13.4923
2012-12-11,13.6154
2012-12-12,13.6682
2012-12-13,13.7553
2012-12-14,13.6009
2012-12-15,13.5309
2012-12-16,13.3329
2012-12-17,13.3201
2012-12-18,13.272
2012-12-19,13.5385
2012-12-20,13.57
2012-12-21,13.429
2012-12-22,13.4272
2012-12-23,13.3181
2012-12-24,13.4267
2012-12-25,13.3656
2012-12-26,13.4547
2012-12-27,13.3993
2012-12-28,13.4555
2012-12-29,13.374
2012-12-30,13.445
2012-12-31,13.5456
2013-01-01,13.3314
2013-01-02,13.2806
2013-01-03,13.3841
2013-01-04,13.4517
2013-01-05,13.4594
2013-01-06,13.5045
2013-01-07,13.5561
2013-01-08,13.7804
2013-01-09,13.821
2013-01-10,14.1232
2013-01-11,14.2276
2013-01-12,14.2143
2013-01-13,14.1608
2013-01-14,14.318
2013-01-15,14.3136
2013-01-16,14.7078
2013-01-17,15.5986
2013-01-18,15.7158
2013-01-19,15.5881
2013-01-20,15.7196
2013-01-21,16.781
2013-01-22,17.3002
2013-01-23,17.5364
2013-01-24,16.9011
2013-01-25,17.4072
2013-01-26,17.5536
2013-01-27,17.8646
2013-01-28,18.7943
2013-01-29,19.5147
2013-01-30,19.7374
2013-01-31,20.5116
2013-02-01,20.4431
2013-02-02,19.6359
2013-02-03,20.5789
2013-02-04,20.4405
2013-02-05,20.6593
2013-02-06,21.2086
2013-02-07,22.1178
2013-02-08,22.7874
2013-02-09,23.7339
2013-02-10,23.9003
2013-02-11,24.4973
2013-02-12,24.9797
2013-02-13,24.6417
2013-02-14,27.2824
2013-02-15,27.1713
2013-02-16,27.3462
2013-02-17,26.9273
2013-02-18,26.9289
2013-02-19,29.4136
2013-02-20,29.8198
2013-02-21,29.8181
2013-02-22,30.4727
2013-02-23,29.8065
2013-02-24,29.8828
2013-02-25,30.352
2013-02-26,31.1555
2013-02-27,31.2403
2013-02-28,33.3753
2013-03-01,34.6063
2013-03-02,34.1435
2013-03-03,34.4517
2013-03-04,36.3763
2013-03-05,40.673
2013-03-06,43.285
2013-03-07,41.9474
2013-03-08,43.9029
2013-03-09,46.8886
2013-03-10,46.066
2013-03-11,48.2751
2013-03-12,44.4135
2013-03-13,47.0162
2013-03-14,46.9256
2013-03-15,46.9025
2013-03-16,47.157
2013-03-17,47.3335
2013-03-18,51.3654
2013-03-19,59.4986
2013-03-20,63.6875
2013-03-21,70.9175
2013-03-22,69.8461
2013-03-23,64.3831
2013-03-24,71.6904
2013-03-25,74.3141
2013-03-26,78.6142
2013-03-27,88.8521
2013-03-28,87.6732
2013-03-29,90.2957
2013-03-30,92.19
2013-03-31,93.8992
2013-04-01,103.58
2013-04-02,116.68
2013-04-03,131.385
2013-04-04,133.007
2013-04-05,142.626
2013-04-06,143.082
2013-04-07,162.852
2013-04-08,186.351
2013-04-09,230.683
2013-04-10,161.193
2013-04-11,82.9016
2013-04-12,111.476
2013-04-13,97.6091
2013-04-14,88.8615
2013-04-15,80.8747
2013-04-16,68.2831
2013-04-17,92.864
2013-04-18,108.628
2013-04-19,119.012
2013-04-20,128.208
2013-04-21,118.483
2013-04-22,126.314
2013-04-23,142.127
2013-04-24,154.133
2013-04-25,141.009
2013-04-26,137.21
2013-04-27,128.227
2013-04-28,134.624
2013-04-29,143.81
2013-04-30,139.13
2013-05-01,116.114
2013-05-02,106.341
2013-05-03,96.3168
2013-05-04,112.498
2013-05-05,116.489
2013-05-06,112.119
2013-05-07,111.609
2013-05-08,113.136
2013-05-09,111.975
2013-05-10,117.691
2013-05-11,115.5
2013-05-12,114.886
2013-05-13,117.404
2013-05-14,107.866
2013-05-15,108.987
2013-05-16,112.918
2013-05-17,117.285
2013-05-18,118.17
2013-05-19,117.034
2013-05-20,117.819
2013-05-21,117.252
2013-05-22,118.978
2013-05-23,123.726
2013-05-24,128.971
2013-05-25,128.845
2013-05-26,130.159
2013-05-27,126.393
2013-05-28,125.905
2013-05-29,129.565
2013-05-30,126.513
2013-05-31,127.816
2013-06-01,128.791
2013-06-02,122.627
2013-06-03,122.949
2013-06-04,120.19
2013-06-05,120.87
2013-06-06,119.054
2013-06-07,110.198
2013-06-08,109.179
2013-06-09,99.9036
2013-06-10,104.358
2013-06-11,107.508
2013-06-12,106.378
2013-06-13,101.324
2013-06-14,99.2132
2013-06-15,99.875
2013-06-16,99.0384
2013-06-17,100.126
2013-06-18,104.289
2013-06-19,104.417
2013-06-20,104.323
2013-06-21,101.417
2013-06-22,100.04
2013-06-23,100.315
2013-06-24,99.0457
2013-06-25,97.8328
2013-06-26,98.6517
2013-06-27,96.8039
2013-06-28,89.4245
2013-06-29,88.7973
2013-06-30,89.4809
2013-07-01,82.8676
2013-07-02,87.8165
2013-07-03,77.6913
2013-07-04,79.1349
2013-07-05,67.4476
2013-07-06,66.3417
2013-07-07,72.1095
2013-07-08,73.9886
2013-07-09,74.8919
2013-07-10,85.0137
2013-07-11,87.4975
2013-07-12,90.0467
2013-07-13,91.5926
2013-07-14,89.8923
2013-07-15,93.7962
2013-07-16,91.781
2013-07-17,91.0314
2013-07-18,84.9617
2013-07-19,86.2388
2013-07-20,84.9109
2013-07-21,85.6644
2013-07-22,85.649
2013-07-23,86.9771
2013-07-24,88.1517
2013-07-25,90.1661
2013-07-26,89.984
2013-07-27,88.1653
2013-07-28,92.7458
2013-07-29,93.2987
2013-07-30,96.6596
2013-07-31,98.0244
2013-08-01,96.568
2013-08-02,96.0745
2013-08-03,95.5067
2013-08-04,96.3655
2013-08-05,97.5271
2013-08-06,97.6712
2013-08-07,97.0542
2013-08-08,94.2573
2013-08-09,92.4728
2013-08-10,93.2936
2013-08-11,94.2713
2013-08-12,95.4465
2013-08-13,97.7591
2013-08-14,99.1213
2013-08-15,98.1063
2013-08-16,98.291
2013-08-17,99.6305
2013-08-18,99.178
2013-08-19,102.784
2013-08-20,104.5
2013-08-21,110.802
2013-08-22,109.523
2013-08-23,107.698
2013-08-24,108.883
2013-08-25,113.083
2013-08-26,112.118
2013-08-27,117.76
2013-08-28,118.317
2013-08-29,118.836
2013-08-30,124.885
2013-08-31,128.378
2013-09-01,130.536
2013-09-02,129.565
2013-09-03,129.183
2013-09-04,122.529
2013-09-05,122.37
2013-09-06,117.861
2013-09-07,119.815
2013-09-08,118.057
2013-09-09,121.259
2013-09-10,122.216
2013-09-11,127.088
2013-09-12,126.781
2013-09-13,127.408
2013-09-14,124.348
2013-09-15,125.076
2013-09-16,126.205
2013-09-17,126.897
2013-09-18,126.904
2013-09-19,124.181
2013-09-20,122.922
2013-09-21,123.508
2013-09-22,123.125
2013-09-23,122.866
2013-09-24,123.797
2013-09-25,123.614
2013-09-26,124.686
2013-09-27,126.605
2013-09-28,126.797
2013-09-29,127.109
2013-09-30,126.09
2013-10-01,127.575
2013-10-02,104.105
2013-10-03,117.575
2013-10-04,121.93
2013-10-05,121.393
2013-10-06,122.475
2013-10-07,123.907
2013-10-08,124.767
2013-10-09,125.934
2013-10-10,126.705
2013-10-11,127.255
2013-10-12,127.851
2013-10-13,132.416
2013-10-14,135.339
2013-10-15,141.494
2013-10-16,138.328
2013-10-17,143.747
2013-10-18,152.776
2013-10-19,165.773
2013-10-20,166.5
2013-10-21,179.911
2013-10-22,190.403
2013-10-23,204.6
2013-10-24,194.41
2013-10-25,185.644
2013-10-26,179.808
2013-10-27,194.546
2013-10-28,196.275
2013-10-29,204.428
2013-10-30,197.901
2013-10-31,203.284
2013-11-01,203.037
2013-11-02,204.793
2013-11-03,210.275
2013-11-04,228.791
2013-11-05,243.642
2013-11-06,263.21
2013-11-07,290.124
2013-11-08,333.751
2013-11-09,331.051
2013-11-10,327.559
2013-11-11,342.698
2013-11-12,354.645
2013-11-13,394.504
2013-11-14,416.706
2013-11-15,408.399
2013-11-16,435.798
2013-11-17,485.337
2013-11-18,657.779
2013-11-19,546.878
2013-11-20,595.339
2013-11-21,720.764
2013-11-22,802.917
2013-11-23,834.295
2013-11-24,807.167
2013-11-25,816.243
2013-11-26,916.097
2013-11-27,962.911
2013-11-28,1007.39
2013-11-29,1128.73
2013-11-30,1119.3
2013-12-01,964.486
2013-12-02,1040.81
2013-12-03,1053.62
2013-12-04,1134.93
2013-12-05,1027.41
2013-12-06,824.582
2013-12-07,703.748
2013-12-08,783.573
2013-12-09,896.079
2013-12-10,977.165
2013-12-11,875.464
2013-12-12,873.325
2013-12-13,879.156
2013-12-14,852.856
2013-12-15,864.062
2013-12-16,677.894
2013-12-17,682.627
2013-12-18,526.121
2013-12-19,685.525
2013-12-20,600.217
2013-12-21,597.034
2013-12-22,615.013
2013-12-23,657.927
2013-12-24,650.665
2013-12-25,678.29
2013-12-26,749.997
2013-12-27,722.571
2013-12-28,715.852
2013-12-29,727.271
2013-12-30,735.742
2013-12-31,729.558
2014-01-01,752.405
2014-01-02,784.955
2014-01-03,807.223
2014-01-04,828.602
2014-01-05,902.487
2014-01-06,914.46
2014-01-07,803.352
2014-01-08,820.69
2014-01-09,831.335
2014-01-10,853.299
2014-01-11,889.556
2014-01-12,845.191
2014-01-13,822.877
2014-01-14,815.294
2014-01-15,841.09
2014-01-16,815.855
2014-01-17,792.83
2014-01-18,809.784
2014-01-19,838.428
2014-01-20,828.885
2014-01-21,823.818
2014-01-22,818.976
2014-01-23,810.922
2014-01-24,781.043
2014-01-25,804.403
2014-01-26,814.499
2014-01-27,742.701
2014-01-28,790.176
2014-01-29,793.384
2014-01-30,799.474
2014-01-31,803.238
2014-02-01,813.22
2014-02-02,814.491
2014-02-03,806.997
2014-02-04,800.078
2014-02-05,784.474
2014-02-06,763.569
2014-02-07,711.571
2014-02-08,677.682
2014-02-09,687.406
2014-02-10,685.457
2014-02-11,671.9
2014-02-12,653.766
2014-02-13,612.918
2014-02-14,668.789
2014-02-15,654.377
2014-02-16,623.25
2014-02-17,631.335
2014-02-18,627.272
2014-02-19,623.54
2014-02-20,563.769
2014-02-21,580.324
2014-02-22,607.125
2014-02-23,610.082
2014-02-24,542.267
2014-02-25,533.708
2014-02-26,587.579
2014-02-27,585.394
2014-02-28,551.295
2014-03-01,567.534
2014-03-02,558.528
2014-03-03,676.506
2014-03-04,674.511
2014-03-05,670.339
2014-03-06,667.713
2014-03-07,631.77
2014-03-08,621.524
2014-03-09,640.579
2014-03-10,628.151
2014-03-11,633.734
2014-03-12,634.647
2014-03-13,643.432
2014-03-14,628.309
2014-03-15,636.219
2014-03-16,634.169
2014-03-17,622.76
2014-03-18,614.31
2014-03-19,610.511
2014-03-20,586.608
2014-03-21,569.695
2014-03-22,564.7
2014-03-23,558.959
2014-03-24,585.023
2014-03-25,583.771
2014-03-26,579.244
2014-03-27,483.164
2014-03-28,498.661
2014-03-29,489.517
2014-03-30,458.966
2014-03-31,455.355
2014-04-01,479.008
2014-04-02,439.011
2014-04-03,449.441
2014-04-04,449.72
2014-04-05,461.675
2014-04-06,458.633
2014-04-07,448.655
2014-04-08,452.803
2014-04-09,442.838
2014-04-10,366.912
2014-04-11,421.944
2014-04-12,424.274
2014-04-13,416.362
2014-04-14,461.108
2014-04-15,521.615
2014-04-16,531.482
2014-04-17,499.838
2014-04-18,483.02
2014-04-19,504.366
2014-04-20,501.557
2014-04-21,498.085
2014-04-22,489.504
2014-04-23,490.633
2014-04-24,503.292
2014-04-25,466.426
2014-04-26,459.227
2014-04-27,438.709
2014-04-28,441.548
2014-04-29,447.71
2014-04-30,448.876
2014-05-01,460.195
2014-05-02,452.24
2014-05-03,438.979
2014-05-04,436.675
2014-05-05,432.338
2014-05-06,430.128
2014-05-07,442.183
2014-05-08,440.403
2014-05-09,452.698
2014-05-10,456.756
2014-05-11,439.114
2014-05-12,441.281
2014-05-13,439.006
2014-05-14,444.848
2014-05-15,446.962
2014-05-16,448.742
2014-05-17,449.222
2014-05-18,446.963
2014-05-19,447.405
2014-05-20,490.336
2014-05-21,493.933
2014-05-22,526.814
2014-05-23,523.699
2014-05-24,527.691
2014-05-25,573.312
2014-05-26,584.848
2014-05-27,573.928
2014-05-28,579.189
2014-05-29,570.349
2014-05-30,620.846
2014-05-31,627.892
2014-06-01,630.075
2014-06-02,663.506
2014-06-03,672.388
2014-06-04,643.887
2014-06-05,661.504
2014-06-06,650.133
2014-06-07,656.8
2014-06-08,657.82
2014-06-09,648.336
2014-06-10,650.937
2014-06-11,631.489
2014-06-12,591.975
2014-06-13,597.045
2014-06-14,575.559
2014-06-15,589.725
2014-06-16,590.567
2014-06-17,609.08
2014-06-18,607.63
2014-06-19,595.751
2014-06-20,591.532
2014-06-21,592.764
2014-06-22,599.635
2014-06-23,589.552
2014-06-24,579.974
2014-06-25,562.237
2014-06-26,580.749
2014-06-27,600.638
2014-06-28,594.39
2014-06-29,600.841
2014-06-30,638.946
2014-07-01,642.957
2014-07-02,651.298
2014-07-03,646.413
2014-07-04,630.636
2014-07-05,630.468
2014-07-06,634.673
2014-07-07,622.855
2014-07-08,624.894
2014-07-09,621.939
2014-07-10,616.523
2014-07-11,634.494
2014-07-12,636.924
2014-07-13,629.876
2014-07-14,619.197
2014-07-15,621.935
2014-07-16,616.352
2014-07-17,624.259
2014-07-18,630.75
2014-07-19,629.173
2014-07-20,625.249
2014-07-21,621.305
2014-07-22,619.823
2014-07-23,619.773
2014-07-24,602.88
2014-07-25,601.579
2014-07-26,594.703
2014-07-27,591.575
2014-07-28,587.493
2014-07-29,584.112
2014-07-30,562.915
2014-07-31,581.976
2014-08-01,596.507
2014-08-02,589.757
2014-08-03,586.754
2014-08-04,587.608
2014-08-05,581.882
2014-08-06,582.248
2014-08-07,586.047
2014-08-08,589.024
2014-08-09,588.979
2014-08-10,589.374
2014-08-11,573.441
2014-08-12,568.308
2014-08-13,548.37
2014-08-14,505.107
2014-08-15,500.323
2014-08-16,521.748
2014-08-17,497.765
2014-08-18,468.958
2014-08-19,486.794
2014-08-20,515.12
2014-08-21,519.308
2014-08-22,516.159
2014-08-23,497.126
2014-08-24,508.431
2014-08-25,501.61
2014-08-26,511.852
2014-08-27,510.162
2014-08-28,506.285
2014-08-29,508.867
2014-08-30,501.276
2014-08-31,478.511
2014-09-01,474.541
2014-09-02,474.431
2014-09-03,473.959
2014-09-04,489.555
2014-09-05,478.75
2014-09-06,480.642
2014-09-07,478.366
2014-09-08,468.975
2014-09-09,473.512
2014-09-10,477.778
2014-09-11,477.271
2014-09-12,473.997
2014-09-13,477.961
2014-09-14,475.648
2014-09-15,472.656
2014-09-16,464.178
2014-09-17,456.34
2014-09-18,426.88
2014-09-19,393.894
2014-09-20,411.041
2014-09-21,400.405
2014-09-22,400.882
2014-09-23,438.492
2014-09-24,423.7
2014-09-25,409.538
2014-09-26,405.298
2014-09-27,400.599
2014-09-28,375.55
2014-09-29,373.065
2014-09-30,389.264
2014-10-01,382.909
2014-10-02,372.526
2014-10-03,357.666
2014-10-04,328.826
2014-10-05,322.826
2014-10-06,326.804
2014-10-07,333.57
2014-10-08,354.407
2014-10-09,361.716
2014-10-10,358.89
2014-10-11,361.908
2014-10-12,377.871
2014-10-13,391.994
2014-10-14,400.881
2014-10-15,394.626
2014-10-16,382.321
2014-10-17,382.201
2014-10-18,391.293
2014-10-19,388.684
2014-10-20,381.191
2014-10-21,385.205
2014-10-22,380.779
2014-10-23,357.345
2014-10-24,357.488
2014-10-25,345.811
2014-10-26,353.082
2014-10-27,350.016
2014-10-28,354.654
2014-10-29,333.599
2014-10-30,344.609
2014-10-31,337.183
2014-11-01,324.371
2014-11-02,324.249
2014-11-03,325.362
2014-11-04,329.658
2014-11-05,338.806
2014-11-06,349.69
2014-11-07,342.133
2014-11-08,345.716
2014-11-09,363.61
2014-11-10,365.502
2014-11-11,367.825
2014-11-12,422.591
2014-11-13,421.914
2014-11-14,398.389
2014-11-15,377.994
2014-11-16,390.206
2014-11-17,387.501
2014-11-18,373.865
2014-11-19,377.613
2014-11-20,356.181
2014-11-21,350.749
2014-11-22,352.456
2014-11-23,367.773
2014-11-24,376.994
2014-11-25,376.756
2014-11-26,367.53
2014-11-27,369.53
2014-11-28,377.897
2014-11-29,376.076
2014-11-30,378.69
2014-12-01,379.112
2014-12-02,382.947
2014-12-03,375.916
2014-12-04,368.846
2014-12-05,378.428
2014-12-06,375.138
2014-12-07,376.64
2014-12-08,363.216
2014-12-09,351.107
2014-12-10,347.881
2014-12-11,348.593
2014-12-12,353.191
2014-12-13,349.243
2014-12-14,356.08
2014-12-15,347.095
2014-12-16,328.613
2014-12-17,320.298
2014-12-18,313.512
2014-12-19,318.243
2014-12-20,330.066
2014-12-21,320.993
2014-12-22,331.843
2014-12-23,336.084
2014-12-24,323.032
2014-12-25,318.996
2014-12-26,329.21
2014-12-27,315.968
2014-12-28,317.01
2014-12-29,313.066
2014-12-30,310.442
2014-12-31,320.662
2015-01-01,314.776
2015-01-02,315.943
2015-01-03,285.647
2015-01-04,263.335
2015-01-05,275.004
2015-01-06,287.55
2015-01-07,297.536
2015-01-08,284.342
2015-01-09,292.501
2015-01-10,276.231
2015-01-11,268.756
2015-01-12,268.617
2015-01-13,224.108
2015-01-14,175.638
2015-01-15,212.341
2015-01-16,207.595
2015-01-17,199.825
2015-01-18,211.133
2015-01-19,216.895
2015-01-20,211.92
2015-01-21,227.904
2015-01-22,233.647
2015-01-23,233.133
2015-01-24,249.082
2015-01-25,254.518
2015-01-26,273.952
2015-01-27,264.754
2015-01-28,235.736
2015-01-29,233.957
2015-01-30,228.896
2015-01-31,217.332
2015-02-01,227.111
2015-02-02,240.092
2015-02-03,227.776
2015-02-04,226.781
2015-02-05,217.011
2015-02-06,222.725
2015-02-07,228.647
2015-02-08,224.036
2015-02-09,220.768
2015-02-10,220.888
2015-02-11,219.496
2015-02-12,222.583
2015-02-13,236.555
2015-02-14,257.628
2015-02-15,234.446
2015-02-16,235.086
2015-02-17,243.906
2015-02-18,235.995
2015-02-19,241.872
2015-02-20,245.531
2015-02-21,245.596
2015-02-22,236.691
2015-02-23,239.066
2015-02-24,239.869
2015-02-25,238.236
2015-02-26,237.044
2015-02-27,255.117
2015-02-28,254.948
2015-03-01,260.651
2015-03-02,276.323
2015-03-03,282.706
2015-03-04,273.448
2015-03-05,276.269
2015-03-06,273.318
2015-03-07,276.403
2015-03-08,275.338
2015-03-09,290.13
2015-03-10,292.32
2015-03-11,296.693
2015-03-12,295.8
2015-03-13,285.911
2015-03-14,283.608
2015-03-15,287.27
2015-03-16,291.392
2015-03-17,285.248
2015-03-18,257.286
2015-03-19,262.093
2015-03-20,262.966
2015-03-21,261.184
2015-03-22,268.899
2015-03-23,266.778
2015-03-24,246.835
2015-03-25,246.719
2015-03-26,249.533
2015-03-27,247.379
2015-03-28,253.232
2015-03-29,242.968
2015-03-30,248.337
2015-03-31,244.712
2015-04-01,247.186
2015-04-02,253.63
2015-04-03,254.833
2015-04-04,253.946
2015-04-05,261.112
2015-04-06,256.367
2015-04-07,254.832
2015-04-08,245.825
2015-04-09,243.861
2015-04-10,235.872
2015-04-11,237.409
2015-04-12,237.141
2015-04-13,225.506
2015-04-14,219.757
2015-04-15,223.314
2015-04-16,228.494
2015-04-17,222.785
2015-04-18,223.398
2015-04-19,223.284
2015-04-20,224.895
2015-04-21,234.939
2015-04-22,233.822
2015-04-23,235.933
2015-04-24,231.459
2015-04-25,226.446
2015-04-26,220.503
2015-04-27,227.326
2015-04-28,225.549
2015-04-29,225.669
2015-04-30,236.328
2015-05-01,232.747
2015-05-02,235.54
2015-05-03,240.464
2015-05-04,238.977
2015-05-05,236.023
2015-05-06,229.481
2015-05-07,237.131
2015-05-08,244.383
2015-05-09,242.706
2015-05-10,240.731
2015-05-11,242.25
2015-05-12,242.209
2015-05-13,236.55
2015-05-14,236.949
2015-05-15,237.485
2015-05-16,235.812
2015-05-17,236.964
2015-05-18,232.884
2015-05-19,231.974
2015-05-20,234.19
2015-05-21,235.554
2015-05-22,240.323
2015-05-23,238.963
2015-05-24,240.712
2015-05-25,237.004
2015-05-26,236.796
2015-05-27,237.204
2015-05-28,236.957
2015-05-29,236.647
2015-05-30,232.789
2015-05-31,229.451
2015-06-01,223.283
2015-06-02,225.321
2015-06-03,225.213
2015-06-04,223.54
2015-06-05,224.731
2015-06-06,225.161
2015-06-07,223.412
2015-06-08,228.774
2015-06-09,229.371
2015-06-10,228.588
2015-06-11,229.584
2015-06-12,229.811
2015-06-13,233.015
2015-06-14,232.507
2015-06-15,236.791
2015-06-16,251.433
2015-06-17,247.969
2015-06-18,249.012
2015-06-19,244.803
2015-06-20,245.583
2015-06-21,244.3
2015-06-22,247.018
2015-06-23,244.185
2015-06-24,240.452
2015-06-25,242.348
2015-06-26,242.968
2015-06-27,251.529
2015-06-28,249.058
2015-06-29,256.65
2015-06-30,263.854
2015-07-01,258.043
2015-07-02,254.747
2015-07-03,256.087
2015-07-04,260.509
2015-07-05,271.302
2015-07-06,269.138
2015-07-07,266.47
2015-07-08,270.576
2015-07-09,269.68
2015-07-10,285.559
2015-07-11,293.917
2015-07-12,311.482
2015-07-13,292.649
2015-07-14,287.741
2015-07-15,285.923
2015-07-16,278.533
2015-07-17,280.065
2015-07-18,277.355
2015-07-19,275.282
2015-07-20,279.114
2015-07-21,276.652
2015-07-22,277.764
2015-07-23,276.812
2015-07-24,289.306
2015-07-25,289.508
2015-07-26,293.315
2015-07-27,294.427
2015-07-28,295.41
2015-07-29,289.856
2015-07-30,288.236
2015-07-31,284.597
2015-08-01,281.669
2015-08-02,282.423
2015-08-03,282.185
2015-08-04,285.287
2015-08-05,282.339
2015-08-06,278.996
2015-08-07,279.489
2015-08-08,261.45
2015-08-09,266.342
2015-08-10,264.929
2015-08-11,271.422
2015-08-12,268.144
2015-08-13,264.692
2015-08-14,266.356
2015-08-15,261.937
2015-08-16,258.931
2015-08-17,258.009
2015-08-18,217.886
2015-08-19,227.218
2015-08-20,235.524
2015-08-21,232.801
2015-08-22,230.639
2015-08-23,228.673
2015-08-24,211.956
2015-08-25,222.655
2015-08-26,226.117
2015-08-27,224.94
2015-08-28,232.171
2015-08-29,229.826
2015-08-30,229.02
2015-08-31,230.689
2015-09-01,227.956
2015-09-02,229.502
2015-09-03,227.107
2015-09-04,231.178
2015-09-05,235.903
2015-09-06,240.805
2015-09-07,240.634
2015-09-08,244.175
2015-09-09,238.722
2015-09-10,238.75
2015-09-11,240.845
2015-09-12,236.352
2015-09-13,230.549
2015-09-14,230.949
2015-09-15,230.399
2015-09-16,229.043
2015-09-17,233.203
2015-09-18,233.175
2015-09-19,232.242
2015-09-20,231.362
2015-09-21,226.773
2015-09-22,230.626
2015-09-23,230.132
2015-09-24,234.32
2015-09-25,235.538
2015-09-26,234.592
2015-09-27,233.243
2015-09-28,240.017
2015-09-29,237.336
2015-09-30,236.74
2015-10-01,238.23
2015-10-02,237.937
2015-10-03,239.736
2015-10-04,239.517
2015-10-05,240.961
2015-10-06,246.94
2015-10-07,243.734
2015-10-08,243.03
2015-10-09,244.449
2015-10-10,245.956
2015-10-11,248.528
2015-10-12,246.094
2015-10-13,250.471
2015-10-14,253.142
2015-10-15,254.693
2015-10-16,262.737
2015-10-17,271.931
2015-10-18,263.482
2015-10-19,264.363
2015-10-20,270.832
2015-10-21,268.04
2015-10-22,275.415
2015-10-23,278.613
2015-10-24,283.611
2015-10-25,286.05
2015-10-26,286.703
2015-10-27,295.563
2015-10-28,304.442
2015-10-29,314.879
2015-10-30,328.492
2015-10-31,314.12
2015-11-01,329.854
2015-11-02,364.617
2015-11-03,400.923
2015-11-04,405.482
2015-11-05,384.341
2015-11-06,372.975
2015-11-07,386.505
2015-11-08,372.4
2015-11-09,380.496
2015-11-10,337.831
2015-11-11,308.922
2015-11-12,337.523
2015-11-13,337.279
2015-11-14,333.047
2015-11-15,319.928
2015-11-16,331.133
2015-11-17,335.85
2015-11-18,335.745
2015-11-19,326.232
2015-11-20,321.94
2015-11-21,325.905
2015-11-22,323.717
2015-11-23,323.013
2015-11-24,319.961
2015-11-25,328.96
2015-11-26,356.255
2015-11-27,359.269
2015-11-28,356.567
2015-11-29,371.708
2015-11-30,377.39
2015-12-01,362.532
2015-12-02,359.222
2015-12-03,361.21
2015-12-04,363.242
2015-12-05,389.363
2015-12-06,393.319
2015-12-07,395.347
2015-12-08,413.799
2015-12-09,417.633
2015-12-10,415.73
2015-12-11,453.861
2015-12-12,435.856
2015-12-13,434.403
2015-12-14,442.992
2015-12-15,464.618
2015-12-16,454.142
2015-12-17,456.24
2015-12-18,463.176
2015-12-19,461.4
2015-12-20,442.154
2015-12-21,437.64
2015-12-22,435.268
2015-12-23,442.666
2015-12-24,455.879
2015-12-25,455.719
2015-12-26,418.222
2015-12-27,422.706
2015-12-28,421.053
2015-12-29,431.34
2015-12-30,426.044
2015-12-31,429.677
2016-01-01,434.678
2016-01-02,434.44
2016-01-03,430.136
2016-01-04,433.449
2016-01-05,432.67
2016-01-06,430.678
2016-01-07,459.209
2016-01-08,454.134
2016-01-09,449.845
2016-01-10,448.58
2016-01-11,449.033
2016-01-12,441.768
2016-01-13,432.311
2016-01-14,429.823
2016-01-15,367.823
2016-01-16,388.071
2016-01-17,382.482
2016-01-18,384.865
2016-01-19,378.162
2016-01-20,420.623
2016-01-21,409.298
2016-01-22,381.046
2016-01-23,386.371
2016-01-24,403.447
2016-01-25,391.986
2016-01-26,391.143
2016-01-27,394.628
2016-01-28,378.901
2016-01-29,379
2016-01-30,377.263
2016-01-31,366.342
2016-02-01,371.223
2016-02-02,372.928
2016-02-03,368.098
2016-02-04,389.723
2016-02-05,384.398
2016-02-06,374.632
2016-02-07,375.154
2016-02-08,370.814
2016-02-09,373.512
2016-02-10,379.083
2016-02-11,377.639
2016-02-12,382.294
2016-02-13,389.598
2016-02-14,406.151
2016-02-15,399.268
2016-02-16,407.035
2016-02-17,415.324
2016-02-18,421.29
2016-02-19,419.627
2016-02-20,440.196
2016-02-21,438.719
2016-02-22,437.535
2016-02-23,420.033
2016-02-24,423.995
2016-02-25,424.091
2016-02-26,431.762
2016-02-27,432.948
2016-02-28,433.102
2016-02-29,437.776
2016-03-01,432.808
2016-03-02,423.08
2016-03-03,419.269
2016-03-04,407.99
2016-03-05,397.314
2016-03-06,403.705
2016-03-07,413.229
2016-03-08,411.426
2016-03-09,412.541
2016-03-10,416.341
2016-03-11,419.512
2016-03-12,410.264
2016-03-13,411.806
2016-03-14,415.027
2016-03-15,415.266
2016-03-16,417.024
2016-03-17,418.605
2016-03-18,408.902
2016-03-19,409.124
2016-03-20,412.057
2016-03-21,411.602
2016-03-22,416.582
2016-03-23,417.378
2016-03-24,413.56
2016-03-25,416.373
2016-03-26,416.823
2016-03-27,425.455
2016-03-28,422.917
2016-03-29,415.864
2016-03-30,412.778
2016-03-31,415.957
2016-04-01,417.201
2016-04-02,419.763
2016-04-03,420.074
2016-04-04,419.541
2016-04-05,422.501
2016-04-06,421.907
2016-04-07,421.467
2016-04-08,418.643
2016-04-09,418.759
2016-04-10,421.954
2016-04-11,423.273
2016-04-12,427.428
2016-04-13,424.873
2016-04-14,425.857
2016-04-15,430.724
2016-04-16,432.216
2016-04-17,429.34
2016-04-18,429.657
2016-04-19,437.569
2016-04-20,442.662
2016-04-21,452.165
2016-04-22,448.134
2016-04-23,453.915
2016-04-24,463.383
2016-04-25,465.316
2016-04-26,469.609
2016-04-27,445.741
2016-04-28,451.06
2016-04-29,457.01
2016-04-30,449.9
2016-05-01,455.011
2016-05-02,444.933
2016-05-03,451.629
2016-05-04,448.368
2016-05-05,449.336
2016-05-06,461.694
2016-05-07,461.362
2016-05-08,461.379
2016-05-09,463.462
2016-05-10,451.08
2016-05-11,453.896
2016-05-12,455.607
2016-05-13,457.242
2016-05-14,458.12
2016-05-15,460.858
2016-05-16,455.224
2016-05-17,453.546
2016-05-18,454.486
2016-05-19,437.724
2016-05-20,442.397
2016-05-21,444.078
2016-05-22,440.559
2016-05-23,444.205
2016-05-24,445.674
2016-05-25,450.55
2016-05-26,454.434
2016-05-27,471.82
2016-05-28,530.911
2016-05-29,527.55
2016-05-30,533.493
2016-05-31,530.944
2016-06-01,537.614
2016-06-02,538.771
2016-06-03,570.176
2016-06-04,574.266
2016-06-05,575.138
2016-06-06,585.857
2016-06-07,578.469
2016-06-08,583.098
2016-06-09,577.102
2016-06-10,579.815
2016-06-11,605.45
2016-06-12,670.392
2016-06-13,704.322
2016-06-14,684.948
2016-06-15,695.001
2016-06-16,767.42
2016-06-17,750.015
2016-06-18,758.289
2016-06-19,766.767
2016-06-20,722.497
2016-06-21,669.604
2016-06-22,594.833
2016-06-23,627.678
2016-06-24,664.127
2016-06-25,668.873
2016-06-26,630.434
2016-06-27,652.245
2016-06-28,647.219
2016-06-29,638.586
2016-06-30,674.285
2016-07-01,677.512
2016-07-02,702.739
2016-07-03,662.55
2016-07-04,679.842
2016-07-05,668.166
2016-07-06,677.651
2016-07-07,640.053
2016-07-08,665.052
2016-07-09,651.942
2016-07-10,649.959
2016-07-11,650.273
2016-07-12,670.023
2016-07-13,658.334
2016-07-14,660.906
2016-07-15,666.759
2016-07-16,665.276
2016-07-17,681.09
2016-07-18,675.119
2016-07-19,674.66
2016-07-20,667.305
2016-07-21,666.852
2016-07-22,650.563
2016-07-23,657.378
2016-07-24,661.394
2016-07-25,655.12
2016-07-26,654.626
2016-07-27,656.275
2016-07-28,656.196
2016-07-29,657.558
2016-07-30,655.362
2016-07-31,624.804
2016-08-01,606.509
2016-08-02,526.981
2016-08-03,570.347
2016-08-04,583.542
2016-08-05,581.28
2016-08-06,590.795
2016-08-07,594.732
2016-08-08,591.629
2016-08-09,587.932
2016-08-10,589.969
2016-08-11,589.586
2016-08-12,587.192
2016-08-13,585.364
2016-08-14,571.387
2016-08-15,566.564
2016-08-16,578.415
2016-08-17,573.664
2016-08-18,573.263
2016-08-19,573.958
2016-08-20,581.797
2016-08-21,580.792
2016-08-22,584.972
2016-08-23,582.628
2016-08-24,578.702
2016-08-25,576.033
2016-08-26,578.875
2016-08-27,570.201
2016-08-28,575.105
2016-08-29,573.429
2016-08-30,575.696
2016-08-31,572.273
2016-09-01,572.222
2016-09-02,576.847
2016-09-03,600.374
2016-09-04,610.539
2016-09-05,607.527
2016-09-06,612.995
2016-09-07,615.66
2016-09-08,630.55
2016-09-09,622.978
2016-09-10,624.753
2016-09-11,608.247
2016-09-12,607.707
2016-09-13,608.694
2016-09-14,609.413
2016-09-15,607.07
2016-09-16,607.806
2016-09-17,607.381
2016-09-18,611.533
2016-09-19,608.871
2016-09-20,608.372
2016-09-21,596.946
2016-09-22,595.565
2016-09-23,602.379
2016-09-24,602.687
2016-09-25,600.61
2016-09-26,606.779
2016-09-27,605.152
2016-09-28,604.686
2016-09-29,605.203
2016-09-30,608.866
2016-10-01,615.408
2016-10-02,611.749
2016-10-03,612.59
2016-10-04,610.008
2016-10-05,612.148
2016-10-06,611.761
2016-10-07,617.906
2016-10-08,619.301
2016-10-09,617.101
2016-10-10,618.085
2016-10-11,642.981
2016-10-12,636.598
2016-10-13,635.444
2016-10-14,639.586
2016-10-15,637.284
2016-10-16,642.913
2016-10-17,639.138
2016-10-18,635.577
2016-10-19,629.641
2016-10-20,628.599
2016-10-21,630.906
2016-10-22,654.509
2016-10-23,651.962
2016-10-24,650.027
2016-10-25,655.793
2016-10-26,675.11
2016-10-27,686.523
2016-10-28,690.391
2016-10-29,715.445
2016-10-30,699.333
2016-10-31,698.898
2016-11-01,730.578
2016-11-02,740.367
2016-11-03,689.939
2016-11-04,705.432
2016-11-05,706.819
2016-11-06,715.897
2016-11-07,706.181
2016-11-08,711.836
2016-11-09,721.502
2016-11-10,713.408
2016-11-11,715.703
2016-11-12,703.848
2016-11-13,703.626
2016-11-14,705.644
2016-11-15,712.347
2016-11-16,742.05
2016-11-17,735.318
2016-11-18,749.579
2016-11-19,751.214
2016-11-20,730.351
2016-11-21,736.507
2016-11-22,747.998
2016-11-23,741.24
2016-11-24,737.355
2016-11-25,739.685
2016-11-26,734.653
2016-11-27,727.741
2016-11-28,730.082
2016-11-29,731.646
2016-11-30,742.204
2016-12-01,753.675
2016-12-02,772.302
2016-12-03,766.11
2016-12-04,766.38
2016-12-05,752.671
2016-12-06,759.117
2016-12-07,764.988
2016-12-08,767.659
2016-12-09,771.902
2016-12-10,775.475
2016-12-11,770.496
2016-12-12,778.507
2016-12-13,778.931
2016-12-14,776.964
2016-12-15,776.177
2016-12-16,782.23
2016-12-17,789.603
2016-12-18,790.633
2016-12-19,790.279
2016-12-20,799.778
2016-12-21,828.484
2016-12-22,858.501
2016-12-23,915.562
2016-12-24,891.155
2016-12-25,896.003
2016-12-26,903.201
2016-12-27,925.951
2016-12-28,979.961
2016-12-29,973.463
2016-12-30,961.183
2016-12-31,968.971
2017-01-01,997.257
2017-01-02,1017.08
2017-01-03,1032.61
2017-01-04,1134.5
2017-01-05,1000.5
2017-01-06,892.464
2017-01-07,903.453
2017-01-08,912.485
2017-01-09,903.509
2017-01-10,906.499
2017-01-11,788.315
2017-01-12,807.11
2017-01-13,826.747
2017-01-14,820.045
2017-01-15,824.547
2017-01-16,830.838
2017-01-17,906.027
2017-01-18,881.26
2017-01-19,902.264
2017-01-20,895.175
2017-01-21,924.468
2017-01-22,922.467
2017-01-23,919.116
2017-01-24,887.743
2017-01-25,895.69
2017-01-26,916.667
2017-01-27,920.454
2017-01-28,922.775
2017-01-29,915.632
2017-01-30,920.313
2017-01-31,968.499
2017-02-01,987.533
2017-02-02,1007.7
2017-02-03,1015.3
2017-02-04,1033.79
2017-02-05,1014.57
2017-02-06,1023.32
2017-02-07,1053.62
2017-02-08,1052.37
2017-02-09,982.752
2017-02-10,996.65
2017-02-11,1011.38
2017-02-12,1006.3
2017-02-13,999.953
2017-02-14,1012.21
2017-02-15,1013.9
2017-02-16,1036.81
2017-02-17,1058.67
2017-02-18,1060.67
2017-02-19,1058.79
2017-02-20,1088.69
2017-02-21,1128.86
2017-02-22,1129.7
2017-02-23,1188.86
2017-02-24,1185.49
2017-02-25,1151.6
2017-02-26,1181.71
2017-02-27,1194.15
2017-02-28,1188.4
2017-03-01,1228.46
2017-03-02,1262.93
2017-03-03,1289.36
2017-03-04,1268.94
2017-03-05,1276.27
2017-03-06,1282.25
2017-03-07,1234.48
2017-03-08,1152.14
2017-03-09,1193.46
2017-03-10,1098.53
2017-03-11,1176.82
2017-03-12,1231.75
2017-03-13,1239.4
2017-03-14,1246.54
2017-03-15,1258.65
2017-03-16,1178.02
2017-03-17,1072.08
2017-03-18,962.569
2017-03-19,1020.22
2017-03-20,1037.76
2017-03-21,1111.82
2017-03-22,1037.3
2017-03-23,1028.17
2017-03-24,935.063
2017-03-25,968.543
2017-03-26,962.958
2017-03-27,1042.92
2017-03-28,1045.16
2017-03-29,1039.69
2017-03-30,1037.99
2017-03-31,1081.74
2017-04-01,1089.52
2017-04-02,1105.56
2017-04-03,1144.66
2017-04-04,1141.92
2017-04-05,1135.81
2017-04-06,1194.6
2017-04-07,1191.73
2017-04-08,1184.42
2017-04-09,1213.63
2017-04-10,1211.65
2017-04-11,1229.78
2017-04-12,1216.11
2017-04-13,1172.56
2017-04-14,1174.33
2017-04-15,1175.56
2017-04-16,1173.69
2017-04-17,1191.9
2017-04-18,1202.13
2017-04-19,1209.56
2017-04-20,1235.8
2017-04-21,1247.34
2017-04-22,1243.55
2017-04-23,1250
2017-04-24,1257.24
2017-04-25,1279.86
2017-04-26,1296.49
2017-04-27,1345.89
2017-04-28,1347.99
2017-04-29,1357.72
2017-04-30,1381.96
2017-05-01,1436.94
2017-05-02,1463.82
2017-05-03,1519.41
2017-05-04,1539.83
2017-05-05,1529.85
2017-05-06,1573.29
2017-05-07,1526.27
2017-05-08,1685.09
2017-05-09,1719.23
2017-05-10,1782.5
2017-05-11,1835.49
2017-05-12,1704.66
2017-05-13,1779.84
2017-05-14,1794.59
2017-05-15,1736.88
2017-05-16,1757.03
2017-05-17,1808.75
2017-05-18,1894.25
2017-05-19,1967.55
2017-05-20,2048.12
2017-05-21,2045.22
2017-05-22,2078.94
2017-05-23,2257.29
2017-05-24,2415.01
2017-05-25,2319.6
2017-05-26,2279.42
2017-05-27,2044.3
2017-05-28,2225.7
2017-05-29,2284.72
2017-05-30,2167.26
2017-05-31,2299.43
2017-06-01,2399.89
2017-06-02,2479.42
2017-06-03,2549.55
2017-06-04,2524.99
2017-06-05,2685.32
2017-06-06,2871.34
2017-06-07,2706.76
2017-06-08,2802.56
2017-06-09,2804.87
2017-06-10,2916.33
2017-06-11,2974.21
2017-06-12,2665.43
2017-06-13,2707.14
2017-06-14,2443.82
2017-06-15,2409.89
2017-06-16,2476.36
2017-06-17,2652.76
2017-06-18,2508.21
2017-06-19,2589.64
2017-06-20,2733.23
2017-06-21,2639.26
2017-06-22,2686.65
2017-06-23,2685.87
2017-06-24,2562.19
2017-06-25,2497.73
2017-06-26,2426.37
2017-06-27,2530.35
2017-06-28,2562.79
2017-06-29,2540.44
2017-06-30,2452.71
2017-07-01,2412.37
2017-07-02,2518.87
2017-07-03,2551.93
2017-07-04,2599.74
2017-07-05,2608.1
2017-07-06,2603.2
2017-07-07,2495.78
2017-07-08,2553.49
2017-07-09,2506.17
2017-07-10,2319.37
2017-07-11,2319.17
2017-07-12,2374.89
2017-07-13,2343.74
2017-07-14,2214.83
2017-07-15,1989.63
2017-07-16,1910.75
2017-07-17,2215.75
2017-07-18,2303.76
2017-07-19,2257.07
2017-07-20,2823.9
2017-07-21,2666.14
2017-07-22,2829.75
2017-07-23,2753.24
2017-07-24,2755.16
2017-07-25,2558.69
2017-07-26,2522.32
2017-07-27,2665.15
2017-07-28,2793.83
2017-07-29,2706.45
2017-07-30,2749.38
2017-07-31,2862.61
2017-08-01,2727.39
2017-08-02,2690.15
2017-08-03,2789.75
2017-08-04,2860.27
2017-08-05,3237.42
2017-08-06,3230.12
2017-08-07,3392.56
2017-08-08,3425.68
2017-08-09,3347.22
2017-08-10,3437.03
2017-08-11,3660.52
2017-08-12,3871.08
2017-08-13,4063.8
2017-08-14,4304.6
2017-08-15,4160.03
2017-08-16,4364.68
2017-08-17,4308.52
2017-08-18,4108.51
2017-08-19,4160.33
2017-08-20,4085.81
2017-08-21,3992.63
2017-08-22,4074.33
2017-08-23,4146.92
2017-08-24,4325.82
2017-08-25,4353.13
2017-08-26,4341.98
2017-08-27,4344.9
2017-08-28,4379.76
2017-08-29,4600.46
2017-08-30,4586.63
2017-08-31,4740.36
2017-09-01,4918.17
2017-09-02,4595.02
2017-09-03,4625.3
2017-09-04,4374.75
2017-09-05,4454.05
2017-09-06,4607.52
2017-09-07,4635.11
2017-09-08,4345.46
2017-09-09,4335.59
2017-09-10,4261.84
2017-09-11,4212.55
2017-09-12,4164.32
2017-09-13,3887.12
2017-09-14,3247.47
2017-09-15,3699.22
2017-09-16,3711.23
2017-09-17,3711.86
2017-09-18,4080.43
2017-09-19,3925.74
2017-09-20,3895.78
2017-09-21,3617.24
2017-09-22,3619.21
2017-09-23,3775.6
2017-09-24,3676.9
2017-09-25,3918.74
2017-09-26,3890.09
2017-09-27,4207.79
2017-09-28,4187.77
2017-09-29,4155.01
2017-09-30,4334.54
2017-10-01,4382.09
2017-10-02,4386.88
2017-10-03,4306.56
2017-10-04,4216.68
2017-10-05,4319.42
2017-10-06,4365.92
2017-10-07,4438.86
2017-10-08,4600.74
2017-10-09,4777.53
2017-10-10,4741.08
2017-10-11,4814.97
2017-10-12,5393.67
2017-10-13,5614.08
2017-10-14,5785.74
2017-10-15,5689.87
2017-10-16,5756.15
2017-10-17,5590.42
2017-10-18,5583.87
2017-10-19,5708.31
2017-10-20,6000.88
2017-10-21,6030.21
2017-10-22,5996.6
2017-10-23,5888.25
2017-10-24,5517.78
2017-10-25,5736.02
2017-10-26,5900.32
2017-10-27,5771.95
2017-10-28,5762.39
2017-10-29,6174.73
2017-10-30,6119.26
2017-10-31,6428.51
2017-11-01,6726.41
2017-11-02,7043.78
2017-11-03,7198.63
2017-11-04,7420.5
2017-11-05,7371.14
2017-11-06,6985.26
2017-11-07,7118.2
2017-11-08,7451.21
2017-11-09,7117.74
2017-11-10,6620.57
2017-11-11,6346.72
2017-11-12,5829.1
2017-11-13,6519.45
2017-11-14,6592.37
2017-11-15,7257.37
2017-11-16,7833.7
2017-11-17,7729.03
2017-11-18,7796.15
2017-11-19,8018.32
2017-11-20,8269.87
2017-11-21,8092
2017-11-22,8249.6
2017-11-23,8071.67
2017-11-24,8232.42
2017-11-25,8760.17
2017-11-26,9319.9
2017-11-27,9730.73
2017-11-28,9932.19
2017-11-29,9800.03
2017-11-30,9996.71
2017-12-01,10809
2017-12-02,10934.9
2017-12-03,11213.9
2017-12-04,11562.1
2017-12-05,11736.8
2017-12-06,13992.1
2017-12-07,17032.3
2017-12-08,16298.5
2017-12-09,15050
2017-12-10,15475
2017-12-11,16873.5
2017-12-12,17433.9
2017-12-13,16515.2
2017-12-14,16602.9
2017-12-15,17702
2017-12-16,19640.5
2017-12-17,19250.5
2017-12-18,18982
2017-12-19,17653.3
2017-12-20,16453.6
2017-12-21,15633.8
2017-12-22,14305.7
2017-12-23,14910.9
2017-12-24,14026.3
2017-12-25,14080.9
2017-12-26,15727.1
2017-12-27,15389
2017-12-28,14289.5
2017-12-29,14571.7
2017-12-30,12948.7
2017-12-31,13921.5
2018-01-01,13464.7
2018-01-02,14754.3
2018-01-03,15010.3
2018-01-04,15070.3
2018-01-05,16997.2
2018-01-06,17103.6
2018-01-07,16231.7
2018-01-08,14937.4
2018-01-09,14378.6
2018-01-10,14669.1
2018-01-11,13186.8
2018-01-12,13789.4
2018-01-13,14231.2
2018-01-14,13681.1
2018-01-15,13591.7
2018-01-16,11431
2018-01-17,11159.6
2018-01-18,11246
2018-01-19,11440.3
2018-01-20,12768.4
2018-01-21,11422.4
2018-01-22,10737.4
2018-01-23,10849.4
2018-01-24,11225.9
2018-01-25,11130.5
2018-01-26,11035.6
2018-01-27,11321
2018-01-28,11616
2018-01-29,11132.6
2018-01-30,9959.55
2018-01-31,10050.1
2018-02-01,9039.87
2018-02-02,8786.08
2018-02-03,9132.1
2018-02-04,8250.53
2018-02-05,6849.54
2018-02-06,7738.64
2018-02-07,7624.6
2018-02-08,8218.58
2018-02-09,8660.45
2018-02-10,8530.29
2018-02-11,8096.73
2018-02-12,8907.67
2018-02-13,8523.97
2018-02-14,9467.3
2018-02-15,10106.7
2018-02-16,10189.3
2018-02-17,11085.6
2018-02-18,10452.1
2018-02-19,11139.4
2018-02-20,11245.9
2018-02-21,10458.9
2018-02-22,9878.16
2018-02-23,10159.1
2018-02-24,9686.6
2018-02-25,9603.23
2018-02-26,10312.4
2018-02-27,10654.1
2018-02-28,10307
2018-03-01,10923.6
2018-03-02,11014.1
2018-03-03,11425.7
2018-03-04,11462.6
2018-03-05,11540.7
2018-03-06,10677
2018-03-07,9903.09
2018-03-08,9330.48
2018-03-09,9278.14
2018-03-10,8786.56
2018-03-11,9513.54
2018-03-12,9147.89
2018-03-13,9160.54
2018-03-14,8222.13
2018-03-15,8268.59
2018-03-16,8376.9
2018-03-17,7881.66
2018-03-18,8189.02
2018-03-19,8537.02
2018-03-20,8895.55
2018-03-21,8879.59
2018-03-22,8710.66
2018-03-23,8771.75
2018-03-24,8610.99
2018-03-25,8440.61
2018-03-26,8171.18
2018-03-27,7837.27
2018-03-28,7933.64
2018-03-29,7108.57
2018-03-30,6832.15
2018-03-31,6922.28
2018-04-01,6804.52
2018-04-02,7033.26
2018-04-03,7420.8
2018-04-04,6780.54
2018-04-05,6798.42
2018-04-06,6610.49
2018-04-07,6886.47
2018-04-08,7010
2018-04-09,6736.89
2018-04-10,6816.72
2018-04-11,6944.79
2018-04-12,7904.33
2018-04-13,7919.06
2018-04-14,8006.42
2018-04-15,8342.27
2018-04-16,8046.98
2018-04-17,7887.74
2018-04-18,8162.83
2018-04-19,8272.97
2018-04-20,8839.5
2018-04-21,8863.54
2018-04-22,8800.96
2018-04-23,8930.78
2018-04-24,9652.21
2018-04-25,8855.51
2018-04-26,9264.73
2018-04-27,8981.33
2018-04-28,9341.82
2018-04-29,9397
2018-04-30,9228.73
2018-05-01,9072.17
2018-05-02,9204.13
2018-05-03,9750.7
2018-05-04,9696.64
2018-05-05,9795.93
2018-05-06,9595.09
2018-05-07,9339.51
2018-05-08,9212.37
2018-05-09,9293.04
2018-05-10,9037.53
2018-05-11,8419.76
2018-05-12,8485.78
2018-05-13,8695.83
2018-05-14,8671.07
2018-05-15,8488.46
2018-05-16,8327.76
2018-05-17,8050.52
2018-05-18,8233.09
2018-05-19,8229.48
2018-05-20,8511.45
2018-05-21,8398.62
2018-05-22,8007.53
2018-05-23,7520.87
2018-05-24,7575.62
2018-05-25,7425.38
2018-05-26,7326.3
2018-05-27,7338.19
2018-05-28,7110.82
2018-05-29,7453.63
2018-05-30,7374.67
2018-05-31,7478.74
2018-06-01,7519.84
2018-06-02,7637.45
2018-06-03,7702.16
2018-06-04,7486.65
2018-06-05,7611.15
2018-06-06,7650.78
2018-06-07,7665.95
2018-06-08,7622.6
2018-06-09,7556.17
2018-06-10,6744.74
2018-06-11,6849.45
2018-06-12,6526.7
2018-06-13,6306.51
2018-06-14,6629.77
2018-06-15,6399.67
2018-06-16,6495.32
2018-06-17,6450.69
2018-06-18,6703.81
2018-06-19,6732.51
2018-06-20,6753.21
2018-06-21,6720.37
2018-06-22,6059.58
2018-06-23,6174.23
2018-06-24,6146.49
2018-06-25,6243.54
2018-06-26,6096.13
2018-06-27,6139.19
2018-06-28,5858.64
2018-06-29,6220.91
2018-06-30,6375.54
2018-07-01,6361.4
2018-07-02,6608.37
2018-07-03,6498.31
2018-07-04,6579.33
2018-07-05,6535.3
2018-07-06,6598.46
2018-07-07,6737.86
2018-07-08,6704.92
2018-07-09,6664.02
2018-07-10,6309.08
2018-07-11,6377.98
2018-07-12,6159.47
2018-07-13,6208.99
2018-07-14,6255.11
2018-07-15,6347.6
2018-07-16,6710.81
2018-07-17,7320.59
2018-07-18,7376.04
2018-07-19,7467.03
2018-07-20,7327.26
2018-07-21,7410.57
2018-07-22,7399.48
2018-07-23,7716.16
2018-07-24,8397.62
2018-07-25,8202.72
2018-07-26,7913.93
2018-07-27,8173.77
2018-07-28,8190.36
2018-07-29,8229.61
2018-07-30,8171.84
2018-07-31,7725.13
2018-08-01,7596.7
2018-08-02,7542.69
2018-08-03,7411.34
2018-08-04,7002.21
2018-08-05,7031.59
2018-08-06,6929.99
2018-08-07,6722.58
2018-08-08,6267.39
2018-08-09,6558.1
2018-08-10,6135.75
2018-08-11,6313.75
2018-08-12,6314.69
2018-08-13,6265.85
2018-08-14,6184.83
2018-08-15,6270.21
2018-08-16,6290.75
2018-08-17,6563.08
2018-08-18,6399.29
2018-08-19,6490.72
2018-08-20,6272.95
2018-08-21,6473.08
2018-08-22,6365.01
2018-08-23,6516.41
2018-08-24,6697.73
2018-08-25,6745.44
2018-08-26,6689.87
2018-08-27,6839.16
2018-08-28,7092.97
2018-08-29,7033.43
2018-08-30,6966.96
2018-08-31,7025.14
2018-09-01,7192.35
2018-09-02,7286.67
2018-09-03,7257.47
2018-09-04,7358.81
2018-09-05,6790.9
2018-09-06,6488.08
2018-09-07,6408.65
2018-09-08,6187.79
2018-09-09,6249.25
2018-09-10,6295.39
2018-09-11,6278.42
2018-09-12,6327.54
2018-09-13,6490.91
2018-09-14,6494.7
2018-09-15,6524.17
2018-09-16,6497.4
2018-09-17,6258.59
2018-09-18,6340.35
2018-09-19,6383.95
2018-09-20,6498.61
2018-09-21,6741.14
2018-09-22,6705.48
2018-09-23,6703.14
2018-09-24,6576.55
2018-09-25,6416.44
2018-09-26,6463.25
2018-09-27,6677.9
2018-09-28,6623.13
2018-09-29,6584.5
2018-09-30,6604.49
2018-10-01,6561.81
2018-10-02,6508.72
2018-10-03,6464.46
2018-10-04,6545.29
2018-10-05,6585.15
2018-10-06,6550.48
2018-10-07,6564.57
2018-10-08,6604.69
2018-10-09,6590.43
2018-10-10,6529.1
2018-10-11,6159.25
2018-10-12,6191.68
2018-10-13,6197.69
2018-10-14,6182.88
2018-10-15,6442.72
2018-10-16,6461.94
2018-10-17,6442.73
2018-10-18,6396.48
2018-10-19,6383.08
2018-10-20,6408.25
2018-10-21,6415.34
2018-10-22,6408.03
2018-10-23,6395.99
2018-10-24,6413.8
2018-10-25,6402.32
2018-10-26,6404.11
2018-10-27,6409.41
2018-10-28,6406.63
2018-10-29,6263.04
2018-10-30,6272.17
2018-10-31,6306.32
2018-11-01,6342.98
2018-11-02,6348.17
2018-11-03,6332.43
2018-11-04,6420.42
2018-11-05,6402.95
2018-11-06,6441.15
2018-11-07,6500.87
2018-11-08,6406.75
2018-11-09,6331.38
2018-11-10,6353.11
2018-11-11,6335.41
2018-11-12,6320.66
2018-11-13,6267.94
2018-11-14,5574.26
2018-11-15,5538.56
2018-11-16,5496.02
2018-11-17,5501.09
2018-11-18,5555.38
2018-11-19,4792.2
2018-11-20,4317.53
2018-11-21,4549.32
2018-11-22,4303.62
2018-11-23,4289.89
2018-11-24,3806.32
2018-11-25,3946.85
2018-11-26,3700.29
2018-11-27,3776.56
2018-11-28,4208.48
2018-11-29,4239.04
2018-11-30,3973.33
2018-12-01,4148.07
2018-12-02,4098.75
2018-12-03,3843.98
2018-12-04,3892.95
2018-12-05,3709.52
2018-12-06,3511.97
2018-12-07,3373
2018-12-08,3407.95
2018-12-09,3540.44
2018-12-10,3413.59
2018-12-11,3352.56
2018-12-12,3423.01
2018-12-13,3260.34
2018-12-14,3198.95
2018-12-15,3185.07
2018-12-16,3195.41
2018-12-17,3499.16
2018-12-18,3659.53
2018-12-19,3697.73
2018-12-20,4067.74
2018-12-21,3839.09
2018-12-22,3964.95
2018-12-23,3942.67
2018-12-24,4040.05
2018-12-25,3761.58
2018-12-26,3807.66
2018-12-27,3585.46
2018-12-28,3881.05
2018-12-29,3823.14
2018-12-30,3825.41
2018-12-31,3687.2
2019-01-01,3808.12
2019-01-02,3898.2
2019-01-03,3784.39
2019-01-04,3827.52
2019-01-05,3798.61
2019-01-06,4045.99
2019-01-07,4001.02
2019-01-08,3992.62
2019-01-09,4004.26
2019-01-10,3627.9
2019-01-11,3624.16
2019-01-12,3617.02
2019-01-13,3508.67
2019-01-14,3666.95
2019-01-15,3581.29
2019-01-16,3606.99
2019-01-17,3640.13
2019-01-18,3609.43
2019-01-19,3687.3
2019-01-20,3538.31
2019-01-21,3535.62
2019-01-22,3577.31
2019-01-23,3551.89
2019-01-24,3567.59
2019-01-25,3561.35
2019-01-26,3557.04
2019-01-27,3537.61
2019-01-28,3435.05
2019-01-29,3395.82
2019-01-30,3437.9
2019-01-31,3410.13
2019-02-01,3445.05
2019-02-02,3461.94
2019-02-03,3413.02
2019-02-04,3411.39
2019-02-05,3426.47
2019-02-06,3367.51
2019-02-07,3358.87
2019-02-08,3612.48
2019-02-09,3621.27
2019-02-10,3642.02
2019-02-11,3590.62
2019-02-12,3587.9
2019-02-13,3576.09
2019-02-14,3561.92
2019-02-15,3565.01
2019-02-16,3584.74
2019-02-17,3622.76
2019-02-18,3866.13
2019-02-19,3895.44
2019-02-20,3931.61
2019-02-21,3892.26
2019-02-22,3948.3
2019-02-23,4110.15
2019-02-24,3754.18
2019-02-25,3822.02
2019-02-26,3796.18
2019-02-27,3799.38
2019-02-28,3792.95
2019-03-01,3810.63
2019-03-02,3809.64
2019-03-03,3782.38
2019-03-04,3698.16
2019-03-05,3840.13
2019-03-06,3852
2019-03-07,3855.92
2019-03-08,3839.23
2019-03-09,3910.36
2019-03-10,3903.91
2019-03-11,3851.57
2019-03-12,3858.91
2019-03-13,3851.96
2019-03-14,3853.78
2019-03-15,3901.91
2019-03-16,3989.8
2019-03-17,3967.14
2019-03-18,3969.44
2019-03-19,3996.17
2019-03-20,4030.66
2019-03-21,3976.27
2019-03-22,3983.89
2019-03-23,3981.78
2019-03-24,3970.67
2019-03-25,3908.24
2019-03-26,3917.76
2019-03-27,4027.01
2019-03-28,4010.94
2019-03-29,4089.46
2019-03-30,4091.89
2019-03-31,4094.32
2019-04-01,4138.42
2019-04-02,4903.72
2019-04-03,4960.23
2019-04-04,4911.27
2019-04-05,5033.23
2019-04-06,5044.36
2019-04-07,5189.11
2019-04-08,5283.42
2019-04-09,5195.58
2019-04-10,5311.74
2019-04-11,5050.67
2019-04-12,5082.86
2019-04-13,5074.79
2019-04-14,5156.8
2019-04-15,5042.9
2019-04-16,5205.96
2019-04-17,5226.35
2019-04-18,5278.5
2019-04-19,5289.95
2019-04-20,5313.97
2019-04-21,5295.73
2019-04-22,5383.8
2019-04-23,5544.86
2019-04-24,5431.95
2019-04-25,5127.67
2019-04-26,5150.16
2019-04-27,5181.81
2019-04-28,5148.67
2019-04-29,5148.8
2019-04-30,5266.62
2019-05-01,5315.18
2019-05-02,5393.13
2019-05-03,5658.43
2019-05-04,5774.71
2019-05-05,5728.35
2019-05-06,5691.69
2019-05-07,5825.74
2019-05-08,5931.8
2019-05-09,6150.14
2019-05-10,6357.46
2019-05-11,7325.08
2019-05-12,6942.62
2019-05-13,7798.91
2019-05-14,7955.56
2019-05-15,8215.21
2019-05-16,7862.07
2019-05-17,7326.92
2019-05-18,7277.99
2019-05-19,8219.74
2019-05-20,7981.14
2019-05-21,7983.81
2019-05-22,7667.9
2019-05-23,7897.47
2019-05-24,7987.1
2019-05-25,8061.59
2019-05-26,8731.52
2019-05-27,8816.79
2019-05-28,8719.13
2019-05-29,8655.49
2019-05-30,8271.62
2019-05-31,8556.22
2019-06-01,8554.81
2019-06-02,8744.35
2019-06-03,8173.4
2019-06-04,7649.94
2019-06-05,7798.54
2019-06-06,7776.71
2019-06-07,8023.95
2019-06-08,7939.81
2019-06-09,7634.07
2019-06-10,7993.3
2019-06-11,7922.48
2019-06-12,8146.76
2019-06-13,8232.78
2019-06-14,8698
2019-06-15,8850.58
2019-06-16,9019.52
2019-06-17,9340.57
2019-06-18,9047.13
2019-06-19,9285.06
2019-06-20,9546.72
2019-06-21,10083.5
2019-06-22,10685.3
2019-06-23,10794.4
2019-06-24,11004.2
2019-06-25,11726.3
2019-06-26,12863.5
2019-06-27,11109.8
2019-06-28,12358.2
2019-06-29,11944.4
2019-06-30,10842.6
2019-07-01,10569.6
2019-07-02,10766.1
2019-07-03,11952
2019-07-04,11177
2019-07-05,10998.4
2019-07-06,11208.2
2019-07-07,11456.2
2019-07-08,12319.6
2019-07-09,12579.1
2019-07-10,12106.8
2019-07-11,11294.7
2019-07-12,11813.3
2019-07-13,11346.8
2019-07-14,10283.1
2019-07-15,10926.4
2019-07-16,9471.14
2019-07-17,9674.88
2019-07-18,10679.9
2019-07-19,10532.2
2019-07-20,10862.6
2019-07-21,10589.7
2019-07-22,10318.6
2019-07-23,9866.65
2019-07-24,9792.79
2019-07-25,9897.19
2019-07-26,9836.7
2019-07-27,9446.67
2019-07-28,9529.79
2019-07-29,9504.16
2019-07-30,9589.11
2019-07-31,10059
2019-08-01,10400.3
2019-08-02,10529.7
2019-08-03,10810.4
2019-08-04,10986.5
2019-08-05,11790
2019-08-06,11423.5
2019-08-07,11967.3
2019-08-08,11938.2
2019-08-09,11858.3
2019-08-10,11303.7
2019-08-11,11530.2
2019-08-12,11384.7
2019-08-13,10867.1
2019-08-14,10024.4
2019-08-15,10310.1
2019-08-16,10373.3
2019-08-17,10207.2
2019-08-18,10331.3
2019-08-19,10884.6
2019-08-20,10771.4
2019-08-21,10096.8
2019-08-22,10119.7
2019-08-23,10414.1
2019-08-24,10147.1
2019-08-25,10100.4
2019-08-26,10362.6
2019-08-27,10168.2
2019-08-28,9724.8
2019-08-29,9482.31
2019-08-30,9577.68
2019-08-31,9605.02
2019-09-01,9762.94
2019-09-02,10377.3
2019-09-03,10618.8
2019-09-04,10577.2
2019-09-05,10580.2
2019-09-06,10330.8
2019-09-07,10494.5
2019-09-08,10407.3
2019-09-09,10332.5
2019-09-10,10086
2019-09-11,10142.1
2019-09-12,10403.4
2019-09-13,10345.3
2019-09-14,10363.5
2019-09-15,10306.2
2019-09-16,10257.8
2019-09-17,10195.6
2019-09-18,10161.3
2019-09-19,10268.4
2019-09-20,10170.1
2019-09-21,9986.41
2019-09-22,10047
2019-09-23,9692.74
2019-09-24,8613.67
2019-09-25,8424.16
2019-09-26,8091.7
2019-09-27,8186.78
2019-09-28,8201.98
2019-09-29,8064.51
2019-09-30,8282.37
2019-10-01,8314.55
2019-10-02,8362.53
2019-10-03,8254.34
2019-10-04,8165.69
2019-10-05,8141.63
2019-10-06,7854.61
2019-10-07,8226.02
2019-10-08,8190.12
2019-10-09,8598.33
2019-10-10,8578.09
2019-10-11,8289.85
2019-10-12,8323.75
2019-10-13,8291.25
2019-10-14,8346.37
2019-10-15,8160.71
2019-10-16,8003.86
2019-10-17,8072.49
2019-10-18,7959.33
2019-10-19,7948.48
2019-10-20,8213.71
2019-10-21,8211.65
2019-10-22,8029.21
2019-10-23,7458.04
2019-10-24,7454.37
2019-10-25,8656.66
2019-10-26,9249.65
2019-10-27,9558.16
2019-10-28,9319.18
2019-10-29,9431.21
2019-10-30,9182.86
2019-10-31,9155.28
2019-11-01,9251.38
2019-11-02,9300.19
2019-11-03,9209.64
2019-11-04,9418.36
2019-11-05,9330.79
2019-11-06,9354.93
2019-11-07,9210.75
2019-11-08,8791.33
2019-11-09,8810.78
2019-11-10,9042.89
2019-11-11,8713.21
2019-11-12,8788.96
2019-11-13,8766.73
2019-11-14,8645.44
2019-11-15,8465.88
2019-11-16,8477.69
2019-11-17,8505.16
2019-11-18,8183.53
2019-11-19,8116.82
2019-11-20,8076.55
2019-11-21,7612.28
2019-11-22,7277.52
2019-11-23,7324.84
2019-11-24,6943.38
2019-11-25,7139.04
2019-11-26,7165.44
2019-11-27,7526.86
2019-11-28,7436.34
2019-11-29,7747.74
2019-11-30,7556.19
2019-12-01,7417.73
2019-12-02,7318.31
2019-12-03,7306.45
2019-12-04,7215.02
2019-12-05,7404.09
2019-12-06,7534.21
2019-12-07,7512.06
2019-12-08,7528.94
2019-12-09,7340.23
2019-12-10,7232.09
2019-12-11,7200.46
2019-12-12,7192.85
2019-12-13,7244.9
2019-12-14,7071.11
2019-12-15,7111.29
2019-12-16,6882.4
2019-12-17,6608.96
2019-12-18,7284.63
2019-12-19,7146.17
2019-12-20,7184.22
2019-12-21,7140.3
2019-12-22,7479.4
2019-12-23,7321.75
2019-12-24,7235.63
2019-12-25,7191.17
2019-12-26,7194.64
2019-12-27,7237.15
2019-12-28,7306.64
2019-12-29,7391.58
2019-12-30,7229.4
2019-12-31,7167.4
2020-01-01,7170.63
2020-01-02,6946.83
2020-01-03,7315.31
2020-01-04,7343.16
2020-01-05,7345.53
2020-01-06,7765.8
2020-01-07,8136.09
2020-01-08,8059.7
2020-01-09,7817.14
2020-01-10,8129.82
2020-01-11,8032.01
2020-01-12,8164.55
2020-01-13,8121.93
2020-01-14,8830.17
2020-01-15,8811.45
2020-01-16,8718.69
2020-01-17,8912.54
2020-01-18,8928.18
2020-01-19,8687.35
2020-01-20,8636.26
2020-01-21,8730.87
2020-01-22,8647.9
2020-01-23,8366.38
2020-01-24,8423.39
2020-01-25,8344.77
2020-01-26,8573.87
2020-01-27,8901.96
2020-01-28,9297.39
2020-01-29,9311.95
2020-01-30,9508.92
2020-01-31,9357.28
2020-02-01,9381.89
2020-02-02,9339.39
2020-02-03,9279.81
2020-02-04,9161.63
2020-02-05,9628.14
2020-02-06,9739.28
2020-02-07,9800.28
2020-02-08,9911.29
2020-02-09,10151.1
2020-02-10,9872.36
2020-02-11,10272.2
2020-02-12,10360.1
2020-02-13,10235.5
2020-02-14,10361.6
2020-02-15,9911.72
2020-02-16,9952.05
2020-02-17,9683.08
2020-02-18,10195.3
2020-02-19,9636
2020-02-20,9614.03
2020-02-21,9701.8
2020-02-22,9675.25
2020-02-23,9972.84
2020-02-24,9648.01
2020-02-25,9344.29
2020-02-26,8798.89
2020-02-27,8779.03
2020-02-28,8750.59
2020-02-29,8582.09
2020-03-01,8541.77
2020-03-02,8906.21
2020-03-03,8768.81
2020-03-04,8756.37
2020-03-05,9062.62
2020-03-06,9147.09
2020-03-07,8898.31
2020-03-08,8109.61
2020-03-09,7896.39
2020-03-10,7909.93
2020-03-11,7939.34
2020-03-12,4959.31
2020-03-13,5627.69
2020-03-14,5145.17
2020-03-15,5358.61
2020-03-16,5012.93
2020-03-17,5416.75
2020-03-18,5392.49
2020-03-19,6203.55
2020-03-20,6174.15
2020-03-21,6175.83
2020-03-22,5830.56
2020-03-23,6486.41
2020-03-24,6775.06
2020-03-25,6689.97
2020-03-26,6754.46
2020-03-27,6490.8
2020-03-28,6231.82
2020-03-29,5904.86
2020-03-30,6436.91
2020-03-31,6432.38
2020-04-01,6643.11
2020-04-02,6792.74
2020-04-03,6751.9
2020-04-04,6859.99
2020-04-05,6790.81
2020-04-06,7298.17
2020-04-07,7187.59
2020-04-08,7372.19
2020-04-09,7299.58
2020-04-10,6859.82
2020-04-11,6883.18
2020-04-12,6978.67
2020-04-13,6863.58
2020-04-14,6875.54
2020-04-15,6625.48
2020-04-16,7127.79
2020-04-17,7081.4
2020-04-18,7262.79
2020-04-19,7150.24
2020-04-20,6853.27
2020-04-21,6870.42
2020-04-22,7123.66
2020-04-23,7488.61
2020-04-24,7506.44
2020-04-25,7537.74
2020-04-26,7684.07
2020-04-27,7777.49
2020-04-28,7769.9
2020-04-29,8761.84
2020-04-30,8652.41
2020-05-01,8855.54
2020-05-02,8977.28
2020-05-03,8896.8
2020-05-04,8881.95
2020-05-05,8985.88
2020-05-06,9266.81
2020-05-07,9993.75
2020-05-08,9859.32
2020-05-09,9577.34
2020-05-10,8715.03
2020-05-11,8591.65
2020-05-12,8817.25
2020-05-13,9323
2020-05-14,9801.27
2020-05-15,9326.88
2020-05-16,9395.48
2020-05-17,9682.53
2020-05-18,9726.85
2020-05-19,9754.2
2020-05-20,9515.7
2020-05-21,9068.8
2020-05-22,9161.82
2020-05-23,9183.66
2020-05-24,8806.23
2020-05-25,8909.19
2020-05-26,8835.14
2020-05-27,9169.06
2020-05-28,9568.26
2020-05-29,9432.41
2020-05-30,9691.68
2020-05-31,9433.94
2020-06-01,10199.1
2020-06-02,9512.35
2020-06-03,9642.27
2020-06-04,9813.36
2020-06-05,9641.89
2020-06-06,9668.67
2020-06-07,9747.58
2020-06-08,9769.34
2020-06-09,9779.42
2020-06-10,9888.44
2020-06-11,9277.45
2020-06-12,9456.16
2020-06-13,9461.33
2020-06-14,9342.96
2020-06-15,9441.38
2020-06-16,9520.09
2020-06-17,9448.69
2020-06-18,9389.99
2020-06-19,9285.99
2020-06-20,9357.29
2020-06-21,9284.77
2020-06-22,9684.62
2020-06-23,9611.73
2020-06-24,9292.94
2020-06-25,9247.12
2020-06-26,9159.44
2020-06-27,9002.17
2020-06-28,9108.07
2020-06-29,9184.25
2020-06-30,9143.97
2020-07-01,9241.34
2020-07-02,9094.39
2020-07-03,9066.69
2020-07-04,9126.22
2020-07-05,9079.61
2020-07-06,9338.94
2020-07-07,9252.16
2020-07-08,9434.57
2020-07-09,9231.5
2020-07-10,9285.22
2020-07-11,9237.17
2020-07-12,9289.1
2020-07-13,9236.62
2020-07-14,9260.36
2020-07-15,9196.73
2020-07-16,9132.59
2020-07-17,9156.47
2020-07-18,9175.91
2020-07-19,9218.84
2020-07-20,9167.19
2020-07-21,9388.57
2020-07-22,9531.26
2020-07-23,9609.17
2020-07-24,9548.1
2020-07-25,9702.45
2020-07-26,9933.91
2020-07-27,11046.5
2020-07-28,10944.6
2020-07-29,11115.8
2020-07-30,11135.4
2020-07-31,11338.2
2020-08-01,11797.6
2020-08-02,11094
2020-08-03,11236.1
2020-08-04,11202.7
2020-08-05,11721.4
2020-08-06,11769.3
2020-08-07,11599
2020-08-08,11743
2020-08-09,11680.5
2020-08-10,11870.4
2020-08-11,11392.6
2020-08-12,11575.5
2020-08-13,11773.4
2020-08-14,11774.4
2020-08-15,11866.9
2020-08-16,11899.6
2020-08-17,12315.8
2020-08-18,11992.7
2020-08-19,11736.8
2020-08-20,11867.5
2020-08-21,11524.7
2020-08-22,11682.3
2020-08-23,11665.6
2020-08-24,11771.4
2020-08-25,11358.5
2020-08-26,11472
2020-08-27,11314.7
2020-08-28,11527.9
2020-08-29,11490.8
2020-08-30,11699
2020-08-31,11678.3
2020-09-01,11970.4
2020-09-02,11414.5
2020-09-03,10261.5
2020-09-04,10472
2020-09-05,10128.6
2020-09-06,10253.3
2020-09-07,10367.9
2020-09-08,10108.6
2020-09-09,10223.1
2020-09-10,10334.6
2020-09-11,10387
2020-09-12,10437
2020-09-13,10322.5
2020-09-14,10662.7
2020-09-15,10779.4
2020-09-16,10968.3
2020-09-17,10936.3
2020-09-18,10920.1
2020-09-19,11073.8
2020-09-20,10921.2
2020-09-21,10455.4
2020-09-22,10519.8
2020-09-23,10233.3
2020-09-24,10739
2020-09-25,10683.6
2020-09-26,10742
2020-09-27,10758.8
2020-09-28,10727.4
2020-09-29,10841.1
2020-09-30,10772.4
2020-10-01,10606.6
2020-10-02,10570.1
2020-10-03,10555.7
2020-10-04,10665.6
2020-10-05,10772.6
2020-10-06,10596.4
2020-10-07,10667.2
2020-10-08,10902.5
2020-10-09,11074.1
2020-10-10,11302.9
2020-10-11,11378.3
2020-10-12,11548.4
2020-10-13,11435
2020-10-14,11417.1
2020-10-15,11502.6
2020-10-16,11339
2020-10-17,11362.8
2020-10-18,11489.6
2020-10-19,11745.8
2020-10-20,11929.5
2020-10-21,12848.5
2020-10-22,12997.5
2020-10-23,12953.4
2020-10-24,13113.9
2020-10-25,13041.6
2020-10-26,13080.7
2020-10-27,13675.5
2020-10-28,13290.3
2020-10-29,13475.2
2020-10-30,13603.3
2020-10-31,13807.2
2020-11-01,13736.9
2020-11-02,13595.6
2020-11-03,13996.9
2020-11-04,14129.1
2020-11-05,15606.5
2020-11-06,15619
2020-11-07,14866.4
2020-11-08,15500
2020-11-09,15319.8
2020-11-10,15319.3
2020-11-11,15731.2
2020-11-12,16289.8
2020-11-13,16330.1
2020-11-14,16102
2020-11-15,15986.8
2020-11-16,16743.1
2020-11-17,17682.2
2020-11-18,17804.7
2020-11-19,17818.7
2020-11-20,18663.8
2020-11-21,18706.6
2020-11-22,18482.7
2020-11-23,18373.3
2020-11-24,19150.3
2020-11-25,18748.4
2020-11-26,17113.7
2020-11-27,17101.6
2020-11-28,17745.4
2020-11-29,18190.9
2020-11-30,19664.4
2020-12-01,18820.6
2020-12-02,19214.9
2020-12-03,19470.3
2020-12-04,18733
2020-12-05,19114.6
2020-12-06,19356.3
2020-12-07,19182.2
2020-12-08,18341
2020-12-09,18574.7
2020-12-10,18294.8
2020-12-11,18061.8
2020-12-12,18813.3
2020-12-13,19156.1
2020-12-14,19286.8
2020-12-15,19432.6
2020-12-16,21370.7
2020-12-17,22789.3
2020-12-18,23048.8
2020-12-19,23856.8
2020-12-20,23528.6
2020-12-21,22937.4
2020-12-22,23756.9
2020-12-23,23307.3
2020-12-24,23707.6
2020-12-25,24669.2
2020-12-26,26478.1
2020-12-27,26430.9
2020-12-28,27039.3
2020-12-29,27231.2
2020-12-30,28844.6
2020-12-31,29022.7
2021-01-01,29380.7
2021-01-02,32022.7
2021-01-03,33277.8
2021-01-04,31802.1
2021-01-05,34013.2
2021-01-06,36643.3
2021-01-07,39215.7
2021-01-08,40775.4
2021-01-09,40370.7
2021-01-10,38329.3
2021-01-11,35269.5
2021-01-12,33712.5
2021-01-13,37296.5
2021-01-14,39045.5
2021-01-15,36710.3
2021-01-16,36177.3
2021-01-17,36069.9
2021-01-18,36594.3
2021-01-19,36250.1
2021-01-20,35515.5
2021-01-21,31023
2021-01-22,32986.4
2021-01-23,32036.3
2021-01-24,32216.1
2021-01-25,32419.7
2021-01-26,32640.6
2021-01-27,30358.9
2021-01-28,33511.3
2021-01-29,34166.1
2021-01-30,34349.9
2021-01-31,33157.8
2021-02-01,33570.3
2021-02-02,35596.1
2021-02-03,37578.4
2021-02-04,37129.2
2021-02-05,38045.4
2021-02-06,39341.7
2021-02-07,39003
2021-02-08,46121.9
2021-02-09,46548.2
2021-02-10,45078.1
2021-02-11,47892.8
2021-02-12,47525.2
2021-02-13,47208.6
2021-02-14,48829.8
2021-02-15,48110.2
2021-02-16,49140.4
2021-02-17,52224.9
2021-02-18,51650.1
2021-02-19,55820.5
2021-02-20,55861.8
2021-02-21,57500.7
2021-02-22,53952.2
2021-02-23,48560.5
2021-02-24,49567.3
2021-02-25,47568.1
2021-02-26,46231.8
2021-02-27,45834.5
2021-02-28,45359.5
2021-03-01,49634.4
2021-03-02,48304.7
2021-03-03,50690.5
2021-03-04,48472.8
2021-03-05,48800.8
2021-03-06,48970.5
2021-03-07,51086.5
2021-03-08,52088.5
2021-03-09,54739.1
2021-03-10,56116
2021-03-11,57847.3
2021-03-12,57334.6
2021-03-13,61288.8
2021-03-14,59905.6
2021-03-15,56121.1
2021-03-16,56500.4
2021-03-17,58683.1
2021-03-18,57731.5
2021-03-19,58168.1
2021-03-20,58247.9
2021-03-21,57447.9
2021-03-22,54453.1
2021-03-23,54563.6
2021-03-24,52595.4
2021-03-25,51547.1
2021-03-26,54817.9
2021-03-27,56019.8
2021-03-28,55713
2021-03-29,57571.2
2021-03-30,58684.5
2021-03-31,58792.2
2021-04-01,58819
2021-04-02,59031.5
2021-04-03,57282.4
2021-04-04,58202.2
2021-04-05,58755.9
2021-04-06,58084.1
2021-04-07,56266.8
2021-04-08,57963.3
2021-04-09,58051.8
2021-04-10,59651.6
2021-04-11,59932.9
2021-04-12,59905.9
2021-04-13,63445.6
2021-04-14,62869.5
2021-04-15,63231.2
2021-04-16,61571.1
2021-04-17,60280.9
2021-04-18,56389.6
2021-04-19,55798.1
2021-04-20,56474.4
2021-04-21,54025.8
2021-04-22,51882.1
2021-04-23,50954.9
2021-04-24,50279.9
2021-04-25,48946.9
2021-04-26,53943.3
2021-04-27,55027
2021-04-28,54787.4
2021-04-29,53567.1
2021-04-30,57741.4
2021-05-01,57863.6
2021-05-02,56572.6
2021-05-03,57243
2021-05-04,53724.1
2021-05-05,57342
2021-05-06,56527.4
2021-05-07,57341.1
2021-05-08,58736.1
2021-05-09,58288.4
2021-05-10,55902.9
2021-05-11,56612.1
2021-05-12,50972.4
2021-05-13,49368.6
2021-05-14,49997.4
2021-05-15,47048
2021-05-16,46022.5
2021-05-17,43492.4
2021-05-18,42789.8
2021-05-19,37642.5
2021-05-20,40799.4
2021-05-21,37174.3
2021-05-22,37643.4
2021-05-23,34774.2
2021-05-24,38630.4
2021-05-25,38269.8
2021-05-26,39194.9
2021-05-27,38510.9
2021-05-28,35596.7
2021-05-29,34681.8
2021-05-30,35652.2
2021-05-31,37313
2021-06-01,36661.4
2021-06-02,37639.5
2021-06-03,39160.2
2021-06-04,36884.4
2021-06-05,35409.6
2021-06-06,35720.6
2021-06-07,33724.9
2021-06-08,33475
2021-06-09,37373
2021-06-10,36826
2021-06-11,37185.4
2021-06-12,35669.2
2021-06-13,38925.4
2021-06-14,40455.6
2021-06-15,40254.7
2021-06-16,38265.5
2021-06-17,38018.6
2021-06-18,35714.3
2021-06-19,35556
2021-06-20,35599.9
2021-06-21,31715.2
2021-06-22,32394.6
2021-06-23,33610.5
2021-06-24,34659
2021-06-25,31683.5
2021-06-26,31890.7
2021-06-27,34506.5
2021-06-28,34376.2
2021-06-29,35933.8
2021-06-30,35065.5
2021-07-01,33505.1
2021-07-02,33782.9
2021-07-03,34588.2
2021-07-04,35355.6
2021-07-05,33911.8
2021-07-06,34124
2021-07-07,33931.6
2021-07-08,32819.7
2021-07-09,33914.9
2021-07-10,33610.9
2021-07-11,34258.4
2021-07-12,33135.2
2021-07-13,32642
2021-07-14,32798.3
2021-07-15,31707.7
2021-07-16,31455.7
2021-07-17,31548
2021-07-18,31707.7
2021-07-19,30883.5
2021-07-20,29766.7
2021-07-21,32119.7
2021-07-22,32307
2021-07-23,33439.6
2021-07-24,34166.9
2021-07-25,35119.9
2021-07-26,37444.8
2021-07-27,39126.5
2021-07-28,39939.2
2021-07-29,40086.2
2021-07-30,41789.7
2021-07-31,41793.3
2021-08-01,39969
2021-08-02,39304.2
2021-08-03,38288.8
2021-08-04,39773.9
2021-08-05,40941.7
2021-08-06,42790.4
2021-08-07,44484.9
2021-08-08,43972.3
2021-08-09,46265.6
2021-08-10,45488.8
2021-08-11,45676.3
2021-08-12,44405.7
2021-08-13,47717.5
2021-08-14,47124.2
2021-08-15,47074.4
2021-08-16,45984.7
2021-08-17,44714.1
2021-08-18,44954.4
2021-08-19,46646.9
2021-08-20,49240.8
2021-08-21,49070.2
2021-08-22,49363.3
2021-08-23,49590.9
2021-08-24,47925.9
2021-08-25,49002.3
2021-08-26,47190.3
2021-08-27,49048.5
2021-08-28,48852.5
2021-08-29,48948.3
2021-08-30,47125.8
2021-08-31,47219.2
2021-09-01,48688.5
2021-09-02,49369.6
2021-09-03,49860.5
2021-09-04,49919.6
2021-09-05,51747.6
2021-09-06,52640.6
2021-09-07,46854.4
2021-09-08,46188
2021-09-09,46448.8
2021-09-10,44765.3
2021-09-11,45098.6
2021-09-12,46180.6
2021-09-13,44991.5
2021-09-14,47022.6
2021-09-15,48167.2
2021-09-16,47797.3
2021-09-17,47213.8
2021-09-18,48204
2021-09-19,47218.5
2021-09-20,42855.5
2021-09-21,40526.5
2021-09-22,43577.6
2021-09-23,44861.3
2021-09-24,42803.3
2021-09-25,42735.3
2021-09-26,43131.3
2021-09-27,42496.8
2021-09-28,41223.8
2021-09-29,41453.9
2021-09-30,43781.5
2021-10-01,48078.1
2021-10-02,47792.4
2021-10-03,48202.6
2021-10-04,49288.5
2021-10-05,51558
2021-10-06,55419.8
2021-10-07,53805.2
2021-10-08,53933.5
2021-10-09,55010.9
2021-10-10,54701.3
2021-10-11,57289.2
2021-10-12,56196.2
2021-10-13,57348.9
2021-10-14,57384
2021-10-15,61446.1
2021-10-16,60932.1
2021-10-17,61462.2
2021-10-18,61977.1
2021-10-19,64290.9
2021-10-20,66061.8
2021-10-21,62373.9
2021-10-22,60751
2021-10-23,61250.1
2021-10-24,60865.4
2021-10-25,63031.7
2021-10-26,60394
2021-10-27,58563.3
2021-10-28,60564.6
2021-10-29,62230.8
2021-10-30,61742.9
2021-10-31,61433
2021-11-01,61092.1
2021-11-02,63024.7
2021-11-03,62956
2021-11-04,61393.9
2021-11-05,61005.8
2021-11-06,61455.1
2021-11-07,63043.8
2021-11-08,67541.8
2021-11-09,67095.6
2021-11-10,64756.1
2021-11-11,64962.9
2021-11-12,64079
2021-11-13,64397.8
2021-11-14,65032.2
2021-11-15,63753.5
2021-11-16,60322.5
2021-11-17,60154.3
2021-11-18,56794.2
2021-11-19,58014.1
2021-11-20,59749.5
2021-11-21,59032.6
2021-11-22,56383.6
2021-11-23,57642.3
2021-11-24,57141.8
2021-11-25,59008.7
2021-11-26,53800.6
2021-11-27,54635.9
2021-11-28,57248.6
2021-11-29,57920.7
2021-11-30,57097
2021-12-01,57180.6
2021-12-02,56582.9
2021-12-03,53671.6
2021-12-04,49159.7
2021-12-05,49327.1
2021-12-06,50535.4
2021-12-07,50574.5
2021-12-08,50500.7
2021-12-09,47937.8
2021-12-10,47437.2
2021-12-11,49321.8
2021-12-12,50136.6
2021-12-13,46785.3
2021-12-14,48292.7
2021-12-15,48830.6
2021-12-16,47663.5
2021-12-17,46334.5
2021-12-18,46904.9
2021-12-19,46876.4
2021-12-20,46954.8
2021-12-21,49082.1
2021-12-22,48692.1
2021-12-23,50713
2021-12-24,50783.8
2021-12-25,50590.5
2021-12-26,50798.3
2021-12-27,50796.4
2021-12-28,47673
2021-12-29,46470.3
2021-12-30,47102.5
2021-12-31,46355.1
2022-01-01,47560
2022-01-02,47352.6
2022-01-03,46453.4
2022-01-04,45906
2022-01-05,43530.9
2022-01-06,43145
2022-01-07,41512.8
2022-01-08,41799.8
2022-01-09,41886.5
2022-01-10,41817
2022-01-11,42768.2
2022-01-12,43961
2022-01-13,42626.9
2022-01-14,43102.6
2022-01-15,43206.7
2022-01-16,43168.9
2022-01-17,42211.3
2022-01-18,42431.2
2022-01-19,41787.7
2022-01-20,40756.1
2022-01-21,36492.3
2022-01-22,34996.4
2022-01-23,36271.1
2022-01-24,36659.7
2022-01-25,36952.6
2022-01-26,36825.8
2022-01-27,37021.9
2022-01-28,37768.8
2022-01-29,38088.3
2022-01-30,37983.5
2022-01-31,38462.7
2022-02-01,38788
2022-02-02,36942.3
2022-02-03,37057.7
2022-02-04,41079.9
2022-02-05,41508.6
2022-02-06,42358.2
2022-02-07,43889
2022-02-08,44167.4
2022-02-09,44405.1
2022-02-10,43614.3
2022-02-11,42357.3
2022-02-12,42173.5
2022-02-13,42195.6
2022-02-14,42646.2
2022-02-15,44511.9
2022-02-16,44065.7
2022-02-17,40610
2022-02-18,40044.2
2022-02-19,40095.9
2022-02-20,38551.6
2022-02-21,37098
2022-02-22,38202.6
2022-02-23,37308.3
2022-02-24,38283.8
2022-02-25,39323.8
2022-02-26,39056.6
2022-02-27,37664.8
2022-02-28,43179.3
2022-03-01,44334.5
2022-03-02,43984.6
2022-03-03,42492.8
2022-03-04,39106.4
2022-03-05,39383.9
2022-03-06,38399.3
2022-03-07,38146.7
2022-03-08,38725.5
2022-03-09,41989.4
2022-03-10,39482.3
2022-03-11,38825.4
2022-03-12,38951.1
2022-03-13,37808.3
2022-03-14,39649
2022-03-15,39356.8
2022-03-16,41101.8
2022-03-17,40966.4
2022-03-18,41826.1
2022-03-19,42193.2
2022-03-20,41294.7
2022-03-21,41064.4
2022-03-22,42383.2
2022-03-23,42734.2
2022-03-24,43974.6
2022-03-25,44347
2022-03-26,44519.9
2022-03-27,46777.2
2022-03-28,47223.7
2022-03-29,47463.7
2022-03-30,47123.3
2022-03-31,45562.2
2022-04-01,46250.3
2022-04-02,45939.9
2022-04-03,46440.5
2022-04-04,46663
2022-04-05,45693
2022-04-06,43304.9
2022-04-07,43569
2022-04-08,42222.1
2022-04-09,42681
2022-04-10,42264.5
2022-04-11,39544
2022-04-12,40096.4
2022-04-13,41152.8
2022-04-14,39916.5
2022-04-15,40527.3
2022-04-16,40439.6
2022-04-17,39704.8
2022-04-18,40818.9
2022-04-19,41489.7
2022-04-20,41395.6
2022-04-21,40457.5
2022-04-22,39738
2022-04-23,39582.5
2022-04-24,39511.6
2022-04-25,40473.7
2022-04-26,38072.8
2022-04-27,39218.5
2022-04-28,39748
2022-04-29,38609.5
2022-04-30,37714.1
2022-05-01,38459.2
2022-05-02,38566.1
2022-05-03,37704.4
2022-05-04,39641.9
2022-05-05,36502
2022-05-06,36043
2022-05-07,35508.7
2022-05-08,34058.9
2022-05-09,30457.9
2022-05-10,30990.7
2022-05-11,28796.6
2022-05-12,29030.7
2022-05-13,29285.9
2022-05-14,30051.9
2022-05-15,31182.6
2022-05-16,29889.6
2022-05-17,30438.2
2022-05-18,28771.2
2022-05-19,30257.9
2022-05-20,29224.2
2022-05-21,29420.1
2022-05-22,30331.9
2022-05-23,29088.3
2022-05-24,29643.7
2022-05-25,29577.3
2022-05-26,29332.5
2022-05-27,28612
2022-05-28,29045.5
2022-05-29,29430.1
2022-05-30,31736
2022-05-31,31831.4
2022-06-01,29825.9
2022-06-02,30504.3
2022-06-03,29662.7
2022-06-04,29792.4
2022-06-05,29915.4
2022-06-06,31333.7
2022-06-07,31175
2022-06-08,30228.5
2022-06-09,30064.5
2022-06-10,29070.4
2022-06-11,28360.8
2022-06-12,26830.3
2022-06-13,22316.3
2022-06-14,22072.9
2022-06-15,22520.8
2022-06-16,20310.2
2022-06-17,20464.9
2022-06-18,19013.9
2022-06-19,20492.3
2022-06-20,20571.6
2022-06-21,20688.5
2022-06-22,20003.2
2022-06-23,21097.1
2022-06-24,21299.1
2022-06-25,21468.3
2022-06-26,21066.6
2022-06-27,20751.1
2022-06-28,20263.2
2022-06-29,20080.9
2022-06-30,19332.9
2022-07-01,19341.9
2022-07-02,19231.8
2022-07-03,19276.5
2022-07-04,20226.3
2022-07-05,20193.3
2022-07-06,20560.8
2022-07-07,21651.4
2022-07-08,21813.8
2022-07-09,21585.1
2022-07-10,20831.3
2022-07-11,19971.3
2022-07-12,19339.2
2022-07-13,20155.5
2022-07-14,20552.9
2022-07-15,20831.7
2022-07-16,21196.5
2022-07-17,20827.9
2022-07-18,22305.7
2022-07-19,23371.2
2022-07-20,23280.9
2022-07-21,23152.4
2022-07-22,22706.1
2022-07-23,22484.5
2022-07-24,22653.4
2022-07-25,21510.1
2022-07-26,21181.7
2022-07-27,22898.4
2022-07-28,23838.6
2022-07-29,23950.7
2022-07-30,23623.4
2022-07-31,23356.2
2022-08-01,23331.4
2022-08-02,23031.4
2022-08-03,22809.7
2022-08-04,22628.3
2022-08-05,23249
2022-08-06,22996.3
2022-08-07,23153.7
2022-08-08,23803.7
2022-08-09,23186.3
2022-08-10,23923.1
2022-08-11,23934.4
2022-08-12,24396.3
2022-08-13,24426.2
2022-08-14,24314.2
2022-08-15,24084
2022-08-16,23868.8
2022-08-17,23336.3
2022-08-18,23221.2
2022-08-19,20906.8
2022-08-20,21146.7
2022-08-21,21554
2022-08-22,21301.1
2022-08-23,21534.5
2022-08-24,21425
2022-08-25,21587.8
2022-08-26,20246.2
2022-08-27,20044
2022-08-28,19673.5
2022-08-29,20271
2022-08-30,19825.5
2022-08-31,20024.7
2022-09-01,20105.5
2022-09-02,19948.9
2022-09-03,19803.8
2022-09-04,19961.9
2022-09-05,19797.8
2022-09-06,18846.2
2022-09-07,19292.9
2022-09-08,19319.1
2022-09-09,21363.3
2022-09-10,21715.2
2022-09-11,21732.8
2022-09-12,22365.2
2022-09-13,20165
2022-09-14,20246.4
2022-09-15,19696.9
2022-09-16,19741.6
2022-09-17,20120.7
2022-09-18,19427.1
2022-09-19,19558
2022-09-20,18872.9
2022-09-21,18506.8
2022-09-22,19414.5
2022-09-23,19326.9
2022-09-24,18924.8
2022-09-25,18793.2
2022-09-26,19201.1
2022-09-27,19106.7
2022-09-28,19454.9
2022-09-29,19540.9
2022-09-30,19435.2
2022-10-01,19311.9
2022-10-02,19015.3
2022-10-03,19633.4
2022-10-04,20340
2022-10-05,20155.1
2022-10-06,19950.5
2022-10-07,19539.1
2022-10-08,19416.2
2022-10-09,19428.4
2022-10-10,19154.4
2022-10-11,19039.3
2022-10-12,19156.9
2022-10-13,19387.8
2022-10-14,19177.7
2022-10-15,19069.9
2022-10-16,19261.7
2022-10-17,19557
2022-10-18,19341.4
2022-10-19,19132.2
2022-10-20,19033.4
2022-10-21,19174.9
2022-10-22,19207.6
2022-10-23,19565.4
2022-10-24,19341.5
2022-10-25,20095
2022-10-26,20797
2022-10-27,20280.2
2022-10-28,20604.6
2022-10-29,20803.9
2022-10-30,20616.7
2022-10-31,20490.9
2022-11-01,20484
2022-11-02,20148.3
2022-11-03,20198.1
2022-11-04,21157.2
2022-11-05,21283.5
2022-11-06,20946.8
2022-11-07,20568.6
2022-11-08,18521
2022-11-09,15758.3
2022-11-10,17541.6
2022-11-11,16916.9
2022-11-12,16771.2
2022-11-13,16320.5
2022-11-14,16629.5
2022-11-15,16855.6
2022-11-16,16659.6
2022-11-17,16675.2
2022-11-18,16661.5
2022-11-19,16696
2022-11-20,16246.8
2022-11-21,15778
2022-11-22,16172.9
2022-11-23,16574.1
2022-11-24,16583.5
2022-11-25,16522.4
2022-11-26,16448.6
2022-11-27,16436.1
2022-11-28,16212.6
2022-11-29,16443
2022-11-30,17176.9
2022-12-01,16961.3
2022-12-02,17075.1
2022-12-03,16899.5
2022-12-04,17121.7
2022-12-05,16961.4
2022-12-06,17070.5
2022-12-07,16848.3
2022-12-08,17231.5
2022-12-09,17136.1
2022-12-10,17124.2
2022-12-11,17094.4
2022-12-12,17195.5
2022-12-13,17774.9
2022-12-14,17809.7
2022-12-15,17344.1
2022-12-16,16606.1
2022-12-17,16774.4
2022-12-18,16776.1
2022-12-19,16424.1
2022-12-20,16901.8
2022-12-21,16800.5
2022-12-22,16814.2
2022-12-23,16780.5
2022-12-24,16837.6
2022-12-25,16824.8
2022-12-26,16879.9
2022-12-27,16698.9
2022-12-28,16536.3
2022-12-29,16630.6
2022-12-30,16593.7
2022-12-31,16524.2
2023-01-01,16606.8
2023-01-02,16688.7
2023-01-03,16670.1
2023-01-04,16848.4
2023-01-05,16824.8
2023-01-06,16957.9
2023-01-07,16942.6
2023-01-08,17059.2
2023-01-09,17182.3
2023-01-10,17433.9
2023-01-11,17833.7
2023-01-12,18869.7
2023-01-13,19868.7
2023-01-14,21010.9
2023-01-15,20876
2023-01-16,21180.4
2023-01-17,21178.3
2023-01-18,20709.7
2023-01-19,21071.8
2023-01-20,22660.7
2023-01-21,22803.2
2023-01-22,22716.3
2023-01-23,22929
2023-01-24,22611.1
2023-01-25,23109.1
2023-01-26,23008.7
2023-01-27,23070.5
2023-01-28,23008.8
2023-01-29,23775
2023-01-30,22799.4
2023-01-31,23130.1
2023-02-01,23727.2
2023-02-02,23505.6
2023-02-03,23445.8
2023-02-04,23355.5
2023-02-05,22957.2
2023-02-06,22745.2
2023-02-07,23266.3
2023-02-08,22937.6
2023-02-09,21818.2
2023-02-10,21620.6
2023-02-11,21864.9
2023-02-12,21772.1
2023-02-13,21798.7
2023-02-14,22222.4
2023-02-15,24304.6
2023-02-16,23742.4
2023-02-17,24607.3
2023-02-18,24636.5
2023-02-19,24367
2023-02-20,24797.8
2023-02-21,24400.4
2023-02-22,24163.7
2023-02-23,23910
2023-02-24,23175.8
2023-02-25,23159.8
2023-02-26,23542.1
2023-02-27,23504.2
2023-02-28,23145.9
2023-03-01,23610.7
2023-03-02,23470
2023-03-03,22350.1
2023-03-04,22334.3
2023-03-05,22419.8
2023-03-06,22414.7
2023-03-07,22174.6
2023-03-08,21701.4
2023-03-09,20349.8
2023-03-10,20240.4
2023-03-11,20585.2
2023-03-12,22066
2023-03-13,24154.4
2023-03-14,24769
2023-03-15,24409.8
2023-03-16,25043.2
2023-03-17,27450.6
2023-03-18,26985.7
2023-03-19,28185.2
2023-03-20,27834.3
2023-03-21,28172.8
2023-03-22,27341.6
2023-03-23,28387.9
2023-03-24,27464.1
2023-03-25,27489
2023-03-26,28049.4
2023-03-27,27155
2023-03-28,27284
2023-03-29,28389.3
2023-03-30,28021.6
2023-03-31,28514.7
2023-04-01,28494.6
2023-04-02,28162
2023-04-03,27851
2023-04-04,28114
2023-04-05,28190.3
2023-04-06,28049.1
2023-04-07,27936.8
2023-04-08,27964.1
2023-04-09,28357.8
2023-04-10,29687.6
2023-04-11,30247.1
2023-04-12,29913
2023-04-13,30370.8
2023-04-14,30459
2023-04-15,30342.1
2023-04-16,30312.9
2023-04-17,29469.5
2023-04-18,30366.9
2023-04-19,28796.7
2023-04-20,28251.3
2023-04-21,27292
2023-04-22,27827.5
2023-04-23,27604.7
2023-04-24,27520.2
2023-04-25,28302.7
2023-04-26,28384.2
2023-04-27,29465.6
2023-04-28,29350.8
2023-04-29,29221.5
2023-04-30,29362.1
2023-05-01,28115
2023-05-02,28690.6
2023-05-03,29045
2023-05-04,28855.9
2023-05-05,29553
2023-05-06,28899.5
2023-05-07,28761.7
2023-05-08,27727.3
2023-05-09,27642.4
2023-05-10,27646
2023-05-11,26986.3
2023-05-12,26773.3
2023-05-13,26841.4
2023-05-14,26918.3
2023-05-15,27231.6
2023-05-16,27025.7
2023-05-17,27401
2023-05-18,26843.2
2023-05-19,26889.5
2023-05-20,27100.9
2023-05-21,26777.1
2023-05-22,26858.7
2023-05-23,27226.9
2023-05-24,26341.4
2023-05-25,26484.8
2023-05-26,26720.4
2023-05-27,26854.5
2023-05-28,28097.5
2023-05-29,27765.1
2023-05-30,27712.5
2023-05-31,27217.7
2023-06-01,26825.4
2023-06-02,27255.2
2023-06-03,27079.4
2023-06-04,27158.3
2023-06-05,25785.9
2023-06-06,27213.8
2023-06-07,26339.6
2023-06-08,26521.7
2023-06-09,26470.7
2023-06-10,25863.2
2023-06-11,25906.8
2023-06-12,25906.8
2023-06-13,25880.9
2023-06-14,25097.6
2023-06-15,25559.1
2023-06-16,26331.8
2023-06-17,26514.2
2023-06-18,26354
2023-06-19,26778.1
2023-06-20,28305.4
2023-06-21,30099.5
2023-06-22,29952.5
2023-06-23,30638.4
2023-06-24,30549
2023-06-25,30467.4
2023-06-26,30255.9
2023-06-27,30667.1
2023-06-28,30104
2023-06-29,30460.8
2023-06-30,30484.5
2023-07-01,30581.7
2023-07-02,30594.2
2023-07-03,31135.4
2023-07-04,30799.9
2023-07-05,30497.8
2023-07-06,29979.7
2023-07-07,30329.9
2023-07-08,30263.6
2023-07-09,30163.2
2023-07-10,30394.7
2023-07-11,30616.2
2023-07-12,30385.6
2023-07-13,31434.7
2023-07-14,30310.7
2023-07-15,30290.9
2023-07-16,30249.8
2023-07-17,30143.7
2023-07-18,29835.7
2023-07-19,29913
2023-07-20,29805.6
2023-07-21,29919.7
2023-07-22,29726
2023-07-23,30066.6
2023-07-24,29178.4
2023-07-25,29221.3
2023-07-26,29361.6
2023-07-27,29201.7
2023-07-28,29316.3
2023-07-29,29360.4
2023-07-30,29262.8
2023-07-31,29219.8
2023-08-01,29499.6
2023-08-02,29143.2
2023-08-03,29192.3
2023-08-04,29057.3
2023-08-05,29053.1
2023-08-06,29048
2023-08-07,29164.4
2023-08-08,29779.5
2023-08-09,29582.9
2023-08-10,29430.2
2023-08-11,29399.8
2023-08-12,29415.7
2023-08-13,29286.1
2023-08-14,29409
2023-08-15,29167.6
2023-08-16,28754.3
2023-08-17,26660.6
2023-08-18,26037.4
2023-08-19,26094
2023-08-20,26176.5
2023-08-21,26128.9
2023-08-22,25978.2
2023-08-23,26452.2
2023-08-24,26126.8
2023-08-25,26040.9
2023-08-26,26006.2
2023-08-27,26086.4
2023-08-28,26103.3
2023-08-29,27672.2
2023-08-30,27299
2023-08-31,25954.9
2023-09-01,25802.8
2023-09-02,25868.3
2023-09-03,25962.5
2023-09-04,25799.5
2023-09-05,25782.4
2023-09-06,25754.8
2023-09-07,26210.6
2023-09-08,25904.7
2023-09-09,25894.6
2023-09-10,25831.5
2023-09-11,25135
2023-09-12,25859.7
2023-09-13,26226.9
2023-09-14,26556.1
2023-09-15,26672.6
2023-09-16,26555.6
2023-09-17,26502.4
2023-09-18,26764.6
2023-09-19,27215.1
2023-09-20,27133.4
2023-09-21,26571.6
2023-09-22,26581.1
2023-09-23,26575.8
2023-09-24,26286.6
2023-09-25,26288.8
2023-09-26,26194.5
2023-09-27,26336.1
2023-09-28,27033.4
2023-09-29,26911.3
2023-09-30,26977.7
2023-10-01,27950.1
2023-10-02,27565.9
2023-10-03,27439.1
2023-10-04,27797.3
2023-10-05,27426.3
2023-10-06,27942
2023-10-07,27972.8
2023-10-08,27936.3
2023-10-09,27591.3
2023-10-10,27419.8
2023-10-11,26828.2
2023-10-12,26741.3
2023-10-13,26842.4
2023-10-14,26862
2023-10-15,27130.3
2023-10-16,28506.8
2023-10-17,28433.2
2023-10-18,28328.1
2023-10-19,28690.4
2023-10-20,29705
2023-10-21,29922.5
2023-10-22,29984.2
2023-10-23,32954.2
2023-10-24,33881
2023-10-25,34488.7
2023-10-26,34181.5
2023-10-27,33896.9
2023-10-28,34091.6
2023-10-29,34574.3
2023-10-30,34495.1
2023-10-31,34636.4
2023-11-01,35432
2023-11-02,34882.9
2023-11-03,34708.2
2023-11-04,35091.1
2023-11-05,35105
2023-11-06,35017.7
2023-11-07,35418.5
2023-11-08,35797.9
2023-11-09,36675.3
2023-11-10,37367.5
2023-11-11,36979.9
2023-11-12,37053.3
2023-11-13,36543.3
2023-11-14,35590.7
2023-11-15,37840.6
2023-11-16,36160.4
2023-11-17,36569.7
2023-11-18,36577.4
2023-11-19,37442.7
2023-11-20,37516.1
2023-11-21,36035
2023-11-22,37403
2023-11-23,37311.7
2023-11-24,37718.8
2023-11-25,37800.1
2023-11-26,37482.7
2023-11-27,37229.2
2023-11-28,37828.5
2023-11-29,37846.9
2023-11-30,37712.7
2023-12-01,38703.6
2023-12-02,39462.3
2023-12-03,39978.2
2023-12-04,41910.3
2023-12-05,44067
2023-12-06,43745.8
2023-12-07,43282.6
2023-12-08,44205.1
2023-12-09,43740
2023-12-10,43732.7
2023-12-11,41209.9
2023-12-12,41467.3
2023-12-13,42939.1
2023-12-14,43033.1
2023-12-15,41978.1
2023-12-16,42203.2
2023-12-17,41428.7
2023-12-18,42635.7
2023-12-19,42271.9
2023-12-20,43605.2
2023-12-21,43870.2
2023-12-22,44009.5
2023-12-23,43768.8
2023-12-24,43097.8
2023-12-25,43623.8
2023-12-26,42491.1
2023-12-27,43437
2023-12-28,42670.7
2023-12-29,41998.6
2023-12-30,42204.5
2023-12-31,42217.2
2024-01-01,44049.5
2024-01-02,44941.2
2024-01-03,42773.7
2024-01-04,44250.7
2024-01-05,44146.3
2024-01-06,43918
2024-01-07,43844.2
2024-01-08,46981.3
2024-01-09,46084
2024-01-10,46818.2
2024-01-11,46380.9
2024-01-12,42817.4
2024-01-13,42847
2024-01-14,41888.2
2024-01-15,42528.9
2024-01-16,43171.4
2024-01-17,42689.3
2024-01-18,41261.9
2024-01-19,41606.9
2024-01-20,41668.7
2024-01-21,41537.1
2024-01-22,39577.1
2024-01-23,39737.3
2024-01-24,40101.9
2024-01-25,39917.7
2024-01-26,41860.7
2024-01-27,42125.3
2024-01-28,41983
2024-01-29,43218.3
2024-01-30,42950.1
2024-01-31,42589.5
2024-02-01,43020.4
2024-02-02,43155.4
2024-02-03,42982.4
2024-02-04,42576.3
2024-02-05,42619.3
2024-02-06,43102.7
2024-02-07,44253
2024-02-08,45332.1
2024-02-09,47177
2024-02-10,47792.9
2024-02-11,48200.8
2024-02-12,49989.8
2024-02-13,49628.1
2024-02-14,51844.3
2024-02-15,51939.1
2024-02-16,52157.3
2024-02-17,51674.8
2024-02-18,52148.1
2024-02-19,51804.8
2024-02-20,52308.1
2024-02-21,51744.3
2024-02-22,51292.3
2024-02-23,50789.1
2024-02-24,51578.2
2024-02-25,51746.5
2024-02-26,54551.8
2024-02-27,57049.9
2024-02-28,62460.7
2024-02-29,61394.8
2024-03-01,62524.4
2024-03-02,62049.6
2024-03-03,62991.4
2024-03-04,68091.8
2024-03-05,63950.5
2024-03-06,66103.7
2024-03-07,67070.4
2024-03-08,68343.7
2024-03-09,68502.5
2024-03-10,68882.3
2024-03-11,72198.1
2024-03-12,71432.7
2024-03-13,73081.6
2024-03-14,71505.3
2024-03-15,69424.9
2024-03-16,65433.7
2024-03-17,68285.1
2024-03-18,67770.9
2024-03-19,61969.3
2024-03-20,67848.1
2024-03-21,65454.7
2024-03-22,63486.5
2024-03-23,64361.2
2024-03-24,67289.6
2024-03-25,70042
2024-03-26,70071
2024-03-27,69267.9
2024-03-28,70826.9
2024-03-29,69917
2024-03-30,69663
2024-03-31,71227.5
2024-04-01,69791.6
2024-04-02,65533.8
2024-04-03,66130.2
2024-04-04,68438.1
2024-04-05,67904.9
2024-04-06,69136.1
2024-04-07,69392.7
2024-04-08,71712.8
2024-04-09,69074.5
2024-04-10,70579.4
2024-04-11,70046.6
2024-04-12,67098.1
2024-04-13,64551.6
2024-04-14,65648.8
2024-04-15,63393.3
2024-04-16,63784.8
2024-04-17,61324.2
2024-04-18,63510.1
2024-04-19,63762.6
2024-04-20,64908
2024-04-21,64968.2
2024-04-22,66944.6
2024-04-23,66385.3
2024-04-24,64190
2024-04-25,64515.4
2024-04-26,63777.5
2024-04-27,63429.3
2024-04-28,62978.6
2024-04-29,63908.4
2024-04-30,60636.3
2024-05-01,58141.8
2024-05-02,59170.1
2024-05-03,62983.7
2024-05-04,63881.1
2024-05-05,64067.6
2024-05-06,63228.1
2024-05-07,62397
2024-05-08,61079.3
2024-05-09,62998.5
2024-05-10,60896.6
2024-05-11,60843.6
2024-05-12,61431.3
2024-05-13,62886.9
2024-05-14,61555.6
2024-05-15,66281.5
2024-05-16,65269.3
2024-05-17,66956.4
2024-05-18,66977.6
2024-05-19,66259.5
2024-05-20,71202.2
2024-05-21,70217.3
2024-05-22,69074.9
2024-05-23,67758.7
2024-05-24,68609
2024-05-25,69282.8
2024-05-26,68445
2024-05-27,69347.8
2024-05-28,68342.8
2024-05-29,67584.3
2024-05-30,68375.5
2024-05-31,67377.8
2024-06-01,67714.4
2024-06-02,67805.5
2024-06-03,68833.3
2024-06-04,70554.1
2024-06-05,71087.4
2024-06-06,70788.5
2024-06-07,69338.2
2024-06-08,69310.1
2024-06-09,69644
2024-06-10,69465.9
2024-06-11,67368.3
2024-06-12,68213.8
2024-06-13,66783.5
2024-06-14,65982.2
2024-06-15,66204.9
2024-06-16,66622.6
2024-06-17,66483.9
2024-06-18,65112.1
2024-06-19,64878.7
2024-06-20,64897.7
2024-06-21,64086
2024-06-22,64258.1
2024-06-23,63345
2024-06-24,60259
2024-06-25,61739.7
2024-06-26,60794.5
2024-06-27,61569.9
2024-06-28,60303.3
2024-06-29,60889.3
2024-06-30,62763.3
2024-07-01,62835.4
2024-07-02,62028.6
2024-07-03,60216.4
2024-07-04,57418.2
2024-07-05,56721
2024-07-06,58259.2
2024-07-07,56112.6
2024-07-08,56691.9
2024-07-09,57981.4
2024-07-10,57722
2024-07-11,57307.7
2024-07-12,57859.1
2024-07-13,59329
2024-07-14,61015
2024-07-15,64734.8
2024-07-16,65118.8
2024-07-17,64201.4
2024-07-18,63984.3
2024-07-19,66755.8
2024-07-20,67185.5
2024-07-21,68056.6
2024-07-22,67535.2
2024-07-23,65916.4
2024-07-24,65353.4
2024-07-25,65722.1
2024-07-26,67912.2
2024-07-27,68077.4
2024-07-28,68170.7
2024-07-29,66867.2
2024-07-30,66186.9
2024-07-31,64690.6
2024-08-01,65178.1
2024-08-02,61506.8
2024-08-03,60688.2
2024-08-04,58306.3
2024-08-05,54343.6
2024-08-06,56047.5
2024-08-07,55129.7
2024-08-08,61908.8
2024-08-09,60720.9
2024-08-10,60871.6
2024-08-11,58836.1
2024-08-12,59394.2
2024-08-13,60536.2
2024-08-14,58840.6
2024-08-15,57644.2
2024-08-16,58927.3
2024-08-17,59414.7
2024-08-18,58793.2
2024-08-19,59411.5
2024-08-20,59123.3
2024-08-21,61133
2024-08-22,60394.5
2024-08-23,64106.8
2024-08-24,64023.2
2024-08-25,64498
2024-08-26,62983.4
2024-08-27,59548
2024-08-28,59100.8
2024-08-29,59339.8
2024-08-30,59142.9
2024-08-31,58959.9
2024-09-01,57349.1
2024-09-02,59159
2024-09-03,57637.8
2024-09-04,58033.4
2024-09-05,56113
2024-09-06,53839
2024-09-07,54066.4
2024-09-08,54859.3
2024-09-09,57135.8
2024-09-10,57664.5
2024-09-11,57409.2
2024-09-12,58124.6
2024-09-13,60536.9
2024-09-14,60007.2
2024-09-15,59129.9
2024-09-16,58227.5
2024-09-17,60238.2
2024-09-18,61306.2
2024-09-19,62994.6
2024-09-20,63154
2024-09-21,63367.7
2024-09-22,63572
2024-09-23,63336
2024-09-24,64342.8
2024-09-25,63059.6
2024-09-26,65057.8
2024-09-27,65767.7
2024-09-28,65770.5
2024-09-29,65617.8
2024-09-30,63260
2024-10-01,60858.2
2024-10-02,60686.1
2024-10-03,60765.2
2024-10-04,62052.5
2024-10-05,62030.5
2024-10-06,62789.9
2024-10-07,62416.5
2024-10-08,62126.3
2024-10-09,60615.3
2024-10-10,60221.1
2024-10-11,62462.5
2024-10-12,63202.9
2024-10-13,62759.4
2024-10-14,66089.8
2024-10-15,66934
2024-10-16,67663
2024-10-17,67337.9
2024-10-18,68390.5
2024-10-19,68357.9
2024-10-20,69012.4
2024-10-21,67440.5
2024-10-22,67425.8
2024-10-23,66647.3
2024-10-24,68131
2024-10-25,66261.5
2024-10-26,67023.3
2024-10-27,68000.1
2024-10-28,69862.5
2024-10-29,72678.8
2024-10-30,72450.3
2024-10-31,70367.1
2024-11-01,69483.6
2024-11-02,69241.7
2024-11-03,68742.8
2024-11-04,67779.1
2024-11-05,69538
2024-11-06,75696
2024-11-07,75972.3
2024-11-08,76507.4
2024-11-09,76799.3
2024-11-10,80409.3
2024-11-11,88860
2024-11-12,88048.7
2024-11-13,90369.4
2024-11-14,87204.3
2024-11-15,91139.1
2024-11-16,90567.7
2024-11-17,89733
2024-11-18,90587.7
2024-11-19,92254.1
2024-11-20,94160
2024-11-21,98545.6
2024-11-22,98938.3
2024-11-23,97707
2024-11-24,97980.2
2024-11-25,93343
2024-11-26,91875.6
2024-11-27,95989.1
2024-11-28,95737.9
2024-11-29,97398.9
2024-11-30,96463.6
2024-12-01,97469.6
2024-12-02,95726.4
2024-12-03,96010.9
2024-12-04,98920.3
2024-12-05,96949.7
2024-12-06,99953.1
2024-12-07,99977.7
2024-12-08,100799
2024-12-09,97390.2
2024-12-10,96835.5
2024-12-11,101310
2024-12-12,100091
2024-12-13,101290
2024-12-14,101367
2024-12-15,104551
2024-12-16,105856
2024-12-17,106116
2024-12-18,100470
2024-12-19,97697
2024-12-20,97617.4
2024-12-21,97093
2024-12-22,95149.1
2024-12-23,94800.8
2024-12-24,98637.7
2024-12-25,99235.4
2024-12-26,95628.3
2024-12-27,94220
2024-12-28,95123.6
2024-12-29,93457.6
2024-12-30,92523.2
2024-12-31,93389.7
2025-01-01,94455.8
2025-01-02,96851.4
2025-01-03,98120.7
2025-01-04,98230
2025-01-05,98414.8
2025-01-06,102180
2025-01-07,96975
2025-01-08,95039.3
2025-01-09,92346.2
2025-01-10,94759.1
2025-01-11,94606.5
2025-01-12,94353.8
2025-01-13,94375.7
2025-01-14,96569.5
2025-01-15,100172
2025-01-16,99977.7
2025-01-17,104297
2025-01-18,104398
2025-01-19,100955
2025-01-20,102589
2025-01-21,105988
2025-01-22,103791
2025-01-23,104185
2025-01-24,104716
2025-01-25,104866
2025-01-26,102833
2025-01-27,101907
2025-01-28,101138
2025-01-29,103919
2025-01-30,104987
2025-01-31,102263
2025-02-01,100610
2025-02-02,97424.8
2025-02-03,101582
2025-02-04,97848.1
2025-02-05,96559.3
2025-02-06,96541.3
2025-02-07,96384.1
2025-02-08,96603.3
2025-02-09,96309.8
2025-02-10,97375.2
2025-02-11,95806.3
2025-02-12,97756.5
2025-02-13,96534.7
2025-02-14,97414.4
2025-02-15,97583.2
2025-02-16,96182.3
2025-02-17,95790.5
2025-02-18,95444
2025-02-19,96647.9
2025-02-20,98392.2
2025-02-21,96049
2025-02-22,96605.7
2025-02-23,96091.6
2025-02-24,91869.7
2025-02-25,88769.7
2025-02-26,83987.9
2025-02-27,84625.4
2025-02-28,84243.8
2025-03-01,85844.4
2025-03-02,94328
2025-03-03,86315.9
2025-03-04,87323.7
2025-03-05,90619.4
2025-03-06,90222.1
2025-03-07,86553.6
2025-03-08,86171.3
2025-03-09,80647.8
2025-03-10,79006
2025-03-11,82747.2
2025-03-12,83630.2
2025-03-13,81110.3
2025-03-14,84105.8
2025-03-15,84352.9
2025-03-16,82492.1
2025-03-17,84013.9
2025-03-18,82680.8
2025-03-19,86774.2
2025-03-20,84125
2025-03-21,84069.4
2025-03-22,83821.2
2025-03-23,85760.9
2025-03-24,87322.6
2025-03-25,87422.8
2025-03-26,86836.7
2025-03-27,87211.3
2025-03-28,84309.1
2025-03-29,82497.2
2025-03-30,82216.5
2025-03-31,82461.4
2025-04-01,85226.7
2025-04-02,82555.6
2025-04-03,82931.7
2025-04-04,83774.2
2025-04-05,83302.2
2025-04-06,77949.1
2025-04-07,79421.8
2025-04-08,76351.4
2025-04-09,82720.6
2025-04-10,79559
2025-04-11,83359.9
2025-04-12,85269.2
2025-04-13,83569
2025-04-14,84589
2025-04-15,83671.3
2025-04-16,84151.5
2025-04-17,84940.6
2025-04-18,84434.8
2025-04-19,85124.7
2025-04-20,85101.7
2025-04-21,87360.7
2025-04-22,93495.6
2025-04-23,93695.7
2025-04-24,93849.9
2025-04-25,94771.4
2025-04-26,94694.5
2025-04-27,93812.9
2025-04-28,95066
2025-04-29,94102.8
2025-04-30,94236.7
2025-05-01,96411.7
2025-05-02,96842.1
2025-05-03,95943.6
2025-05-04,94377.8
2025-05-05,94853.7
2025-05-06,96677.9
2025-05-07,97137.4
2025-05-08,103070
2025-05-09,102941
2025-05-10,104583
2025-05-11,103976
2025-05-12,102920
2025-05-13,104146
2025-05-14,103573
2025-05-15,103716
2025-05-16,103566
2025-05-17,103190
2025-05-18,106016
2025-05-19,105616
2025-05-20,106893
2025-05-21,109705
2025-05-22,111477
2025-05-23,107292
2025-05-24,107917
2025-05-25,108915
2025-05-26,109372
2025-05-27,109066
2025-05-28,107895
2025-05-29,105733
2025-05-30,103981
2025-05-31,104709
2025-06-01,105750
2025-06-02,105900
2025-06-03,105484
2025-06-04,104783
2025-06-05,101669
2025-06-06,104421
2025-06-07,105685
2025-06-08,105728
2025-06-09,110198
2025-06-10,110074
2025-06-11,108646
2025-06-12,105999
2025-06-13,106025
2025-06-14,105467
2025-06-15,105513
2025-06-16,107244
2025-06-17,104628
2025-06-18,104813
2025-06-19,104710
2025-06-20,103275
2025-06-21,101548
2025-06-22,100899
2025-06-23,105497
2025-06-24,105964
2025-06-25,107305
2025-06-26,107013
2025-06-27,107091
2025-06-28,107358
2025-06-29,108361
2025-06-30,107153
2025-07-01,105566
2025-07-02,108927
2025-07-03,109632
2025-07-04,108081
2025-07-05,108245
2025-07-06,109180
2025-07-07,108249
2025-07-08,108957
2025-07-09,111417
2025-07-10,115874
2025-07-11,117619
2025-07-12,117382
2025-07-13,118900
2025-07-14,119871
2025-07-15,117711
2025-07-16,118730
2025-07-17,119502
2025-07-18,117959
2025-07-19,117909
2025-07-20,117306
2025-07-21,117432
2025-07-22,120068
2025-07-23,118651
2025-07-24,118377
2025-07-25,117520
2025-07-26,117983
2025-07-27,119438
2025-07-28,118023
2025-07-29,117871
2025-07-30,117733
2025-07-31,115848
2025-08-01,113282
2025-08-02,112546
2025-08-03,114264
2025-08-04,115200
2025-08-05,114111
2025-08-06,115035
2025-08-07,117445
2025-08-08,116741
2025-08-09,116512
2025-08-10,119189
2025-08-11,118742
2025-08-12,120154
2025-08-13,123443
2025-08-14,118510
2025-08-15,117311
2025-08-16,117462
2025-08-17,117602
2025-08-18,116313
2025-08-19,112886
2025-08-20,114277
2025-08-21,112347
2025-08-22,116801
2025-08-23,115280
2025-08-24,113516
2025-08-25,110090
2025-08-26,111895
2025-08-27,111252
2025-08-28,112481
2025-08-29,108473
2025-08-30,108746
2025-08-31,108316
2025-09-01,108992
2025-09-02,111141
2025-09-03,111781
2025-09-04,110901
2025-09-05,110711
2025-09-06,110244
2025-09-07,111308
2025-09-08,112112
2025-09-09,111486
2025-09-10,113931
2025-09-11,115446
2025-09-12,116149
2025-09-13,115966
2025-09-14,115396
2025-09-15,115421
2025-09-16,116799
2025-09-17,116576
2025-09-18,117014
2025-09-19,115612
2025-09-20,115753
2025-09-21,115321
2025-09-22,112728
2025-09-23,112052
2025-09-24,113325
2025-09-25,109166
2025-09-26,109669
2025-09-27,109645
2025-09-28,112170
2025-09-29,114341
2025-09-30,113972
2025-10-01,118393
2025-10-02,120559
2025-10-03,122348
2025-10-04,122380
2025-10-05,123524
2025-10-06,124824
2025-10-07,121588
2025-10-08,123390
2025-10-09,121603
2025-10-10,113755
2025-10-11,110940
2025-10-12,115153
2025-10-13,115332
2025-10-14,113327
2025-10-15,110863
2025-10-16,108135
2025-10-17,106626
2025-10-18,107144
2025-10-19,108707
2025-10-20,110640
2025-10-21,108700
2025-10-22,107668
2025-10-23,110061
2025-10-24,111025
2025-10-25,111615
2025-10-26,114557
2025-10-27,114088
2025-10-28,112981
2025-10-29,110206
2025-10-30,108020
2025-10-31,109554
2025-11-01,110005
2025-11-02,110389
2025-11-03,106496
2025-11-04,101350
2025-11-05,103916
2025-11-06,101242
2025-11-07,103428
2025-11-08,102335
2025-11-09,104686
2025-11-10,106082
2025-11-11,102974
2025-11-12,101682
2025-11-13,100035
2025-11-14,94502.5
2025-11-15,95541.3
2025-11-16,94182.3
2025-11-17,91911.5
2025-11-18,92836.4
2025-11-19,91320.5
2025-11-20,86911.3
2025-11-21,84948
2025-11-22,84775
2025-11-23,86872.5
2025-11-24,88377.6
2025-11-25,87434.6
2025-11-26,90449.3
2025-11-27,91336.2
2025-11-28,90990.1
2025-11-29,90842.1
2025-11-30,90607.7
2025-12-01,86504.6
2025-12-02,91528
2025-12-03,93609.1
2025-12-04,92205.6
2025-12-05,89279.8
2025-12-06,89169.6
2025-12-07,90067.8
2025-12-08,90673.1
2025-12-09,92808.9
2025-12-10,92102.9
2025-12-11,92623.7
2025-12-12,90331.6
2025-12-13,90245.3
2025-12-14,88096.4
2025-12-15,86352.6
2025-12-16,87752.4
2025-12-17,86059.6
2025-12-18,85434.2
2025-12-19,88168.1
2025-12-20,88292.5
2025-12-21,88533.4
2025-12-22,88474.5
2025-12-23,87366
2025-12-24,87625.7
2025-12-25,87231.3
2025-12-26,87334.8
2025-12-27,87695.4
2025-12-28,87747.6
2025-12-29,87133.5
2025-12-30,88428.5
2025-12-31,87517
2026-01-01,88684.2
2026-01-02,89940.2
2026-01-03,90598.1
2026-01-04,91359.8
2026-01-05,93948.6
2026-01-06,93574.3
2026-01-07,91209
2026-01-08,91096.9
2026-01-09,90539.6
2026-01-10,90406.1
2026-01-11,90717.2
2026-01-12,91141.1
2026-01-13,95304.5
2026-01-14,97044
2026-01-15,95546.1
2026-01-16,95489.1
2026-01-17,95107
2026-01-18,94261.3
2026-01-19,92526.2
2026-01-20,88236.6
2026-01-21,89599.4
2026-01-22,89395.7
2026-01-23,89439.8
2026-01-24,89185
2026-01-25,86445.7
2026-01-26,88337.5
2026-01-27,89260.4
2026-01-28,89177.8
2026-01-29,84520.4
2026-01-30,84017
2026-01-31,78702.4
2026-02-01,76911.1
2026-02-02,78716.6
2026-02-03,75684.8
2026-02-04,73095.2
2026-02-05,63494.7
2026-02-06,70647.7
2026-02-07,69166.3
2026-02-08,70522.6
2026-02-09,70244.1
2026-02-10,68688.8
2026-02-11,66989.7
2026-02-12,66221.5
2026-02-13,68860.8
2026-02-14,69798.1
2026-02-15,68630
2026-02-16,68747.4
2026-02-17,67471.1
2026-02-18,66380.7
2026-02-19,66932.4
2026-02-20,67977.3
2026-02-21,68020.7
2026-02-22,67550
2026-02-23,64689.9
2026-02-24,64123.8
2026-02-25,68038.5
2026-02-26,67519.3
2026-02-27,65864.1
2026-02-28,66965.6
2026-03-01,65733.5
2026-03-02,68922.6
2026-03-03,68431.2
2026-03-04,72667.5
2026-03-05,70987.4
2026-03-06,68226.7
2026-03-07,67315.6
2026-03-08,66202.7
2026-03-09,68528.5
2026-03-10,69891.8
2026-03-11,70298.6
2026-03-12,70538.1
2026-03-13,70930
2026-03-14,71136.2
2026-03-15,72712.1
2026-03-16,74724
2026-03-17,74086
2026-03-18,71254
2026-03-19,69948.9
2026-03-20,70510.4
2026-03-21,69707.3
2026-03-22,68018.2
2026-03-23,70726.2
2026-03-24,70610
2026-03-25,71281.3
2026-03-26,68723
2026-03-27,66214.2
2026-03-28,66351.1
2026-03-29,65966.8
2026-03-30,66651.2
2026-03-31,68214.9
2026-04-01,68116.8
2026-04-02,66908.3
2026-04-03,66891.7
2026-04-04,67295.1
2026-04-05,68921.8
2026-04-06,68742.9
2026-04-07,72057.1
2026-04-08,71085.1
2026-04-09,71788.7
2026-04-10,72945.1
2026-04-11,73119.1
2026-04-12,70685.4
2026-04-13,74632.7
2026-04-14,74173.5
2026-04-15,74762
2026-04-16,75095.7
2026-04-17,77114.5
2026-04-18,75792.1
2026-04-19,73905.2
2026-04-20,75814.1
2026-04-21,76107.4
2026-04-22,78317.7
2026-04-23,78233.7
2026-04-24,77444.3
2026-04-25,77624.7
2026-04-26,78538.8
2026-04-27,77256.3
2026-04-28,76295.5
2026-04-29,75795
2026-04-30,76299.6
2026-05-01,78132.6
2026-05-02,78712.5
2026-05-03,78649.2
2026-05-04,79826.1
2026-05-05,80936.8
2026-05-06,81364.6
2026-05-07,79989
2026-05-08,80179.7
2026-05-09,80663.6
2026-05-10,82256.8
2026-05-11,81714.7
2026-05-12,80525.6
2026-05-13,79291.9
2026-05-14,81175.8
2026-05-15,79063.4
2026-05-16,78164.5
2026-05-17,77497.7
2026-05-18,76975.9
2026-05-19,76807.5
2026-05-20,77408.2
2026-05-21,77595.4
2026-05-22,75567.5
2026-05-23,76619.9
2026-05-24,76974.9
2026-05-25,77254.9
2026-05-26,75820.9
2026-05-27,74330.5
2026-05-28,73519.2
2026-05-29,73373.3
2026-05-30,73762.1
2026-05-31,73568
2026-06-01,71313.9
2026-06-02,66668.6
2026-06-03,64045.6
2026-06-04,63814.8
2026-06-05,61042.1
2026-06-06,60858.6
2026-06-07,63315.7
2026-06-08,63061.8
2026-06-09,61685.4
2026-06-10,61456.5
2026-06-11,63558.2
2026-06-12,63531
2026-06-13,64440
2026-06-14,65712.5
2026-06-15,66282.1
2026-06-16,65612.9
2026-06-17,64443.3
2026-06-18,62889.9
2026-06-19,63487.3
2026-06-20,64245.7
2026-06-21,63237.2
2026-06-22,63949
2026-06-23,62651.4
2026-06-24,60987
2026-06-25,59696.3
2026-06-26,60019.4
2026-06-27,59940.1
2026-06-28,59473.3
2026-06-29,60163.9
2026-06-30,58526.2
2026-07-01,59963.5
2026-07-02,61479.1
2026-07-03,62522.5
2026-07-04,63086.2
2026-07-05,63587.1
2026-07-06,64000.1
2026-07-07,63311.3
2026-07-08,62237.8
2026-07-09,63185.9
2026-07-10,64114.2
2026-07-11,63780
2026-07-12,63743.5
2026-07-13,62256.8
2026-07-14,64975.7
2026-07-15,64713.8
2026-07-16,63788
2026-07-17,63892
2026-07-18,64792.3
2026-07-19,64681.6
2026-07-20,65212.6
2026-07-21,66518.7
2026-07-22,66082.5
2026-07-23,65050.5
2026-07-24,64086.6
2026-07-25,64307.9
2026-07-26,65338.9
2026-07-27,63697.7
2026-07-28,63850.5
2026-07-29,63894.4
2026-07-30,64716.8
2026-07-31,62818
2026-08-01,62759.8
2026-08-02,63500
2026-08-03,63460
2026-08-04,64056.5
2026-08-05,64600.2
2026-08-06,64255.6
2026-08-07,64877.8
2026-08-08,64908.7
2026-08-09,64857.3
2026-08-10,63911.2
2026-08-11,63542.8
2026-08-12,63406.3
2026-08-13,63418
2026-08-14,62976
2026-08-15,63025.9
2026-08-16,62831.7
2026-08-17,64484.8
2026-08-18,64686.1
2026-08-19,69297.8
2026-08-20,73007.7
2026-08-21,78325.1
2026-08-22,77065.6
2026-08-23,77716.5
2026-08-24,78986.1
2026-08-25,78534.9
2026-08-26,79022.7
2026-08-27,80279
2026-08-28,77835.2
2026-08-29,78235
2026-08-30,77701.7
2026-08-31,78571.2
2026-09-01,77397.4
2026-09-02,77301.8
2026-09-03,81265
2026-09-04,79676.6
2026-09-05,79830.4
2026-09-06,80339
2026-09-07,79090.4
2026-09-08,78449
2026-09-09,78281.6
2026-09-10,76528.8
2026-09-11,77212.5
2026-09-12,77269.2
2026-09-13,76808.7
2026-09-14,78185
2026-09-15,75577.3
2026-09-16,76138.6
2026-09-17,76354.9
2026-09-18,80878.8
2026-09-19,81235.1
2026-09-20,81151.6
2026-09-21,86586.5
2026-09-22,86201.4
2026-09-23,84384.5
2026-09-24,84383
2026-09-25,84089.5
2026-09-26,84433.1
2026-09-27,84472
2026-09-28,83500
2026-09-29,83663.7
2026-09-30,83623.6
2026-10-01,84880.1
2026-10-02,84518
2026-10-03,84753.6
2026-10-04,86530
