date,PriceUSD,CapMrktCurUSD,CapMVRVCur,IssTotNtv,SplyCur
2010-07-18,0.08584,295959.15,146.03833,8600,3447800
2010-07-19,0.0808,279285.2,62.56513,8700,3456500
2010-07-20,0.074735729,259000.4,45.10663,9050,3465550
2010-07-21,0.079192863,275266.47,38.35756,10350,3475900
2010-07-22,0.05846976,203749.57,25.132348,8800,3484700
2010-07-23,0.06059287,211735.72,23.190988,9700,3494400
2010-07-24,0.05454,191099.98,17.071914,9450,3503850
2010-07-25,0.050540618,177670.49,14.2948,11550,3515400
2010-07-26,0.056,197542.8,12.57111,12150,3527550
2010-07-27,0.058622016,207278.66,12.410611,8300,3535850
2010-07-28,0.058911099,208769.15,11.867736,7950,3543800
2010-07-29,0.0699,248340.72,13.541212,9000,3552800
2010-07-30,0.064657382,230303.13,12.032902,9100,3561900
2010-07-31,0.067545799,241276.97,12.052866,10150,3572050
2010-08-01,0.0611,218982.4,10.448923,11950,3584000
2010-08-02,0.06,215766,9.9762043,12100,3596100
2010-08-03,0.060012151,216490.83,9.6046126,11350,3607450
2010-08-04,0.05701578,206374.32,8.8288379,12150,3619600
2010-08-05,0.061,221460.5,9.1950603,10900,3630500
2010-08-06,0.061671315,224350.99,9.0258121,7350,3637850
2010-08-07,0.059003945,215104.78,8.4287573,7750,3645600
2010-08-08,0.0609,222622.99,8.4770236,9950,3655550
2010-08-09,0.0704,258019.52,9.2808544,9500,3665050
2010-08-10,0.069338729,254792.09,8.8838732,9550,3674600
2010-08-11,0.067,246978.75,8.3379318,11650,3686250
2010-08-12,0.07,258797,8.4978761,10850,3697100
2010-08-13,0.0645,239156.33,7.5676284,10750,3707850
2010-08-14,0.066996434,249354.03,7.6518968,14050,3721900
2010-08-15,0.065117932,243036.4,7.2664966,10350,3732250
2010-08-16,0.0655,244943.8,7.138375,7350,3739600
2010-08-17,0.07,262223.5,7.5098587,6450,3746050
2010-08-18,0.068,255183.6,7.1479643,6650,3752700
2010-08-19,0.0667,250755.32,6.9316844,6750,3759450
2010-08-20,0.0655,246876.05,6.694129,9650,3769100
2010-08-21,0.0664,250842.6,6.6177563,8650,3777750
2010-08-22,0.065928989,249762.09,6.4156872,10600,3788350
2010-08-23,0.06491,246593.09,6.2249562,10650,3799000
2010-08-24,0.065,247633.75,6.1324701,10750,3809750
2010-08-25,0.0648,247571.64,6.0238608,10800,3820550
2010-08-26,0.064075114,245474.97,5.8746901,10500,3831050
2010-08-27,0.065,249574,5.8720924,8550,3839600
2010-08-28,0.0646,248587.26,5.7749761,8500,3848100
2010-08-29,0.064,246796.8,5.6627291,8100,3856200
2010-08-30,0.06497,251021.34,5.6905024,7450,3863650
2010-08-31,0.06,232371,5.1915982,9200,3872850
2010-09-01,0.062024828,240699.75,5.3189132,7850,3880700
2010-09-02,0.0634,246530.9,5.3852254,7800,3888500
2010-09-03,0.06085,237114.2,5.121796,8200,3896700
2010-09-04,0.062178276,242852.8,5.1823595,9050,3905750
2010-09-05,0.06165,241298.1,5.0689735,8250,3914000
2010-09-06,0.0616,241589.04,5.0320727,7900,3921900
2010-09-07,0.061239118,240663.61,4.9481631,8000,3929900
2010-09-08,0.061,240227.15,4.8883612,8250,3938150
2010-09-09,0.061114971,241092.45,4.7954578,6750,3944900
2010-09-10,0.061011524,241224.31,4.7466951,8850,3953750
2010-09-11,0.063620865,252049.96,4.9106113,8000,3961750
2010-09-12,0.0615,244191.9,4.6969995,8850,3970600
2010-09-13,0.06218,247423.55,4.7064154,8550,3979150
2010-09-14,0.06199,247296.71,4.6451286,10150,3989300
2010-09-15,0.0604,241464.1,4.4542888,8450,3997750
2010-09-16,0.0619,248138.53,4.476339,10950,4008700
2010-09-17,0.060000526,241148.11,4.1927478,10400,4019100
2010-09-18,0.061,245887.95,4.2204801,11850,4030950
2010-09-19,0.0627,253395.78,4.2953411,10450,4041400
2010-09-20,0.062101736,251608.29,4.220434,10150,4051550
2010-09-21,0.06265,254368.4,4.2260218,8600,4060150
2010-09-22,0.06188187,251788.05,4.1416241,8700,4068850
2010-09-23,0.062153513,253620.52,4.1149737,11700,4080550
2010-09-24,0.0622,254519.29,4.0795467,11400,4091950
2010-09-25,0.06202,254424.65,4.0327841,10350,4102300
2010-09-26,0.062,254978.1,4.0007064,10250,4112550
2010-09-27,0.062200442,256514.62,3.9175116,11450,4124000
2010-09-28,0.061903898,255947.86,3.7031876,10600,4134600
2010-09-29,0.06191,256480.75,3.6736978,8200,4142800
2010-09-30,0.0619,256891.19,3.5869748,7300,4150100
2010-10-01,0.061973314,257672.64,3.5721868,7700,4157800
2010-10-02,0.0614,255595.92,3.2660721,5000,4162800
2010-10-03,0.061064868,254573.33,3.2380791,6100,4168900
2010-10-04,0.061294477,255999.45,3.2341765,7650,4176550
2010-10-05,0.0614,256826.99,3.1700361,6300,4182850
2010-10-06,0.06281,263261.83,3.2242134,8550,4191400
2010-10-07,0.067,281359.8,3.4031201,8000,4199400
2010-10-08,0.084453108,355302.67,4.1483383,7700,4207100
2010-10-09,0.0938,395367,4.4076656,7900,4215000
2010-10-10,0.097146201,410335.84,4.4587995,8900,4223900
2010-10-11,0.095,402025.75,4.2811753,7950,4231850
2010-10-12,0.0949,402338.04,4.2360293,7750,4239600
2010-10-13,0.10486559,445510.97,4.5504465,8800,4248400
2010-10-14,0.102,434382.3,4.3584453,10250,4258650
2010-10-15,0.105,448087.5,4.3435386,8850,4267500
2010-10-16,0.101,432320.4,4.0698543,12900,4280400
2010-10-17,0.102,437977.8,4.0627793,13500,4293900
2010-10-18,0.1024,440970.24,4.0299488,12450,4306350
2010-10-19,0.097544892,421311.02,3.8076166,12800,4319150
2010-10-20,0.099,428902.65,3.8186494,13200,4332350
2010-10-21,0.107,464556.55,4.0091985,9300,4341650
2010-10-22,0.1025,445808.38,3.8209618,7700,4349350
2010-10-23,0.10455642,455667.35,3.8548517,8750,4358100
2010-10-24,0.11501,502403.93,4.1438422,10250,4368350
2010-10-25,0.13911855,609130.58,4.8888339,10150,4378500
2010-10-26,0.151,662973.05,5.1452374,12050,4390550
2010-10-27,0.1877,826105.24,6.050584,10650,4401200
2010-10-28,0.1731,763743.17,5.2615273,10950,4412150
2010-10-29,0.19,840427,5.6336694,11150,4423300
2010-10-30,0.19761054,876580.61,5.7212464,12600,4435900
2010-10-31,0.1925,855633.62,5.4376109,8950,4444850
2010-11-01,0.19452506,866356.27,5.4140641,8850,4453700
2010-11-02,0.1938,864832.5,5.2831148,8800,4462500
2010-11-03,0.1931,863543.2,5.1837017,9500,4472000
2010-11-04,0.22927516,1027622.7,5.7153824,10050,4482050
2010-11-05,0.25911241,1164192.1,6.251489,10950,4493000
2010-11-06,0.4009823,1805984.2,8.1940522,10900,4503900
2010-11-07,0.34,1535423,6.7331264,12050,4515950
2010-11-08,0.24318463,1101553.4,4.5952073,13750,4529700
2010-11-09,0.21727269,986537.53,4.062576,10850,4540550
2010-11-10,0.22954973,1044612,4.2582574,10150,4550700
2010-11-11,0.2231,1017704.1,4.1038126,10950,4561650
2010-11-12,0.2682,1225700.8,4.8862047,8450,4570100
2010-11-13,0.276,1264425,4.932125,11150,4581250
2010-11-14,0.27904,1281895.8,4.8874366,12800,4593950
2010-11-15,0.26846456,1235997.4,4.5127622,10000,4603950
2010-11-16,0.225,1038105,3.7602812,9850,4613800
2010-11-17,0.24193933,1119247.6,4.0064152,12350,4626150
2010-11-18,0.26905779,1248159.1,4.3972082,12850,4639000
2010-11-19,0.27829,1293074.5,4.4831245,7500,4646500
2010-11-20,0.28301596,1316675.2,4.4984101,5800,4652300
2010-11-21,0.27675,1289461.3,4.3694471,7000,4659300
2010-11-22,0.285,1330223.2,4.460216,8150,4667450
2010-11-23,0.28295,1322635.6,4.3859983,7000,4674450
2010-11-24,0.28290574,1324932.4,4.3360048,8850,4683300
2010-11-25,0.28,1313858,4.2318551,9050,4692350
2010-11-26,0.2844,1337263,4.2314195,9700,4702050
2010-11-27,0.283,1333227.1,4.1758781,9000,4711050
2010-11-28,0.27135868,1280718,3.9793163,8600,4719650
2010-11-29,0.23055946,1090569.3,3.3728974,10450,4730100
2010-11-30,0.2082,986909.64,3.0371558,10100,4740200
2010-12-01,0.2275,1080534,3.3111316,9400,4749600
2010-12-02,0.255,1213545,3.6445754,9400,4759000
2010-12-03,0.25106008,1197167.5,3.5713467,9450,4768450
2010-12-04,0.20500053,979882.01,2.9073395,11450,4779900
2010-12-05,0.20285002,972026.86,2.8640171,11950,4791850
2010-12-06,0.204,979995.6,2.8330696,12050,4803900
2010-12-07,0.23342039,1124117.6,3.1967626,11950,4815850
2010-12-08,0.2388,1152866.7,3.249069,11900,4827750
2010-12-09,0.19999169,967739.81,2.7109167,11150,4838900
2010-12-10,0.204,988635,2.7619015,7350,4846250
2010-12-11,0.228,1106940,3.0707013,8750,4855000
2010-12-12,0.21985361,1069269,2.9496969,8550,4863550
2010-12-13,0.22760524,1108574.1,3.0315688,7050,4870600
2010-12-14,0.24669,1203637.5,3.2696663,8550,4879150
2010-12-15,0.24,1173348,3.1522981,9800,4888950
2010-12-16,0.24996,1224204.1,3.2645555,8650,4897600
2010-12-17,0.24265582,1190445.2,3.1571202,8300,4905900
2010-12-18,0.241,1184261.9,3.1196009,8050,4913950
2010-12-19,0.2401,1182048.3,3.0970655,9200,4923150
2010-12-20,0.267,1316603.7,3.3999621,7950,4931100
2010-12-21,0.241436,1192911.1,3.0127253,9800,4940900
2010-12-22,0.25,1237187.5,3.1075715,7850,4948750
2010-12-23,0.24997013,1238852,3.0950386,7250,4956000
2010-12-24,0.248,1230923.2,3.0589117,7400,4963400
2010-12-25,0.2499,1242452.8,3.0679054,8400,4971800
2010-12-26,0.26496213,1319259.7,3.2367718,7250,4979050
2010-12-27,0.26478539,1320577.4,3.2187243,8300,4987350
2010-12-28,0.281,1403819.8,3.3936098,8450,4995800
2010-12-29,0.3,1501215,3.5551495,8250,5004050
2010-12-30,0.3,1503750,3.5300012,8450,5012500
2010-12-31,0.3,1506180,3.5125526,8100,5020600
2011-01-01,0.3,1508895,3.4943191,9050,5029650
2011-01-02,0.29997,1511368.8,3.4637462,8750,5038400
2011-01-03,0.295,1488629,3.386192,7800,5046200
2011-01-04,0.29895,1510669.1,3.4174485,7050,5053250
2011-01-05,0.2989163,1512800.5,3.3999444,7700,5060950
2011-01-06,0.298,1510264,3.3740901,7050,5068000
2011-01-07,0.32,1624384,3.5966252,8200,5076200
2011-01-08,0.3229,1641849.6,3.6031144,8500,5084700
2011-01-09,0.323,1644990.6,3.5830303,8150,5092850
2011-01-10,0.32659,1665919.3,3.5679063,8100,5100950
2011-01-11,0.32659,1668727.9,3.4743447,8600,5109550
2011-01-12,0.31879962,1631584.6,3.3761339,8350,5117900
2011-01-13,0.3176,1628430.5,3.315201,9400,5127300
2011-01-14,0.39999001,2054488.7,4.1074147,9050,5136350
2011-01-15,0.386,1985661.2,3.934796,7850,5144200
2011-01-16,0.38679,1993090.2,3.8907274,8700,5152900
2011-01-17,0.3495,1804101.5,3.4844392,9050,5161950
2011-01-18,0.31299,1617845.3,3.1100831,7050,5169000
2011-01-19,0.31299,1620490.1,3.0726073,8450,5177450
2011-01-20,0.39,2022832.5,3.7875152,9300,5186750
2011-01-21,0.41991,2181621.4,4.0332421,8700,5195450
2011-01-22,0.44003553,2289812.9,4.1752733,8250,5203700
2011-01-23,0.4424,2305877.3,4.1146744,8500,5212200
2011-01-24,0.4199,2192549.8,3.8538566,9400,5221600
2011-01-25,0.41,2144054,3.7395894,7800,5229400
2011-01-26,0.41508513,2174381.9,3.2826763,9000,5238400
2011-01-27,0.4212,2209783.7,3.2985221,8000,5246400
2011-01-28,0.44448404,2335452.5,3.4496423,7900,5254300
2011-01-29,0.439,2310171.6,3.3597068,8050,5262350
2011-01-30,0.47714203,2514610.1,3.6240831,7800,5270150
2011-01-31,0.52513687,2772013.7,3.8896775,8500,5278650
2011-02-01,0.70751012,3740499.9,5.0234455,8200,5286850
2011-02-02,0.72543482,3840996,4.9551481,7900,5294750
2011-02-03,0.69389837,3679569.6,4.6866345,8000,5302750
2011-02-04,0.81095897,4308179,5.3602984,9700,5312450
2011-02-05,0.91167148,4851368.6,5.7906863,8950,5321400
2011-02-06,0.898,4786564.5,5.591558,8850,5330250
2011-02-07,0.88942137,4749865.9,5.2529362,10150,5340400
2011-02-08,0.918,4910198.4,5.3549229,8400,5348800
2011-02-09,1.0160502,5444403.6,5.6960256,9600,5358400
2011-02-10,0.97965296,5258483.2,5.3811629,9300,5367700
2011-02-11,1.0540695,5667731.5,5.620348,9300,5377000
2011-02-12,1.0787033,5810758.9,5.6631876,9800,5386800
2011-02-13,1.05,5666535,5.4273898,9900,5396700
2011-02-14,1.0700126,5785023.3,5.3181269,9800,5406500
2011-02-15,1.05,5688637.5,5.1581718,11250,5417750
2011-02-16,1.0316876,5601393.2,5.0136983,11600,5429350
2011-02-17,1.0399232,5658118.1,5.0009027,11550,5440900
2011-02-18,0.89895591,4900658.2,4.2771379,10600,5451500
2011-02-19,0.94402812,5153968.7,4.461739,8050,5459550
2011-02-20,0.865,4731074.2,4.0456499,9900,5469450
2011-02-21,0.83574743,4579185.5,3.8865163,9700,5479150
2011-02-22,0.87704178,4814696.3,4.0390396,10550,5489700
2011-02-23,0.9,4951665,4.1111612,12150,5501850
2011-02-24,0.98909527,5452090.9,4.4607512,10350,5512200
2011-02-25,0.914652,5052034.6,4.0970836,11250,5523450
2011-02-26,0.958,5304685.5,4.2013628,13800,5537250
2011-02-27,0.89503311,4966941.5,3.8573761,12200,5549450
2011-02-28,0.86022092,4780204.7,3.6626432,7500,5556950
2011-03-01,0.92109689,5124476.5,3.4555649,6500,5563450
2011-03-02,0.9399,5236981.8,3.4962959,8400,5571850
2011-03-03,0.93907338,5241109.4,3.4729141,9300,5581150
2011-03-04,0.9011,5039131.4,3.312313,11050,5592200
2011-03-05,0.90784061,5089399.8,3.3071177,13850,5606050
2011-03-06,0.88477097,4972191.7,3.2074455,13700,5619750
2011-03-07,0.87758386,4941060.4,3.1730868,10550,5630300
2011-03-08,0.86607159,4884340.7,3.1140094,9350,5639650
2011-03-09,0.86,4856979,3.0838944,8000,5647650
2011-03-10,0.92067031,5204687.4,3.286687,5500,5653150
2011-03-11,0.88,4980492,3.1327713,6500,5659650
2011-03-12,0.91781551,5200939.3,3.2318075,7000,5666650
2011-03-13,0.89249,5062649.5,3.1254192,5850,5672500
2011-03-14,0.89392492,5075795.1,3.0997609,5600,5678100
2011-03-15,0.87224,4957550.5,3.0094772,5600,5683700
2011-03-16,0.85121167,4843820,2.9052447,6800,5690500
2011-03-17,0.82542,4702871.7,2.8033005,7050,5697550
2011-03-18,0.80195921,4574014.4,2.7211682,6000,5703550
2011-03-19,0.765,4367614.5,2.5915635,5750,5709300
2011-03-20,0.7415,4238525.2,2.5087125,6850,5716150
2011-03-21,0.75897,4344002.7,2.5603195,7400,5723550
2011-03-22,0.80913029,4635912,2.7174235,5950,5729500
2011-03-23,0.84971,4875083.7,2.8434557,7850,5737350
2011-03-24,0.87237437,5011747.1,2.8848184,7600,5744950
2011-03-25,0.88377,5084859.1,2.9114592,8650,5753600
2011-03-26,0.8552,4926379.6,2.7925475,6900,5760500
2011-03-27,0.822,4741008.3,2.6767536,7150,5767650
2011-03-28,0.7947405,4590460.9,2.58237,8400,5776050
2011-03-29,0.79250994,4584036,2.5699918,8150,5784200
2011-03-30,0.78970631,4573979,2.5567379,7800,5792000
2011-03-31,0.78461,4552346.5,2.534094,10050,5802050
2011-04-01,0.77411,4498237.1,2.4943406,8800,5810850
2011-04-02,0.78199,4551064.5,2.5163931,9000,5819850
2011-04-03,0.779,4540479.4,2.5013052,8750,5828600
2011-04-04,0.68,3969500,2.1702087,8900,5837500
2011-04-05,0.71569183,4184793.3,2.2785139,9700,5847200
2011-04-06,0.74,4332404,2.3520935,7400,5854600
2011-04-07,0.7538,4418737.9,2.3912456,7350,5861950
2011-04-08,0.74999,4402628.8,2.3738264,8300,5870250
2011-04-09,0.73406052,4314844.4,2.319886,7800,5878050
2011-04-10,0.73315682,4315874.3,2.313832,8650,5886700
2011-04-11,0.77011393,4539706.1,2.4239908,8150,5894850
2011-04-12,0.86138161,5084735.6,2.6961135,8150,5903000
2011-04-13,0.93032006,5500703.4,2.8913545,9700,5912700
2011-04-14,0.99862977,5912587.3,3.0731976,8000,5920700
2011-04-15,0.98367314,5830722.5,2.9933324,6800,5927500
2011-04-16,1.0466329,6212969.6,3.1561523,8650,5936150
2011-04-17,1.0981221,6528500.6,3.2738613,9000,5945150
2011-04-18,1.1494333,6842059.3,3.3747383,7400,5952550
2011-04-19,1.1851622,7063863.1,3.4249834,7700,5960250
2011-04-20,1.142126,6815579.7,3.2848598,7200,5967450
2011-04-21,1.2073389,7213608.3,3.4390582,7350,5974800
2011-04-22,1.4045051,8403996.6,3.9043156,8800,5983600
2011-04-23,1.8288523,10958849,4.8609974,8600,5992200
2011-04-24,1.6319842,9792394.9,4.2754363,8100,6000300
2011-04-25,1.5644836,9402390.2,4.0611317,9600,6009900
2011-04-26,1.7708409,10659842,4.514597,9750,6019650
2011-04-27,1.903176,11473867,4.7674416,9150,6028800
2011-04-28,2.2857445,13799039,5.5356248,8200,6037000
2011-04-29,2.8506051,17237609,5.2795655,10000,6047000
2011-04-30,3.5,21197575,5.7434068,9450,6056450
2011-05-01,3.0942276,18767728,4.9671936,8950,6065400
2011-05-02,3.2,19440800,5.0548615,9850,6075250
2011-05-03,3.3605857,20449332,5.1334921,9800,6085050
2011-05-04,3.408673,20775521,4.8433781,9850,6094900
2011-05-05,3.3437367,20416355,4.676646,10950,6105850
2011-05-06,3.4550756,21133834,4.6360313,10900,6116750
2011-05-07,3.641263,22311657,4.8079281,10700,6127450
2011-05-08,3.8486684,23624666,4.9234861,10950,6138400
2011-05-09,3.8040896,23396482,4.7759826,11950,6150350
2011-05-10,5.651667,34811443,6.2849561,9150,6159500
2011-05-11,5.439751,33558096,5.7737557,9550,6169050
2011-05-12,6.3348787,39133713,6.2361957,8450,6177500
2011-05-13,8.1390349,50363127,6.8161034,10350,6187850
2011-05-14,7.0072438,43444561,5.7111511,12100,6199950
2011-05-15,6.9249248,43010362,5.3887881,11000,6210950
2011-05-16,7.8851407,49071596,5.6494811,12350,6223300
2011-05-17,7.2571995,45256985,5.0590909,12850,6236150
2011-05-18,6.7631634,42273491,4.6102672,14400,6250550
2011-05-19,6.8901436,43126098,4.6264625,8550,6259100
2011-05-20,5.6180962,35226025,3.713282,11000,6270100
2011-05-21,6.0848007,38219241,4.0728579,11000,6281100
2011-05-22,6.711956,42243038,4.3503438,12600,6293700
2011-05-23,7.0652568,44567640,4.487161,14300,6308000
2011-05-24,7.4026606,46806653,4.5999394,14950,6322950
2011-05-25,8.5692896,54314728,5.1913341,15350,6338300
2011-05-26,8.7821554,55793912,5.1791384,14800,6353100
2011-05-27,8.5286585,54254634,4.7493835,8350,6361450
2011-05-28,8.3492691,53178165,4.6109508,7750,6369200
2011-05-29,8.4009535,53582961,4.5917741,9000,6378200
2011-05-30,8.7793425,56064003,4.7103132,7700,6385900
2011-05-31,8.7215764,55760527,4.6020253,7500,6393400
2011-06-01,9.6237772,61619121,4.9774405,9400,6402800
2011-06-02,10.70276,68629309,5.3275221,9500,6412300
2011-06-03,14.264647,91613267,6.4290494,10100,6422400
2011-06-04,18.312739,1.1781684e+08,7.7431393,11200,6433600
2011-06-05,16.543342,1.066053e+08,6.5753489,10400,6444000
2011-06-06,18.402099,1.1879751e+08,6.0241396,11650,6455650
2011-06-07,23.237878,1.5021313e+08,7.2212732,8500,6464150
2011-06-08,29.029921,1.8792229e+08,7.3878783,9250,6473400
2011-06-09,28.790544,1.8669228e+08,6.6143879,11100,6484500
2011-06-10,24.049399,1.5621648e+08,5.1359819,11150,6495650
2011-06-11,14.749747,95995038,3.17745,12600,6508250
2011-06-12,18.850145,1.2290106e+08,3.607171,11650,6519900
2011-06-13,19.542329,1.2763584e+08,3.6126702,11350,6531250
2011-06-14,19.257736,1.2601492e+08,3.308585,12350,6543600
2011-06-15,19.464143,1.2763709e+08,3.1351892,13950,6557550
2011-06-16,17.929363,1.1773406e+08,2.8381958,9000,6566550
2011-06-17,15.436369,1.0150725e+08,2.4262584,9300,6575850
2011-06-18,16.875405,1.1113635e+08,2.6295571,9850,6585700
2011-06-19,17.510717,1.1551557e+08,2.6906608,11150,6596850
2011-06-20,17.510717,1.1572045e+08,2.6708193,11700,6608550
2011-06-21,17.510717,1.1594196e+08,2.6387185,12650,6621200
2011-06-22,17.510717,1.161696e+08,2.627799,13000,6634200
2011-06-23,17.510717,1.1637973e+08,2.6150077,12000,6646200
2011-06-24,17.510717,1.1656884e+08,2.5975593,10800,6657000
2011-06-25,17.510717,1.1669404e+08,2.5892041,7150,6664150
2011-06-26,16.361342,1.0915633e+08,2.4043878,7450,6671600
2011-06-27,16.752286,1.1190611e+08,2.4186267,8450,6680050
2011-06-28,16.961835,1.134416e+08,2.4228443,8000,6688050
2011-06-29,16.854568,1.1286914e+08,2.3915325,8600,6696650
2011-06-30,16.185263,1.0854161e+08,2.279169,9550,6706200
2011-07-01,15.420357,1.0354539e+08,2.1751745,8650,6714850
2011-07-02,15.382844,1.0342348e+08,2.1710821,8450,6723300
2011-07-03,15.457551,1.0405327e+08,2.1764048,8250,6731550
2011-07-04,13.852797,93368543,1.9576195,8500,6740050
2011-07-05,12.964818,87473625,1.8272843,6950,6747000
2011-07-06,14.714784,99396156,2.0687886,7850,6754850
2011-07-07,14.797289,1.0005039e+08,2.0759814,6550,6761400
2011-07-08,14.299038,96799480,2.0056172,8250,6769650
2011-07-09,14.381501,97464868,2.0160978,7450,6777100
2011-07-10,14.622938,99201277,2.038505,6850,6783950
2011-07-11,14.310155,97191714,1.9913335,7850,6791800
2011-07-12,14.021273,95328529,1.9487235,7050,6798850
2011-07-13,13.971455,95123251,1.938412,9550,6808400
2011-07-14,13.997975,95404595,1.9395581,7200,6815600
2011-07-15,13.80639,94210666,1.9108685,8100,6823700
2011-07-16,13.713079,93681587,1.8966842,7850,6831550
2011-07-17,13.258135,90686308,1.8320481,8500,6840050
2011-07-18,13.630521,93349306,1.9420739,8500,6848550
2011-07-19,13.824795,94777955,1.9643897,7100,6855650
2011-07-20,13.678331,93875751,1.9629684,7450,6863100
2011-07-21,13.611808,93522652,1.9520172,7600,6870700
2011-07-22,13.698547,94222033,1.9631134,7550,6878250
2011-07-23,13.681718,94206156,1.9585344,7300,6885550
2011-07-24,13.992515,96462301,1.9991329,8300,6893850
2011-07-25,14.033425,96860105,2.0013214,8250,6902100
2011-07-26,13.878032,95909693,1.9763283,8800,6910900
2011-07-27,13.878225,96031764,1.9728247,8700,6919600
2011-07-28,13.491591,93460973,1.9192502,7750,6927350
2011-07-29,13.512316,93715346,1.9194017,8200,6935550
2011-07-30,13.540281,94012200,1.9194883,7600,6943150
2011-07-31,13.372906,92967106,1.8957305,8750,6951900
2011-08-01,13.019114,90614985,1.8465039,8250,6960150
2011-08-02,12.214156,85106410,1.7333836,7700,6967850
2011-08-03,9.2863569,64778840,1.333605,7850,6975700
2011-08-04,10.768504,75187308,1.5442277,6450,6982150
2011-08-05,9.730154,68005505,1.4003452,7000,6989150
2011-08-06,6.9641697,48716108,1.0178626,6100,6995250
2011-08-07,8.5017933,59525731,1.243299,6300,7001550
2011-08-08,7.7753376,54492287,1.1558754,6800,7008350
2011-08-09,9.8024995,68770905,1.4537,7300,7015650
2011-08-10,10.051253,70592463,1.4895353,7600,7023250
2011-08-11,9.438413,66352987,1.4011171,6850,7030100
2011-08-12,9.4529933,66517405,1.4032742,6550,7036650
2011-08-13,10.004025,70459847,1.483749,6500,7043150
2011-08-14,10.806821,76185385,1.6002166,6600,7049750
2011-08-15,11.130697,78540421,1.6455285,6450,7056200
2011-08-16,10.991966,77642298,1.6221139,7350,7063550
2011-08-17,10.963964,77519063,1.6152111,6800,7070350
2011-08-18,10.858471,76851375,1.5980689,7200,7077550
2011-08-19,11.670473,82674798,1.7144051,6550,7084100
2011-08-20,11.459732,81268979,1.6814217,7600,7091700
2011-08-21,11.354481,80613411,1.6650833,8000,7099700
2011-08-22,10.920896,77627366,1.6006258,8450,7108150
2011-08-23,10.917245,77686024,1.6002012,7750,7115900
2011-08-24,10.870444,77425826,1.5924043,6700,7122600
2011-08-25,9.5460937,68057443,1.3880812,6750,7129350
2011-08-26,8.1269202,57999391,1.1812612,7350,7136700
2011-08-27,8.5964976,61403063,1.3229019,6100,7142800
2011-08-28,9.0308664,64558051,1.3888094,5800,7148600
2011-08-29,8.9611573,64121561,1.3765114,6900,7155500
2011-08-30,8.8099487,63103901,1.3537117,7300,7162800
2011-08-31,8.1991518,58792428,1.2608403,7750,7170550
2011-09-01,8.2342817,59097439,1.2677483,6450,7177000
2011-09-02,8.6214244,61943210,1.326402,7800,7184800
2011-09-03,8.4496534,60770330,1.2999288,7250,7192050
2011-09-04,8.2034706,59054734,1.2627987,6700,7198750
2011-09-05,7.5973325,54750557,1.1714257,7800,7206550
2011-09-06,6.84653,49391552,1.0587551,7550,7214100
2011-09-07,7.1629703,51723092,1.1089895,6800,7220900
2011-09-08,6.67818,48265544,1.0373263,6450,7227350
2011-09-09,4.986777,36079581,0.7778049,7700,7235050
2011-09-10,4.7428467,34346273,0.74125214,6650,7241700
2011-09-11,5.852904,42421555,0.95191723,6250,7247950
2011-09-12,6.0906295,44185081,0.99274325,6650,7254600
2011-09-13,5.8025233,42136183,0.94859348,7100,7261700
2011-09-14,5.5974326,40687738,0.9162271,7300,7269000
2011-09-15,4.8677552,35421681,0.79879632,7800,7276800
2011-09-16,4.8311681,35184189,0.7945909,5950,7282750
2011-09-17,4.7752856,34809206,0.78623754,6700,7289450
2011-09-18,5.2367323,38214268,0.86238311,7900,7297350
2011-09-19,5.5203767,40319175,0.91006394,6350,7303700
2011-09-20,6.1466656,44936428,1.0135092,7000,7310700
2011-09-21,5.5970675,40959340,0.92389277,7300,7318000
2011-09-22,5.4750488,40106922,0.90549337,7400,7325400
2011-09-23,5.5634214,40791284,0.92077591,6650,7332050
2011-09-24,5.4578897,40052723,0.90381871,6450,7338500
2011-09-25,5.3411549,39232652,0.88996971,6850,7345350
2011-09-26,4.8738261,35832613,0.81318218,6700,7352050
2011-09-27,4.9111578,36139737,0.82013287,6650,7358700
2011-09-28,4.7634153,35087555,0.79634397,7350,7366050
2011-09-29,4.777661,35222350,0.79926256,6250,7372300
2011-09-30,5.1436859,37952172,0.86045873,6100,7378400
2011-10-01,5.0340705,37179380,0.84362417,7150,7385550
2011-10-02,5.0070626,37010204,0.84035131,6050,7391600
2011-10-03,5.0228449,37163276,0.84387152,7250,7398850
2011-10-04,4.9568056,36702419,0.83346608,5600,7404450
2011-10-05,4.8850671,36206652,0.82223206,7250,7411700
2011-10-06,4.7301663,35088847,0.79686105,6400,7418100
2011-10-07,4.2760358,31749565,0.72247318,6900,7425000
2011-10-08,3.981253,29584492,0.67368961,5950,7430950
2011-10-09,4.1116346,30579460,0.6969726,6350,7437300
2011-10-10,4.0749625,30331779,0.69210157,6150,7443450
2011-10-11,4.0089245,29858870,0.68231478,4650,7448100
2011-10-12,4.1662353,31055535,0.71047083,6000,7454100
2011-10-13,4.0369811,30111640,0.68913751,4850,7458950
2011-10-14,3.9862809,29761174,0.68173462,6950,7465900
2011-10-15,3.8373386,28674896,0.65700741,6700,7472600
2011-10-16,3.6097417,26995634,0.61884987,5950,7478550
2011-10-17,2.5812467,19319212,0.44588055,5900,7484450
2011-10-18,2.4222747,18143928,0.41992353,6000,7490450
2011-10-19,2.2172547,16622980,0.38682853,6650,7497100
2011-10-20,2.3561235,17677641,0.41178781,5750,7502850
2011-10-21,2.5700923,19298566,0.4496029,6050,7508900
2011-10-22,3.1554861,23709692,0.55278915,4900,7513800
2011-10-23,3.1477509,23668569,0.55184552,5400,7519200
2011-10-24,2.522936,18986481,0.44332969,6350,7525550
2011-10-25,2.8019238,21104090,0.49277864,6450,7532000
2011-10-26,2.7775052,20936418,0.49043071,5850,7537850
2011-10-27,3.0454078,22971054,0.53782812,5000,7542850
2011-10-28,3.1796394,24000236,0.56150563,5250,7548100
2011-10-29,3.569189,26960761,0.63046202,5650,7553750
2011-10-30,3.2574037,24623692,0.57571366,5550,7559300
2011-10-31,3.2650982,24703243,0.57758861,6550,7565850
2011-11-01,3.1710077,24015151,0.56157774,7500,7573350
2011-11-02,3.2558006,24682387,0.57806992,7700,7581050
2011-11-03,3.1683164,24038967,0.56292746,6250,7587300
2011-11-04,3.1201182,23696205,0.55505983,7350,7594650
2011-11-05,2.9778176,22637220,0.53030549,7300,7601950
2011-11-06,2.9627206,22543785,0.52799021,7200,7609150
2011-11-07,3.0177577,22982488,0.5382165,6600,7615750
2011-11-08,3.0565671,23300822,0.54611468,7450,7623200
2011-11-09,2.9195672,22279947,0.53811177,8050,7631250
2011-11-10,2.8567021,21820348,0.52701216,7050,7638300
2011-11-11,3.0678617,23451502,0.56660138,5950,7644250
2011-11-12,3.025523,23149487,0.55904007,7150,7651400
2011-11-13,2.9863733,22871439,0.55219421,7200,7658600
2011-11-14,2.2242245,17050349,0.4125825,7150,7665750
2011-11-15,2.3223841,17821976,0.43137161,8250,7674000
2011-11-16,2.5467809,19561188,0.50419206,6750,7680750
2011-11-17,2.2790958,17521005,0.45379982,6950,7687700
2011-11-18,2.105066,16197115,0.42341662,6650,7694350
2011-11-19,2.2034567,16967718,0.44318529,6150,7700500
2011-11-20,2.2019895,16972164,0.44369635,7150,7707650
2011-11-21,2.2798792,17585962,0.45948528,5900,7713550
2011-11-22,2.3224586,17930658,0.46857456,7000,7720550
2011-11-23,2.3303236,18006993,0.4707238,6700,7727250
2011-11-24,2.438879,18859607,0.49214464,5650,7732900
2011-11-25,2.496161,19319412,0.50383539,6750,7739650
2011-11-26,2.4718,19145697,0.50116148,6000,7745650
2011-11-27,2.477565,19204473,0.50265443,5700,7751350
2011-11-28,2.5412403,19714179,0.52129794,6350,7757700
2011-11-29,2.7576985,21412426,0.56397222,6900,7764600
2011-11-30,2.9660415,23054151,0.60468486,8100,7772700
2011-12-01,3.0825895,23988095,0.62781131,9100,7781800
2011-12-02,3.1004023,24149344,0.63153668,7300,7789100
2011-12-03,2.8038562,21860825,0.57397228,7600,7796700
2011-12-04,2.819694,22003482,0.57735261,6800,7803500
2011-12-05,2.8747962,22456183,0.58900798,7900,7811400
2011-12-06,3.0253605,23658167,0.6191175,8550,7819950
2011-12-07,2.9855024,23367080,0.61474353,6900,7826850
2011-12-08,2.9918805,23441533,0.61605341,8200,7835050
2011-12-09,2.955792,23180503,0.60914874,7350,7842400
2011-12-10,3.0689753,24090228,0.63235376,7200,7849600
2011-12-11,3.2492688,25530155,0.66826403,7600,7857200
2011-12-12,3.1873354,25063771,0.65547484,6350,7863550
2011-12-13,3.2410884,25507852,0.66660548,6600,7870150
2011-12-14,3.1550865,24855140,0.65014649,7650,7877800
2011-12-15,3.2031385,25251622,0.6600436,5600,7883400
2011-12-16,3.2091378,25317851,0.66134284,5900,7889300
2011-12-17,3.1925417,25210863,0.65825176,7500,7896800
2011-12-18,3.1940108,25245461,0.65885831,7200,7904000
2011-12-19,3.5257739,27895747,0.72601344,7950,7911950
2011-12-20,3.9525508,31298867,0.81110758,6700,7918650
2011-12-21,3.8889933,30824549,0.79739555,7450,7926100
2011-12-22,3.9030604,30964930,0.79956455,7400,7933500
2011-12-23,3.9379651,31269805,0.80606997,7100,7940600
2011-12-24,3.9394191,31309912,0.80659692,7250,7947850
2011-12-25,4.2338669,33686973,0.86693708,8700,7956550
2011-12-26,3.999122,31854606,0.81869415,8850,7965400
2011-12-27,4.0955185,32652136,0.83793425,7250,7972650
2011-12-28,4.2072959,33575904,0.86007177,7750,7980400
2011-12-29,4.1733522,33333816,0.85308817,6900,7987300
2011-12-30,4.3106351,34460941,0.88040913,7100,7994400
2011-12-31,4.7143063,37723644,0.96110917,7550,8001950
2012-01-01,5.2948428,42409573,1.0762366,7650,8009600
2012-01-02,5.2048779,41728287,1.0593003,7550,8017150
2012-01-03,4.8705088,39086320,0.99064729,7950,8025100
2012-01-04,5.5857063,44867465,1.1311208,7450,8032550
2012-01-05,6.8740009,55266280,1.3752488,7350,8039900
2012-01-06,6.6833166,53790340,1.3299183,8550,8048450
2012-01-07,6.796228,54761626,1.3482502,9200,8057650
2012-01-08,7.0966506,57240164,1.4019024,8150,8065800
2012-01-09,6.2885383,50773659,1.2385908,8200,8074000
2012-01-10,6.5284746,52756929,1.2852878,7050,8081050
2012-01-11,6.8891277,55724087,1.351968,7650,8088700
2012-01-12,6.7735642,54841824,1.3223058,7750,8096450
2012-01-13,6.4543689,52302656,1.2583872,7000,8103450
2012-01-14,6.7617271,54844031,1.3151655,7500,8110950
2012-01-15,7.0469226,57206213,1.3684906,6950,8117900
2012-01-16,6.7156077,54575393,1.3021337,8750,8126650
2012-01-17,5.599622,45550125,1.0884128,7850,8134500
2012-01-18,5.9002313,48033193,1.1473039,6400,8140900
2012-01-19,6.3157063,51462901,1.2239874,7500,8148399.9
2012-01-20,6.501492,53023890,1.2588334,7250,8155649.5
2012-01-21,6.1805683,50457227,1.1964968,8200,8163849
2012-01-22,6.3029672,51499332,1.2195885,6800,8170648.8
2012-01-23,6.3748761,52141059,1.2324388,8500,8179148.7
2012-01-24,6.2744765,51363477,1.2122951,6950,8186097.6
2012-01-25,5.8104651,47608030,1.1236938,7400,8193497.3
2012-01-26,5.367227,44013389,1.0409322,6900,8200396.5
2012-01-27,5.3031372,43525208,1.030273,7050,8207445.2
2012-01-28,5.6597968,46493492,1.0995845,7250,8214692.9
2012-01-29,5.3914295,44333950,1.0486104,8350,8223041.8
2012-01-30,5.5034819,45302690,1.0708785,8600,8231641.4
2012-01-31,5.5382203,45630180,1.0787858,7500,8239141.3
2012-02-01,6.0752327,50097529,1.180861,7050,8246191.1
2012-02-02,6.0995729,50346735,1.1845711,7950,8254140.9
2012-02-03,5.9516109,49172452,1.1556067,7900,8262040.8
2012-02-04,5.8954132,48754423,1.1446621,7850,8269890.8
2012-02-05,5.6781157,46997711,1.10288,7100,8276990.8
2012-02-06,5.4826641,45419983,1.066879,7300,8284290.8
2012-02-07,5.6620277,46944669,1.1017485,6850,8291140.8
2012-02-08,5.6185282,46624742,1.0935302,7250,8298390.8
2012-02-09,5.8356999,48469227,1.1353915,7250,8305640.8
2012-02-10,5.9378342,49358488,1.155518,6900,8312540.7
2012-02-11,5.6121329,46693173,1.0901311,7500,8320040.6
2012-02-12,5.5190972,45962713,1.0723071,7900,8327940.6
2012-02-13,5.3483546,44577415,1.0482246,6850,8334790.6
2012-02-14,4.4836541,37401255,0.88628318,6900,8341690.6
2012-02-15,4.3255203,36111133,0.85881942,6700,8348390.6
2012-02-16,4.255239,35553758,0.84731155,6900,8355290.4
2012-02-17,4.3915384,36725954,0.87548728,7600,8362890.4
2012-02-18,4.2700813,35746731,0.85418126,8550,8371440.4
2012-02-19,4.3895515,36781546,0.87896592,7900,8379340.4
2012-02-20,4.3651359,36607516,0.8748865,7000,8386340.4
2012-02-21,4.3151156,36215861,0.86595781,6450,8392790.4
2012-02-22,4.4193103,37125479,0.88771358,7950,8400740.4
2012-02-23,5.0395151,42377486,1.0103109,8300,8409040.4
2012-02-24,5.0256088,42297988,1.0069634,7450,8416490.4
2012-02-25,4.7725674,40207641,0.9562508,8250,8424740.4
2012-02-26,4.9264209,41540765,0.987122,7500,8432240.4
2012-02-27,4.9525158,41798938,0.99206546,7700,8439940.4
2012-02-28,4.8572578,41033824,0.97277124,8000,8447940.4
2012-02-29,4.8727488,41208302,0.98303424,8950,8456890.4
2012-03-01,4.9220721,41662586,0.99267825,7550,8464440.4
2012-03-02,4.7148236,39939933,0.95273137,6700,8471140.4
2012-03-03,4.6281933,39232224,0.93570447,5650,8476790.4
2012-03-04,4.8341445,41011143,0.97707036,6850,8483640.4
2012-03-05,4.9823929,42304952,1.0065603,7250,8490890.4
2012-03-06,4.9878414,42385381,1.0073029,6850,8497740.3
2012-03-07,4.9491129,42094384,0.99924077,7700,8505440.3
2012-03-08,4.9349795,42012666,0.99664788,7800,8513240.3
2012-03-09,4.8722978,41519970,0.98421823,8400,8521640.3
2012-03-10,4.8414238,41296814,0.97883044,8250,8529890.3
2012-03-11,4.8920288,41761245,0.98947911,6700,8536590.3
2012-03-12,4.9108394,41962584,0.99347632,8300,8544890.3
2012-03-13,5.2908803,45252319,1.068816,8000,8552890.3
2012-03-14,5.3905433,46141651,1.087189,6850,8559740.3
2012-03-15,5.3408209,45748352,1.0761665,6050,8565790.3
2012-03-16,5.3395748,45778526,1.0747186,7650,8573440.3
2012-03-17,5.2360036,44935070,1.0545951,8500,8581940.3
2012-03-18,5.270149,45270265,1.0615482,8000,8589940.3
2012-03-19,4.6786726,40222971,0.94459498,7150,8597090.3
2012-03-20,4.8308302,41569730,0.97583693,8000,8605090.3
2012-03-21,4.8172295,41490751,0.97521983,7900,8612990.3
2012-03-22,4.7296085,40773436,0.958695,7900,8620890.3
2012-03-23,4.6916432,40475699,0.95107358,6300,8627190.3
2012-03-24,4.6519863,40176369,0.94428539,9200,8636390.3
2012-03-25,4.5522703,39350918,0.92514492,7850,8644240.3
2012-03-26,4.6327224,40081343,0.94207727,7550,8651790.3
2012-03-27,4.8113407,41664240,0.97836225,7800,8659590.3
2012-03-28,4.7905894,41520471,0.97414873,7500,8667090.3
2012-03-29,4.7940666,41584406,0.97547676,7050,8674140.3
2012-03-30,4.8614094,42205980,1.0038082,7700,8681840.3
2012-03-31,4.8897769,42493825,1.0094744,8500,8690340.3
2012-04-01,4.7933257,41689664,0.98982662,7100,8697440.3
2012-04-02,4.9830455,43368642,1.0285469,5800,8703240.3
2012-04-03,4.9562332,43168248,1.02617,6650,8709890.3
2012-04-04,4.9178422,42867553,1.0181896,6850,8716740.3
2012-04-05,4.9208492,42922552,1.0185501,5850,8722590.3
2012-04-06,4.9491074,43202691,1.0238321,6800,8729390.3
2012-04-07,4.7097119,41143291,0.9749089,6450,8735840.3
2012-04-08,4.7788188,41782840,0.98932901,7500,8743340.3
2012-04-09,4.8525474,42462897,1.0036562,7300,8750640.3
2012-04-10,4.8414176,42401088,1.0015986,7350,8757990.3
2012-04-11,4.9152507,43082371,1.0164187,7050,8765040.3
2012-04-12,4.9011581,42989971,1.0128339,6350,8771390.3
2012-04-13,4.9344067,43311954,1.0193248,6150,8777540.3
2012-04-14,4.9563647,43539137,1.0235231,6950,8784490.3
2012-04-15,4.9616003,43611675,1.0239991,5350,8789840.3
2012-04-16,4.9507646,43553561,1.0212807,7500,8797340.3
2012-04-17,4.9687445,43745275,1.0247737,6750,8804090.3
2012-04-18,5.1243774,45148790,1.0557731,6500,8810590.3
2012-04-19,5.1309065,45246593,1.0563422,7850,8818440.3
2012-04-20,5.366516,47365623,1.1025317,7700,8826140.3
2012-04-21,5.2825503,46665206,1.0851331,7700,8833840.3
2012-04-22,5.195609,45933550,1.0664558,7000,8840840.3
2012-04-23,5.1108882,45219045,1.0503809,6750,8847590.3
2012-04-24,5.0878673,45050471,1.0456284,6900,8854490.3
2012-04-25,5.1488162,45622839,1.0527459,6350,8860840.3
2012-04-26,5.0974193,45206923,1.0436501,7750,8868590.3
2012-04-27,5.0958873,45227734,1.0433233,6750,8875340.3
2012-04-28,4.9707367,44154757,1.0182643,7600,8882940.3
2012-04-29,4.9026062,43593436,1.0066434,8950,8891890.3
2012-04-30,4.9421168,43988993,1.0154865,8950,8900840.3
2012-05-01,4.9871372,44432103,1.024699,8500,8909340.3
2012-05-02,5.0534374,45060694,1.0381686,7500,8916840.3
2012-05-03,5.118873,45684356,1.0512299,7850,8924690.3
2012-05-04,5.0855071,45427514,1.0443425,8050,8932740.3
2012-05-05,5.0566396,45211871,1.0384012,8350,8941090.3
2012-05-06,5.0478008,45174235,1.0390975,8200,8949290.3
2012-05-07,5.0675559,45394103,1.0431567,8500,8957790.3
2012-05-08,5.0234664,45043365,1.034375,8800,8966590.3
2012-05-09,5.0413062,45245171,1.0378793,8300,8974890.3
2012-05-10,4.9274887,44255453,1.0148172,6450,8981340.3
2012-05-11,4.96371,44616259,1.0227651,7150,8988490.3
2012-05-12,4.9465322,44493515,1.0165099,6400,8994890.3
2012-05-13,4.9447951,44512503,1.0172356,7000,9001890.3
2012-05-14,5.0114359,45147226,1.0313278,6950,9008840.3
2012-05-15,5.0336404,45379981,1.0359074,6500,9015340.3
2012-05-16,5.0877845,45898890,1.0478239,6050,9021390.3
2012-05-17,5.0896617,45945345,1.0495456,5800,9027190.3
2012-05-18,5.1183015,46240989,1.0572225,7250,9034440.3
2012-05-19,5.1125458,46227078,1.0559881,7450,9041890.3
2012-05-20,5.094201,46096356,1.0563026,6900,9048790.3
2012-05-21,5.0942213,46128634,1.0592739,6300,9055090.3
2012-05-22,5.0891392,46111877,1.0587046,5750,9060840.3
2012-05-23,5.1288589,46505109,1.0665583,6500,9067340.3
2012-05-24,5.1191578,46449140,1.0674835,6250,9073590.3
2012-05-25,5.1372768,46644626,1.0710694,6050,9079640.3
2012-05-26,5.1039788,46378530,1.0671858,7100,9086740.3
2012-05-27,5.1346161,46697744,1.0732104,7950,9094690.3
2012-05-28,5.1363254,46749757,1.0735374,7100,9101790.3
2012-05-29,5.1484707,46892736,1.0760164,6300,9108090.3
2012-05-30,5.1382646,46833433,1.07393,6550,9114640.3
2012-05-31,5.1816397,47264536,1.0879995,6900,9121540.3
2012-06-01,5.2669438,48082668,1.105029,7600,9129140.3
2012-06-02,5.2436391,47911866,1.0998296,8000,9137140.3
2012-06-03,5.212705,47669094,1.0932741,7650,9144790.3
2012-06-04,5.2587659,48131066,1.102554,7750,9152540.3
2012-06-05,5.4260143,49701696,1.1362442,7350,9159890.3
2012-06-06,5.4461694,49927978,1.1395189,7650,9167540.3
2012-06-07,5.5871698,51259435,1.1673411,6950,9174490.3
2012-06-08,5.6225291,51623477,1.1732806,7050,9181540.3
2012-06-09,5.5570023,51069353,1.1590653,8550,9190090.3
2012-06-10,5.4578936,50203835,1.1382714,8300,9198390.3
2012-06-11,5.586997,51430488,1.1635817,7000,9205390.3
2012-06-12,5.7274913,52768467,1.1907667,7800,9213190.3
2012-06-13,5.9093013,54487837,1.2263158,7500,9220690.3
2012-06-14,5.9620232,55020473,1.2363232,7800,9228490.3
2012-06-15,6.5233807,60252816,1.3454499,7950,9236440.3
2012-06-16,6.4441583,59571347,1.3265066,7800,9244240.3
2012-06-17,6.1999665,57364819,1.2748156,8200,9252440.3
2012-06-18,6.3108447,58445933,1.2962419,8750,9261190.2
2012-06-19,6.4948267,60197563,1.3320731,7350,9268540.2
2012-06-20,6.6935511,62087976,1.3714868,7250,9275790.2
2012-06-21,6.6722625,61935879,1.3650731,6800,9282590.2
2012-06-22,6.5637617,60974000,1.340806,6900,9289490.2
2012-06-23,6.4475417,59947245,1.3159074,8200,9297690.2
2012-06-24,6.350494,59086522,1.2959559,6550,9304240.2
2012-06-25,6.3174736,58827937,1.2891551,7700,9311940.2
2012-06-26,6.4328608,59950340,1.3104626,7450,9319390.2
2012-06-27,6.6157134,61708333,1.3454217,8150,9327540.2
2012-06-28,6.5900646,61514235,1.3389246,6850,9334390.2
2012-06-29,6.6587768,62204230,1.351447,7300,9341690.2
2012-06-30,6.6804276,62450576,1.3547859,6600,9348290.2
2012-07-01,6.6268601,61996862,1.3431952,7100,9355390.2
2012-07-02,6.7434781,63139119,1.3646446,7600,9362990.2
2012-07-03,6.4499924,60442816,1.3057873,8000,9370990.2
2012-07-04,6.5148353,61099319,1.3174326,7500,9378490.2
2012-07-05,6.6423986,62343495,1.3418955,7200,9385690.2
2012-07-06,6.6721812,62674735,1.3464725,7750,9393440.2
2012-07-07,6.8082737,64009621,1.3746559,8300,9401740.2
2012-07-08,6.7963177,63949205,1.3703307,7650,9409390.2
2012-07-09,7.0323959,66227871,1.4148859,8150,9417540.2
2012-07-10,7.17858,67658405,1.4571485,7500,9425040.2
2012-07-11,7.1851478,67768447,1.4550914,6700,9431740.2
2012-07-12,7.5559357,71322291,1.5254803,7500,9439240.2
2012-07-13,7.6309213,72092290,1.5349423,8150,9447390.2
2012-07-14,7.5801292,71673458,1.5349528,8050,9455440.2
2012-07-15,7.6272349,72172253,1.542527,7000,9462440.2
2012-07-16,8.4934057,80432043,1.7036735,7500,9469940.1
2012-07-17,8.7519849,82956040,1.7335221,8600,9478540.1
2012-07-18,9.0951927,86279637,1.7906662,7750,9486290.1
2012-07-19,8.8795334,84293767,1.739949,6750,9493040.1
2012-07-20,8.5324507,81062037,1.6704397,7400,9500440.1
2012-07-21,8.8756458,84385115,1.7306868,7050,9507490.1
2012-07-22,8.5065625,80941985,1.6572247,7750,9515240.1
2012-07-23,8.5312113,81236669,1.6596722,7050,9522290.1
2012-07-24,8.5745852,81718713,1.6648531,8050,9530340.1
2012-07-25,8.7693473,83645017,1.6981113,8000,9538340.1
2012-07-26,8.875765,84735066,1.7115014,8450,9546790.1
2012-07-27,8.8914599,84964035,1.7101811,8900,9555690.1
2012-07-28,8.8425609,84564417,1.6971573,7650,9563340.1
2012-07-29,8.7476807,83729651,1.6750345,8300,9571640.1
2012-07-30,9.0883172,87070079,1.7350784,8800,9580440.1
2012-07-31,9.3209984,89359853,1.7702469,6500,9586940.1
2012-08-01,9.5680209,91792149,1.8093112,6700,9593640.1
2012-08-02,10.55104,1.0130992e+08,1.9719365,8250,9601890.1
2012-08-03,10.915865,1.0490135e+08,2.0260274,8100,9609990.1
2012-08-04,10.919715,1.0502353e+08,2.0158366,7800,9617790.1
2012-08-05,10.805117,1.0399645e+08,1.9855767,6950,9624740.1
2012-08-06,10.869447,1.0469168e+08,1.9892356,7000,9631740.1
2012-08-07,10.941279,1.0547328e+08,1.9967765,8200,9639940.1
2012-08-08,11.070392,1.068098e+08,2.0079033,8300,9648240.1
2012-08-09,11.103725,1.0722578e+08,2.0067142,8500,9656740.1
2012-08-10,11.447569,1.1063549e+08,2.0602678,7800,9664540.1
2012-08-11,11.542536,1.1165025e+08,2.0703938,8400,9672940.1
2012-08-12,11.592552,1.1222623e+08,2.0737898,7950,9680890.1
2012-08-13,11.984963,1.1612099e+08,2.131144,8000,9688890.1
2012-08-14,12.187097,1.1817512e+08,2.1544732,7850,9696740.1
2012-08-15,13.170077,1.2781679e+08,2.3081403,8350,9705090.1
2012-08-16,13.450791,1.3064471e+08,2.335728,7700,9712790.1
2012-08-17,12.077006,1.1738475e+08,2.0858717,6900,9719690.1
2012-08-18,11.577507,1.1261719e+08,1.975449,7550,9727240.1
2012-08-19,7.8306218,76241597,1.3668668,9100,9736340.1
2012-08-20,9.9798766,97254298,1.7186611,8700,9745040
2012-08-21,9.902982,96590617,1.7042519,8650,9753690
2012-08-22,9.7725546,95394694,1.6793375,7800,9761490
2012-08-23,10.088657,98563560,1.7298427,8250,9769740
2012-08-24,10.594043,1.0357944e+08,1.8079412,7400,9777140
2012-08-25,10.583677,1.0355112e+08,1.8011801,6900,9784040
2012-08-26,10.545531,1.0327228e+08,1.7917826,8950,9792990
2012-08-27,10.90038,1.0682634e+08,1.8318953,7250,9800240
2012-08-28,10.932959,1.0722816e+08,1.8304088,7550,9807790
2012-08-29,10.867784,1.0668023e+08,1.8169712,8400,9816190
2012-08-30,10.727749,1.0538822e+08,1.792738,7700,9823890
2012-08-31,10.10241,99315680,1.675052,7000,9830890
2012-09-01,10.006533,98453677,1.6609037,8050,9838940
2012-09-02,10.226116,1.00698e+08,1.6952167,8200,9847140
2012-09-03,10.497134,1.0344915e+08,1.7371674,7850,9854990
2012-09-04,10.364002,1.0221642e+08,1.7120937,7650,9862640
2012-09-05,11.025523,1.0883999e+08,1.8126918,9000,9871640
2012-09-06,11.160769,1.1027052e+08,1.8296517,8550,9880190
2012-09-07,11.076122,1.0952723e+08,1.8135485,8400,9888590
2012-09-08,11.04327,1.0928243e+08,1.8052398,7250,9895840
2012-09-09,11.062095,1.0955667e+08,1.8034734,7950,9903790
2012-09-10,11.125289,1.1026596e+08,1.7863215,7500,9911290
2012-09-11,11.268093,1.1176303e+08,1.8056042,7250,9918540
2012-09-12,11.315286,1.1231881e+08,1.8089487,7750,9926290
2012-09-13,11.380299,1.1303812e+08,1.816134,6500,9932790
2012-09-14,11.730108,1.1660771e+08,1.8661368,8100,9940890
2012-09-15,11.718393,1.1657563e+08,1.8583311,7200,9948090
2012-09-16,11.886911,1.1834775e+08,1.8788566,8050,9956140
2012-09-17,11.908317,1.186609e+08,1.876999,8400,9964540
2012-09-18,12.259651,1.2226415e+08,1.9240195,8350,9972890
2012-09-19,12.504854,1.2479769e+08,1.9513395,7050,9979940
2012-09-20,12.367177,1.2351767e+08,1.9181021,7600,9987540
2012-09-21,12.333658,1.2328712e+08,1.9062466,8450,9995990
2012-09-22,12.213728,1.2218418e+08,1.8839109,7850,10003840
2012-09-23,12.165463,1.2179745e+08,1.8737357,7900,10011740
2012-09-24,12.113589,1.2137077e+08,1.8618764,7650,10019390
2012-09-25,12.182405,1.2214494e+08,1.8675145,6950,10026340
2012-09-26,12.319817,1.2360891e+08,1.883322,7000,10033340
2012-09-27,12.318751,1.2369739e+08,1.8779093,8050,10041390
2012-09-28,12.381457,1.2442486e+08,1.8792033,7900,10049290
2012-09-29,12.404752,1.2476314e+08,1.8777816,8400,10057690
2012-09-30,12.391622,1.2472961e+08,1.872298,7950,10065640
2012-10-01,12.389395,1.2478834e+08,1.8688831,6550,10072190
2012-10-02,12.807238,1.2909043e+08,1.9232089,7300,10079490
2012-10-03,12.95543,1.3067029e+08,1.9369316,6650,10086140
2012-10-04,12.862386,1.2981607e+08,1.9174361,6550,10092690
2012-10-05,12.752219,1.2879091e+08,1.8990167,6800,10099490
2012-10-06,12.50513,1.2639235e+08,1.8611878,7750,10107240
2012-10-07,11.873997,1.2008755e+08,1.7687172,6250,10113490
2012-10-08,11.73333,1.1876934e+08,1.7449318,8900,10122390
2012-10-09,11.828663,1.1981833e+08,1.7595105,7100,10129490
2012-10-10,12.109188,1.2275012e+08,1.7984674,7450,10136940
2012-10-11,12.067552,1.2241131e+08,1.7907827,6900,10143840
2012-10-12,12.028068,1.2210041e+08,1.7833828,7450,10151290
2012-10-13,11.926804,1.211607e+08,1.7677864,7400,10158690
2012-10-14,11.650578,1.1842859e+08,1.7262483,6350,10165040
2012-10-15,11.90831,1.2114907e+08,1.7617933,8450,10173490
2012-10-16,11.848018,1.2062752e+08,1.7507955,7750,10181240
2012-10-17,11.919388,1.2143878e+08,1.7561613,7100,10188340
2012-10-18,11.925933,1.2159908e+08,1.7547381,7850,10196190
2012-10-19,11.757486,1.1996092e+08,1.7290183,6750,10202940
2012-10-20,11.694378,1.1940942e+08,1.7193235,7900,10210840
2012-10-21,11.657411,1.191258e+08,1.7087832,8050,10218890
2012-10-22,11.741078,1.2007295e+08,1.7197412,7850,10226740
2012-10-23,11.707782,1.1980854e+08,1.7137261,6500,10233240
2012-10-24,11.634352,1.1915136e+08,1.7009755,8100,10241340
2012-10-25,10.75363,1.1020847e+08,1.5744523,7150,10248490
2012-10-26,10.130619,1.0390713e+08,1.4868804,8250,10256740
2012-10-27,10.458186,1.0735841e+08,1.5361406,8750,10265490
2012-10-28,10.709962,1.100319e+08,1.5724295,8300,10273790
2012-10-29,10.630739,1.0930196e+08,1.5604039,7900,10281690
2012-10-30,10.859323,1.1172984e+08,1.592854,7150,10288840
2012-10-31,11.146072,1.147604e+08,1.6314959,7200,10296040
2012-11-01,10.613536,1.0935009e+08,1.5558671,6850,10302890
2012-11-02,10.530504,1.0856991e+08,1.5453108,7150,10310040
2012-11-03,10.650747,1.0988738e+08,1.5623836,7300,10317340
2012-11-04,10.796883,1.1147987e+08,1.581093,7850,10325190
2012-11-05,10.740821,1.1098694e+08,1.5722585,8000,10333190
2012-11-06,10.868197,1.1237651e+08,1.5897198,6750,10339940
2012-11-07,10.954099,1.1335072e+08,1.600102,7850,10347790
2012-11-08,10.892699,1.1279924e+08,1.5902082,7700,10355490
2012-11-09,10.815867,1.120858e+08,1.5784431,7600,10363090
2012-11-10,10.86326,1.1265516e+08,1.5845781,7200,10370290
2012-11-11,10.841841,1.1251272e+08,1.5802565,7350,10377640
2012-11-12,11.031342,1.1455211e+08,1.6048934,6600,10384240
2012-11-13,10.998003,1.1428289e+08,1.5980601,7000,10391240
2012-11-14,10.958952,1.1395546e+08,1.5912873,7150,10398390
2012-11-15,11.17511,1.1627914e+08,1.6200551,6800,10405190
2012-11-16,11.705045,1.2187808e+08,1.6897166,7250,10412440
2012-11-17,11.750042,1.2242886e+08,1.6934445,7000,10419440
2012-11-18,11.665631,1.216345e+08,1.6786763,7300,10426740
2012-11-19,11.750529,1.2260549e+08,1.6880353,7300,10434040
2012-11-20,11.69917,1.221556e+08,1.6789803,7350,10441390
2012-11-21,11.729135,1.2255762e+08,1.6808349,7600,10448990
2012-11-22,12.291998,1.2852747e+08,1.7562721,7200,10456190
2012-11-23,12.280288,1.285051e+08,1.7499824,8150,10464340
2012-11-24,12.413204,1.2998971e+08,1.7660209,7550,10471890
2012-11-25,12.529689,1.31301e+08,1.7780683,7300,10479190
2012-11-26,12.184626,1.2778066e+08,1.7257821,7850,10487040
2012-11-27,12.159275,1.2760479e+08,1.720256,7400,10494440
2012-11-28,12.33166,1.2950019e+08,1.741273,7000,10501440
2012-11-29,12.497662,1.3129531e+08,1.7619208,4150,10505590
2012-11-30,12.586139,1.3226415e+08,1.7704155,3125,10508715
2012-12-01,12.592387,1.3238238e+08,1.7693831,4175,10512890
2012-12-02,12.497945,1.314342e+08,1.7550104,3575,10516465
2012-12-03,12.656958,1.3315297e+08,1.7739967,3675,10520140
2012-12-04,13.36959,1.4068739e+08,1.8577427,2800,10522940
2012-12-05,13.31275,1.4012987e+08,1.8429464,3050,10525990
2012-12-06,13.477925,1.4191466e+08,1.8612199,3425,10529415
2012-12-07,13.477282,1.4195136e+08,1.8543992,3225,10532640
2012-12-08,13.499984,1.4223705e+08,1.855139,3450,10536090
2012-12-09,13.346511,1.4066208e+08,1.8308783,3150,10539240
2012-12-10,13.492257,1.4224636e+08,1.8471222,3575,10542815
2012-12-11,13.615416,1.4359382e+08,1.8595987,3600,10546415
2012-12-12,13.668214,1.4419507e+08,1.8611248,3250,10549665
2012-12-13,13.755252,1.4515834e+08,1.8651593,3275,10552940
2012-12-14,13.600922,1.4356576e+08,1.8417377,2650,10555590
2012-12-15,13.530948,1.4286638e+08,1.8312468,2900,10558490
2012-12-16,13.332861,1.4081188e+08,1.8032631,2775,10561265
2012-12-17,13.320072,1.4072143e+08,1.8010837,3350,10564615
2012-12-18,13.272034,1.402554e+08,1.792597,3125,10567740
2012-12-19,13.538543,1.4311987e+08,1.8241276,3550,10571290
2012-12-20,13.570027,1.4348865e+08,1.8250552,2650,10573940
2012-12-21,13.428968,1.420394e+08,1.8038489,3150,10577090
2012-12-22,13.427214,1.4207221e+08,1.8028475,3825,10580915
2012-12-23,13.318106,1.4095836e+08,1.7878411,3050,10583965
2012-12-24,13.426663,1.4215163e+08,1.8015229,3300,10587265
2012-12-25,13.365567,1.4154623e+08,1.7927466,3100,10590365
2012-12-26,13.454699,1.4254197e+08,1.803242,3850,10594215
2012-12-27,13.399303,1.4200736e+08,1.7948476,3900,10598115
2012-12-28,13.455507,1.4265986e+08,1.8001804,4225,10602340
2012-12-29,13.374004,1.4184388e+08,1.7889589,3600,10605940
2012-12-30,13.445014,1.4265281e+08,1.7968263,4150,10610090
2012-12-31,13.545552,1.4377303e+08,1.8042872,3950,10614040
2013-01-01,13.331371,1.415537e+08,1.775333,4050,10618090
2013-01-02,13.280607,1.4106548e+08,1.7682754,3825,10621915
2013-01-03,13.384081,1.4221878e+08,1.7803767,4050,10625965
2013-01-04,13.451721,1.4298897e+08,1.7867038,3825,10629790
2013-01-05,13.459407,1.4311811e+08,1.786414,3525,10633315
2013-01-06,13.504497,1.4364652e+08,1.7911231,3625,10636940
2013-01-07,13.556062,1.4425195e+08,1.7960905,4200,10641140
2013-01-08,13.780351,1.4668446e+08,1.8206496,3325,10644465
2013-01-09,13.820955,1.4716159e+08,1.8237852,3250,10647715
2013-01-10,14.123173,1.5043142e+08,1.8573089,3675,10651390
2013-01-11,14.227621,1.5158556e+08,1.8667614,2925,10654315
2013-01-12,14.214286,1.5148683e+08,1.8629965,3050,10657365
2013-01-13,14.160788,1.5096377e+08,1.8533394,3325,10660690
2013-01-14,14.31797,1.5269564e+08,1.8706873,3925,10664615
2013-01-15,14.313638,1.5269273e+08,1.8662536,3025,10667640
2013-01-16,14.707814,1.5694583e+08,1.9114158,3275,10670915
2013-01-17,15.5986,1.6649462e+08,2.0121271,2775,10673690
2013-01-18,15.715791,1.6779302e+08,2.0188992,3025,10676715
2013-01-19,15.588126,1.6649e+08,1.9985989,3850,10680565
2013-01-20,15.719592,1.6794521e+08,2.0117499,3250,10683815
2013-01-21,16.78102,1.7934068e+08,2.1301594,3300,10687115
2013-01-22,17.300179,1.8495128e+08,2.1703499,3600,10690715
2013-01-23,17.536395,1.8753184e+08,2.1855913,3150,10693865
2013-01-24,16.901086,1.8080384e+08,2.0995353,3900,10697765
2013-01-25,17.407202,1.8627777e+08,2.1522351,3425,10701190
2013-01-26,17.553629,1.8791318e+08,2.1608707,3900,10705090
2013-01-27,17.864628,1.9130989e+08,2.1807998,3775,10708865
2013-01-28,18.794265,2.0133431e+08,2.2752659,3675,10712540
2013-01-29,19.514714,2.0912924e+08,2.3241699,3950,10716490
2013-01-30,19.737447,2.1159164e+08,2.3255752,3825,10720315
2013-01-31,20.511643,2.1999024e+08,2.3825462,4825,10725140
2013-02-01,20.443092,2.1933015e+08,2.3307764,3675,10728815
2013-02-02,19.635902,2.1074506e+08,2.2350697,3825,10732640
2013-02-03,20.57894,2.2096204e+08,2.3289121,4650,10737290
2013-02-04,20.440488,2.1955925e+08,2.3031704,4100,10741390
2013-02-05,20.659345,2.2199633e+08,2.3149433,4175,10745565
2013-02-06,21.208566,2.2797543e+08,2.3613776,3650,10749215
2013-02-07,22.117765,2.3783376e+08,2.4432012,3850,10753065
2013-02-08,22.787365,2.4512004e+08,2.4895162,3775,10756840
2013-02-09,23.73386,2.5538618e+08,2.5702934,3575,10760415
2013-02-10,23.900289,2.5727323e+08,2.575733,4025,10764440
2013-02-11,24.497273,2.6379679e+08,2.6195656,3975,10768415
2013-02-12,24.979736,2.6907897e+08,2.6469564,3475,10771890
2013-02-13,24.641651,2.6554249e+08,2.5864334,4275,10776165
2013-02-14,27.28239,2.9410252e+08,2.817319,3775,10779940
2013-02-15,27.171269,2.9302624e+08,2.7638848,4475,10784415
2013-02-16,27.346164,2.9504158e+08,2.7554136,4725,10789140
2013-02-17,26.927251,2.9064844e+08,2.6934181,4700,10793840
2013-02-18,26.928868,2.9077427e+08,2.6752796,4025,10797865
2013-02-19,29.413624,3.1772126e+08,2.8790537,3975,10801840
2013-02-20,29.819807,3.2225266e+08,2.8862535,4825,10806665
2013-02-21,29.818069,3.2236508e+08,2.8644687,4400,10811065
2013-02-22,30.472657,3.2957137e+08,2.8951064,4250,10815315
2013-02-23,29.806455,3.224884e+08,2.8151361,4100,10819415
2013-02-24,29.882848,3.2343148e+08,2.7887242,3900,10823315
2013-02-25,30.352033,3.286644e+08,2.7755249,5100,10828415
2013-02-26,31.155537,3.3749438e+08,2.8205848,4150,10832565
2013-02-27,31.240261,3.3856289e+08,2.8155044,4825,10837390
2013-02-28,33.375294,3.6184125e+08,2.9324211,4200,10841590
2013-03-01,34.606257,3.7531835e+08,2.9991669,3800,10845390
2013-03-02,34.143516,3.7042351e+08,2.9423834,3625,10849015
2013-03-03,34.45174,3.7390611e+08,2.9535179,4025,10853040
2013-03-04,36.376265,3.9495584e+08,3.0799041,4475,10857515
2013-03-05,40.672954,4.4174854e+08,3.3405933,3475,10860990
2013-03-06,43.284996,4.7028563e+08,3.4107307,3875,10864865
2013-03-07,41.947441,4.5592106e+08,3.244612,4000,10868865
2013-03-08,43.902929,4.7735061e+08,3.3533464,4000,10872865
2013-03-09,46.888587,5.1001137e+08,3.5085754,4225,10877090
2013-03-10,46.066038,5.0127519e+08,3.4144247,4575,10881665
2013-03-11,48.275075,5.2551111e+08,3.5266963,4100,10885765
2013-03-12,44.413545,4.836253e+08,3.2177523,3375,10889140
2013-03-13,47.016191,5.1215041e+08,3.3544817,3925,10893065
2013-03-14,46.925563,5.1137319e+08,3.3108058,4475,10897540
2013-03-15,46.902517,5.1132373e+08,3.27321,4300,10901840
2013-03-16,47.157016,5.1430454e+08,3.2664348,4375,10906215
2013-03-17,47.3335,5.1647663e+08,3.2550782,5225,10911440
2013-03-18,51.365436,5.6071485e+08,3.4695722,4750,10916190
2013-03-19,59.498601,6.4975089e+08,3.8603594,4250,10920440
2013-03-20,63.687485,6.958313e+08,4.0056684,5275,10925715
2013-03-21,70.917525,7.7521115e+08,4.2346102,5450,10931165
2013-03-22,69.846085,7.6389893e+08,4.0556824,5725,10936890
2013-03-23,64.383116,7.0450033e+08,3.7067256,5425,10942315
2013-03-24,71.690424,7.8479793e+08,4.0255638,4725,10947040
2013-03-25,74.314089,8.1378682e+08,4.0237824,3600,10950640
2013-03-26,78.614197,8.6117253e+08,4.1507536,3775,10954415
2013-03-27,88.85208,9.7361353e+08,4.496102,3275,10957690
2013-03-28,87.673174,9.6109655e+08,4.2805236,4575,10962265
2013-03-29,90.295699,9.9023815e+08,4.3008736,4350,10966615
2013-03-30,92.18996,1.0114105e+09,4.2492461,4325,10970940
2013-03-31,93.899238,1.0305596e+09,4.265323,4225,10975165
2013-04-01,103.58035,1.1373241e+09,4.4526649,4950,10980115
2013-04-02,116.67994,1.2816872e+09,4.7533683,4525,10984640
2013-04-03,131.38481,1.4437896e+09,4.8504638,4375,10989015
2013-04-04,133.00712,1.4621293e+09,4.7392051,3850,10992865
2013-04-05,142.62607,1.5684324e+09,4.7127637,3950,10996815
2013-04-06,143.08182,1.5740274e+09,4.6145611,4075,11000890
2013-04-07,162.85221,1.792187e+09,5.0496083,4100,11004990
2013-04-08,186.35116,2.0515147e+09,5.3329024,3875,11008865
2013-04-09,230.683,2.5405729e+09,5.6407414,4400,11013265
2013-04-10,161.19289,1.7760297e+09,3.7993504,4775,11018040
2013-04-11,82.901585,9.1374457e+08,2.0988189,4000,11022040
2013-04-12,111.47637,1.2291791e+09,2.8407293,4325,11026364
2013-04-13,97.609072,1.0766808e+09,2.5019894,4175,11030540
2013-04-14,88.861491,9.8053011e+08,2.294568,3825,11034365
2013-04-15,80.874693,8.9273245e+08,2.1152858,4100,11038465
2013-04-16,68.283139,7.5404318e+08,1.8109489,4425,11042890
2013-04-17,92.864037,1.0258843e+09,2.4232171,4275,11047165
2013-04-18,108.62835,1.2004344e+09,2.7842548,3675,11050840
2013-04-19,119.01228,1.3155933e+09,3.0000656,3425,11054265
2013-04-20,128.20829,1.417742e+09,3.1852555,3850,11058115
2013-04-21,118.48324,1.3107226e+09,2.9148517,4400,11062515
2013-04-22,126.31427,1.3978367e+09,3.0734178,3825,11066340
2013-04-23,142.12722,1.573425e+09,3.3829248,4200,11070540
2013-04-24,154.13328,1.7069628e+09,3.5099674,4050,11074590
2013-04-25,141.00866,1.5622194e+09,3.1615616,4300,11078890
2013-04-26,137.2096,1.5207166e+09,3.0583438,4275,11083165
2013-04-27,128.22667,1.4216285e+09,2.8373956,3675,11086840
2013-04-28,134.62357,1.4931457e+09,2.9627086,4425,11091265
2013-04-29,143.81038,1.5956646e+09,3.1196632,4350,11095615
2013-04-30,139.12965,1.5442472e+09,3.0000678,3725,11099340
2013-05-01,116.1138,1.2892249e+09,2.5204737,3775,11103115
2013-05-02,106.34098,1.1810724e+09,2.3210076,3350,11106465
2013-05-03,96.31684,1.0700695e+09,2.108868,3425,11109890
2013-05-04,112.49764,1.2502835e+09,2.4559882,3975,11113865
2013-05-05,116.48872,1.2951204e+09,2.5323334,4125,11117990
2013-05-06,112.1186,1.2469987e+09,2.4339481,4150,11122140
2013-05-07,111.60921,1.241802e+09,2.4188423,4200,11126340
2013-05-08,113.13606,1.259257e+09,2.4495979,4125,11130465
2013-05-09,111.97453,1.2467877e+09,2.4216182,4100,11134565
2013-05-10,117.69104,1.3109445e+09,2.5455442,4300,11138865
2013-05-11,115.49978,1.2870619e+09,2.486801,4550,11143415
2013-05-12,114.88568,1.2807013e+09,2.4693085,4200,11147615
2013-05-13,117.40446,1.3092904e+09,2.5169175,4350,11151965
2013-05-14,107.86557,1.2033283e+09,2.3165762,3850,11155815
2013-05-15,108.98685,1.2162213e+09,2.3350715,3525,11159340
2013-05-16,112.91787,1.2605067e+09,2.4147146,3700,11163040
2013-05-17,117.28462,1.3097249e+09,2.5009069,4025,11167065
2013-05-18,118.16988,1.3200509e+09,2.5045381,3725,11170790
2013-05-19,117.03388,1.3078173e+09,2.4774486,3900,11174690
2013-05-20,117.81864,1.3169667e+09,2.4893875,3225,11177915
2013-05-21,117.25204,1.311076e+09,2.4741524,3775,11181690
2013-05-22,118.97817,1.330841e+09,2.5048515,3900,11185590
2013-05-23,123.72616,1.3844882e+09,2.5951109,4350,11189940
2013-05-24,128.97108,1.4437235e+09,2.690725,4225,11194165
2013-05-25,128.84492,1.4428427e+09,2.6547218,4125,11198290
2013-05-26,130.1586,1.4580841e+09,2.6774091,4075,11202365
2013-05-27,126.39291,1.4164556e+09,2.5942467,4400,11206765
2013-05-28,125.9046,1.4114805e+09,2.578464,3950,11210715
2013-05-29,129.56481,1.4530583e+09,2.6394692,4200,11214915
2013-05-30,126.51307,1.4193994e+09,2.5697713,4475,11219390
2013-05-31,127.81649,1.4345822e+09,2.5865651,4375,11223765
2013-06-01,128.79115,1.4462074e+09,2.5994922,5325,11229090
2013-06-02,122.62671,1.3775964e+09,2.4702304,4975,11234065
2013-06-03,122.94919,1.3818738e+09,2.4709836,5325,11239390
2013-06-04,120.18997,1.3515019e+09,2.4103701,5325,11244715
2013-06-05,120.86992,1.3597038e+09,2.4160571,4600,11249315
2013-06-06,119.05398,1.3398144e+09,2.3655485,4525,11253840
2013-06-07,110.19773,1.2405912e+09,2.1916269,4025,11257865
2013-06-08,109.17855,1.2296113e+09,2.1714493,4525,11262390
2013-06-09,99.903603,1.1255504e+09,1.9886595,3975,11266365
2013-06-10,104.35757,1.1761844e+09,2.0777005,4350,11270715
2013-06-11,107.50752,1.2121704e+09,2.1355799,4500,11275215
2013-06-12,106.37812,1.199976e+09,2.1132691,5075,11280290
2013-06-13,101.3239,1.1434341e+09,2.0161926,4650,11284940
2013-06-14,99.213244,1.1200619e+09,1.9752555,4500,11289440
2013-06-15,99.875037,1.1279652e+09,1.9878584,4325,11293765
2013-06-16,99.038351,1.1189739e+09,1.9707813,4625,11298390
2013-06-17,100.12631,1.131629e+09,1.9924739,3625,11302015
2013-06-18,104.28918,1.1790428e+09,2.0741368,3500,11305515
2013-06-19,104.41715,1.1808447e+09,2.0754907,3400,11308915
2013-06-20,104.3235,1.1801872e+09,2.0732065,3850,11312765
2013-06-21,101.41686,1.147731e+09,2.016509,4200,11316965
2013-06-22,100.03951,1.1325838e+09,1.9886398,4400,11321365
2013-06-23,100.31474,1.1361136e+09,1.9939799,4125,11325490
2013-06-24,99.045683,1.1221123e+09,1.9679768,3750,11329240
2013-06-25,97.832789,1.1087551e+09,1.9441604,3925,11333165
2013-06-26,98.651701,1.1184651e+09,1.9591,4350,11337515
2013-06-27,96.80395,1.0979204e+09,1.923498,4175,11341690
2013-06-28,89.424507,1.0146028e+09,1.7812861,4225,11345915
2013-06-29,88.797291,1.0078617e+09,1.7682119,4225,11350140
2013-06-30,89.480908,1.0159631e+09,1.7830121,3825,11353965
2013-07-01,82.86757,9.4120073e+08,1.6518937,3925,11357890
2013-07-02,87.816467,9.9774565e+08,1.7476237,3825,11361715
2013-07-03,77.691331,8.8306412e+08,1.5518112,4600,11366315
2013-07-04,79.134871,8.9979829e+08,1.5827602,4125,11370440
2013-07-05,67.447624,7.6722278e+08,1.3613727,4650,11375090
2013-07-06,66.341681,7.5495273e+08,1.3484442,4675,11379765
2013-07-07,72.109522,8.2092471e+08,1.4650186,4650,11384415
2013-07-08,73.988554,8.4267153e+08,1.5029691,4800,11389215
2013-07-09,74.891911,8.5330644e+08,1.5222201,4625,11393840
2013-07-10,85.013679,9.6904668e+08,1.7173366,4875,11398715
2013-07-11,87.497549,9.9774023e+08,1.7651603,4350,11403065
2013-07-12,90.046699,1.027155e+09,1.8108374,3850,11406915
2013-07-13,91.592598,1.0451485e+09,1.8358302,3925,11410840
2013-07-14,89.892269,1.0261328e+09,1.8011742,4300,11415140
2013-07-15,93.796153,1.0710808e+09,1.8766381,4100,11419240
2013-07-16,91.781036,1.048446e+09,1.8374935,4100,11423340
2013-07-17,91.031351,1.0403008e+09,1.8238974,4600,11427940
2013-07-18,84.961729,9.712795e+08,1.7072557,4025,11431965
2013-07-19,86.238795,9.8624754e+08,1.7344736,4275,11436240
2013-07-20,84.910859,9.7145578e+08,1.709039,4650,11440890
2013-07-21,85.66435,9.8050257e+08,1.7242496,4975,11445865
2013-07-22,85.649029,9.806805e+08,1.7244945,4125,11449990
2013-07-23,86.977057,9.9619301e+08,1.7504918,3525,11453515
2013-07-24,88.151731,1.0099976e+09,1.7728725,3975,11457490
2013-07-25,90.166092,1.0334062e+09,1.811436,3650,11461140
2013-07-26,89.983986,1.031688e+09,1.8066159,4100,11465240
2013-07-27,88.165276,1.011235e+09,1.7694173,4525,11469765
2013-07-28,92.745842,1.0641625e+09,1.8588409,4200,11473965
2013-07-29,93.298697,1.0709211e+09,1.869772,4450,11478415
2013-07-30,96.659553,1.1099745e+09,1.933176,4925,11483340
2013-07-31,98.02442,1.1261133e+09,1.9551209,4750,11488090
2013-08-01,96.568018,1.1098094e+09,1.9244873,4425,11492515
2013-08-02,96.074531,1.1045991e+09,1.9083648,4800,11497315
2013-08-03,95.50671,1.0984766e+09,1.8839802,4250,11501565
2013-08-04,96.365482,1.1087851e+09,1.8991871,4475,11506040
2013-08-05,97.527134,1.1226119e+09,1.9179477,4725,11510765
2013-08-06,97.671207,1.1247342e+09,1.9196922,4750,11515515
2013-08-07,97.054207,1.1180805e+09,1.9061316,4650,11520165
2013-08-08,94.257272,1.0863424e+09,1.850733,5125,11525290
2013-08-09,92.472777,1.0662264e+09,1.8153046,4875,11530165
2013-08-10,93.293553,1.0761798e+09,1.8303589,5250,11535415
2013-08-11,94.271312,1.0879678e+09,1.8483437,5400,11540815
2013-08-12,95.446471,1.1020455e+09,1.8701309,5400,11546215
2013-08-13,97.759075,1.1291945e+09,1.9050681,4575,11550790
2013-08-14,99.121288,1.1453455e+09,1.928708,4200,11554990
2013-08-15,98.106333,1.1340346e+09,1.9051852,4250,11559240
2013-08-16,98.29096,1.1365816e+09,1.9068412,4200,11563440
2013-08-17,99.630504,1.1525446e+09,1.9299494,4750,11568190
2013-08-18,99.17804,1.1477914e+09,1.9198291,4850,11573040
2013-08-19,102.78401,1.1899783e+09,1.9852077,4425,11577465
2013-08-20,104.50021,1.2103439e+09,2.0141762,4750,11582215
2013-08-21,110.8016,1.2838709e+09,2.1282975,4900,11587115
2013-08-22,109.52322,1.2696495e+09,2.100244,5400,11592515
2013-08-23,107.69757,1.2490134e+09,2.0609341,4900,11597415
2013-08-24,108.88268,1.2632557e+09,2.0813094,4575,11601990
2013-08-25,113.08256,1.3124096e+09,2.1572946,3775,11605765
2013-08-26,112.11811,1.3016818e+09,2.13483,4150,11609915
2013-08-27,117.75979,1.3676787e+09,2.2342234,4225,11614140
2013-08-28,118.31741,1.3746815e+09,2.2373639,4450,11618590
2013-08-29,118.83564,1.381264e+09,2.2391078,4725,11623315
2013-08-30,124.88538,1.4522221e+09,2.3421984,5125,11628440
2013-08-31,128.37798,1.4935513e+09,2.3960524,5575,11634015
2013-09-01,130.53637,1.5193833e+09,2.4249855,5525,11639540
2013-09-02,129.56537,1.5087777e+09,2.3975863,5375,11644915
2013-09-03,129.1828,1.5049493e+09,2.3742981,4850,11649765
2013-09-04,122.52924,1.4279361e+09,2.2514393,4075,11653840
2013-09-05,122.37009,1.426629e+09,2.2450189,4475,11658315
2013-09-06,117.86115,1.3746075e+09,2.160991,4625,11662940
2013-09-07,119.81499,1.3978293e+09,2.1934279,3625,11666565
2013-09-08,118.05739,1.3777875e+09,2.159702,3925,11670490
2013-09-09,121.25927,1.4157705e+09,2.2100351,5075,11675565
2013-09-10,122.21553,1.4275189e+09,2.2228119,4775,11680340
2013-09-11,127.08823,1.4850691e+09,2.3028025,5000,11685340
2013-09-12,126.78072,1.4821509e+09,2.2842817,5325,11690665
2013-09-13,127.40775,1.490131e+09,2.2915262,5100,11695765
2013-09-14,124.34848,1.4550282e+09,2.2279552,5450,11701215
2013-09-15,125.07642,1.464112e+09,2.2380974,4525,11705740
2013-09-16,126.20467,1.4778049e+09,2.2525949,3850,11709590
2013-09-17,126.89725,1.4864826e+09,2.2616564,4475,11714065
2013-09-18,126.90382,1.487083e+09,2.2565289,4125,11718190
2013-09-19,124.18096,1.4557659e+09,2.1943605,4750,11722940
2013-09-20,122.92164,1.4416175e+09,2.1703097,5000,11727940
2013-09-21,123.50826,1.449081e+09,2.1784885,4725,11732665
2013-09-22,123.12494,1.4452085e+09,2.1668748,5075,11737740
2013-09-23,122.8657,1.4428106e+09,2.1603424,5250,11742990
2013-09-24,123.79736,1.4544072e+09,2.1721015,5300,11748290
2013-09-25,123.61408,1.4528906e+09,2.1651989,5150,11753440
2013-09-26,124.68567,1.4659905e+09,2.1805966,4050,11757490
2013-09-27,126.60535,1.4891245e+09,2.2104286,4450,11761940
2013-09-28,126.79655,1.4919345e+09,2.2112872,4425,11766365
2013-09-29,127.10863,1.4961467e+09,2.2136408,4250,11770615
2013-09-30,126.09026,1.4846737e+09,2.1917498,4075,11774690
2013-10-01,127.57542,1.5027575e+09,2.2127347,4675,11779365
2013-10-02,104.10509,1.226789e+09,1.8168061,4775,11784140
2013-10-03,117.5755,1.386111e+09,2.0445542,4975,11789115
2013-10-04,121.93035,1.4379996e+09,2.1165468,4500,11793615
2013-10-05,121.3934,1.4323317e+09,2.104627,5475,11799090
2013-10-06,122.47526,1.4456631e+09,2.120149,4625,11803715
2013-10-07,123.90687,1.4630446e+09,2.126249,3900,11807615
2013-10-08,124.76653,1.4737004e+09,2.1376289,4050,11811665
2013-10-09,125.93352,1.4880449e+09,2.1526701,4450,11816115
2013-10-10,126.70465,1.4977649e+09,2.1626351,4800,11820915
2013-10-11,127.2553,1.5048626e+09,2.1681705,4625,11825540
2013-10-12,127.85126,1.5125942e+09,2.174057,5350,11830890
2013-10-13,132.41566,1.5673267e+09,2.2466238,5525,11836415
2013-10-14,135.33919,1.6027767e+09,2.2876682,6250,11842665
2013-10-15,141.49391,1.6765846e+09,2.3786335,6500,11849165
2013-10-16,138.32792,1.6397966e+09,2.3111623,5250,11854415
2013-10-17,143.74713,1.7046383e+09,2.3899853,4175,11858590
2013-10-18,152.77557,1.8124362e+09,2.5274572,4800,11863390
2013-10-19,165.77272,1.9675505e+09,2.717258,5575,11868965
2013-10-20,166.50015,1.9770128e+09,2.7153729,4975,11873940
2013-10-21,179.91063,2.137197e+09,2.8713839,5275,11879215
2013-10-22,190.40278,2.2630018e+09,2.9764199,6125,11885340
2013-10-23,204.60035,2.4328751e+09,3.1264699,5525,11890865
2013-10-24,194.41004,2.3127485e+09,2.9458175,5375,11896240
2013-10-25,185.64379,2.2095537e+09,2.7200893,5875,11902115
2013-10-26,179.80822,2.1409162e+09,2.6301176,4550,11906665
2013-10-27,194.54613,2.3172662e+09,2.8304418,4475,11911140
2013-10-28,196.27469,2.3387139e+09,2.843308,4375,11915515
2013-10-29,204.42817,2.4366846e+09,2.9202603,4000,11919515
2013-10-30,197.9006,2.3598439e+09,2.8151452,4875,11924390
2013-10-31,203.28365,2.4251058e+09,2.8741232,5275,11929665
2013-11-01,203.03711,2.4232205e+09,2.8528058,5200,11934865
2013-11-02,204.79288,2.4452096e+09,2.8673181,5050,11939915
2013-11-03,210.27538,2.5116795e+09,2.9276043,4800,11944715
2013-11-04,228.79104,2.7339591e+09,3.1028572,4875,11949590
2013-11-05,243.64167,2.9124778e+09,3.2355081,4350,11953940
2013-11-06,263.20958,3.1474641e+09,3.4423851,4075,11958015
2013-11-07,290.12423,3.4703542e+09,3.6503333,3600,11961615
2013-11-08,333.75066,3.9933149e+09,4.0500445,3350,11964965
2013-11-09,331.05115,3.9622402e+09,3.9318261,3700,11968665
2013-11-10,327.55865,3.92184e+09,3.8341448,4275,11972940
2013-11-11,342.69769,4.104701e+09,3.9360175,4675,11977615
2013-11-12,354.64549,4.2495891e+09,3.9774668,5025,11982640
2013-11-13,394.5045,4.7288622e+09,4.2842717,4200,11986840
2013-11-14,416.7063,4.9968981e+09,4.3759169,4575,11991415
2013-11-15,408.3988,4.8989742e+09,4.1928614,4150,11995565
2013-11-16,435.79844,5.2297621e+09,4.3870573,4850,12000415
2013-11-17,485.33658,5.8264971e+09,4.7372539,4650,12005065
2013-11-18,657.7785,7.8992389e+09,5.8840678,3900,12008965
2013-11-19,546.8784,6.5696446e+09,4.7321336,4025,12012990
2013-11-20,595.3391,7.1542434e+09,4.9189196,4100,12017090
2013-11-21,720.76443,8.6641937e+09,5.6882781,3750,12020840
2013-11-22,802.91693,9.6551884e+09,5.6843372,4300,12025140
2013-11-23,834.29534,1.0036064e+10,5.5941282,4250,12029390
2013-11-24,807.1667,9.7131129e+09,5.296892,4200,12033590
2013-11-25,816.24339,9.8258683e+09,5.1324625,4325,12037915
2013-11-26,916.09716,1.1031541e+10,5.0852112,3975,12041890
2013-11-27,962.91056,1.1599427e+10,5.072404,4325,12046215
2013-11-28,1007.3872,1.2139761e+10,5.0080487,4525,12050740
2013-11-29,1128.7255,1.3606859e+10,5.253162,4325,12055065
2013-11-30,1119.2967,1.3498119e+10,5.0642391,4400,12059465
2013-12-01,964.48579,1.1635884e+10,4.3124588,4875,12064340
2013-12-02,1040.8082,1.2560801e+10,4.5521697,3975,12068315
2013-12-03,1053.621,1.2720698e+10,4.5167953,5000,12073315
2013-12-04,1134.9322,1.3707246e+10,4.7181792,4275,12077590
2013-12-05,1027.4118,1.2413024e+10,4.1962207,4250,12081840
2013-12-06,824.58171,9.9667519e+09,3.372257,5200,12087040
2013-12-07,703.74838,8.5096654e+09,2.8681851,4875,12091915
2013-12-08,783.57335,9.4787221e+09,3.173224,4875,12096790
2013-12-09,896.07929,1.0843626e+10,3.6022836,4400,12101190
2013-12-10,977.16537,1.1829554e+10,3.8819445,4800,12105990
2013-12-11,875.46403,1.060197e+10,3.4384601,4125,12110115
2013-12-12,873.32481,1.0579622e+10,3.416555,4075,12114190
2013-12-13,879.15614,1.0654089e+10,3.4075524,4350,12118540
2013-12-14,852.85612,1.0339592e+10,3.3146272,4950,12123490
2013-12-15,864.06166,1.0479266e+10,3.3403689,4425,12127915
2013-12-16,677.89411,8.2248484e+09,2.627547,5025,12132940
2013-12-17,682.62677,8.2857339e+09,2.6456917,5075,12138015
2013-12-18,526.12098,6.3886816e+09,2.0490603,4975,12142990
2013-12-19,685.52513,8.3281979e+09,2.6599734,5650,12148640
2013-12-20,600.21695,7.2944905e+09,2.3308288,4450,12153090
2013-12-21,597.0335,7.2582048e+09,2.2807487,4025,12157115
2013-12-22,615.01304,7.4793825e+09,2.3857104,4225,12161340
2013-12-23,657.92663,8.004082e+09,2.5449413,4275,12165615
2013-12-24,650.66475,7.9184857e+09,2.4685901,4225,12169840
2013-12-25,678.29016,8.2574296e+09,2.5611971,4050,12173890
2013-12-26,749.99659,9.1337509e+09,2.8166273,4500,12178390
2013-12-27,722.57057,8.8030698e+09,2.6988174,4600,12182990
2013-12-28,715.85236,8.7239065e+09,2.6712705,3750,12186740
2013-12-29,727.27122,8.8661196e+09,2.709952,4200,12190940
2013-12-30,735.742,8.9725685e+09,2.7397351,4325,12195265
2013-12-31,729.55758,8.9005039e+09,2.7142411,4600,12199865
2014-01-01,752.40455,9.1830899e+09,2.7985938,5125,12204990
2014-01-02,784.95492,9.5829964e+09,2.906886,3350,12208340
2014-01-03,807.22294,9.858101e+09,2.9727659,4025,12212365
2014-01-04,828.60206,1.0122111e+10,3.0008262,3525,12215890
2014-01-05,902.48738,1.1029041e+10,3.2375186,4825,12220715
2014-01-06,914.45996,1.1179607e+10,3.2585546,4650,12225365
2014-01-07,803.3518,9.8248236e+09,2.8564804,4425,12229790
2014-01-08,820.69001,1.0040826e+10,2.8910571,4825,12234615
2014-01-09,831.33475,1.0175363e+10,2.9192213,5175,12239790
2014-01-10,853.29885,1.0448188e+10,2.9894239,4675,12244465
2014-01-11,889.55584,1.0896805e+10,3.0880082,5250,12249715
2014-01-12,845.19133,1.0357727e+10,2.9225135,5175,12254890
2014-01-13,822.87701,1.0087744e+10,2.8390417,4225,12259115
2014-01-14,815.2936,9.9980798e+09,2.801868,4050,12263165
2014-01-15,841.08986,1.0318293e+10,2.871832,4600,12267765
2014-01-16,815.8548,1.0012488e+10,2.7758454,4625,12272390
2014-01-17,792.82951,9.7329255e+09,2.694381,3800,12276190
2014-01-18,809.78353,9.9445788e+09,2.7484743,4350,12280540
2014-01-19,838.42847,1.0299897e+10,2.8377628,4225,12284765
2014-01-20,828.88522,1.0186701e+10,2.7983047,4875,12289640
2014-01-21,823.81796,1.0127845e+10,2.776099,4150,12293790
2014-01-22,818.97639,1.0072255e+10,2.7506784,4800,12298590
2014-01-23,810.92243,9.9767906e+09,2.7203572,4425,12303015
2014-01-24,781.04251,9.612868e+09,2.6146395,4725,12307740
2014-01-25,804.40324,9.9037039e+09,2.6863002,4125,12311865
2014-01-26,814.49938,1.0031101e+10,2.7159709,3800,12315665
2014-01-27,742.70137,9.1500919e+09,2.47713,4350,12320015
2014-01-28,790.1764,9.7380271e+09,2.6293051,3850,12323865
2014-01-29,793.38442,9.7805772e+09,2.6337369,3800,12327665
2014-01-30,799.47448,9.8591711e+09,2.6488456,4400,12332065
2014-01-31,803.2376,9.909273e+09,2.6579713,4600,12336665
2014-02-01,813.21955,1.0036259e+10,2.6796399,4725,12341390
2014-02-02,814.49087,1.0055737e+10,2.6802465,4650,12346040
2014-02-03,806.99743,9.966874e+09,2.651768,4525,12350565
2014-02-04,800.07823,9.8848584e+09,2.627458,4300,12354865
2014-02-05,784.47369,9.6953612e+09,2.4928348,4200,12359065
2014-02-06,763.56938,9.4404777e+09,2.4248508,4550,12363615
2014-02-07,711.57127,8.8003505e+09,2.2637923,3875,12367490
2014-02-08,677.6823,8.3843124e+09,2.1581144,4550,12372040
2014-02-09,687.40605,8.5069866e+09,2.1879754,3450,12375490
2014-02-10,685.4575,8.4855456e+09,2.1809637,3900,12379390
2014-02-11,671.89969,8.320463e+09,2.1393223,4100,12383490
2014-02-12,653.76578,8.0988111e+09,2.0840061,4450,12387940
2014-02-13,612.91841,7.5955239e+09,1.9554334,4450,12392390
2014-02-14,668.7886,8.2910825e+09,2.1299811,4775,12397165
2014-02-15,654.37706,8.1154795e+09,2.0836833,4675,12401840
2014-02-16,623.25032,7.732489e+09,1.9850873,4875,12406715
2014-02-17,631.3346,7.8352347e+09,2.0115583,3875,12410590
2014-02-18,627.27176,7.7873687e+09,1.9984969,4075,12414665
2014-02-19,623.54014,7.7441595e+09,1.9894402,5000,12419665
2014-02-20,563.76856,7.0043112e+09,1.8012968,4425,12424090
2014-02-21,580.32432,7.2122066e+09,1.8538327,3800,12427890
2014-02-22,607.12463,7.5480101e+09,1.9394463,4500,12432390
2014-02-23,610.08232,7.5873436e+09,1.9485799,4200,12436590
2014-02-24,542.26665,6.7465372e+09,1.7420652,4775,12441365
2014-02-25,533.70764,6.6421997e+09,1.7282788,4025,12445390
2014-02-26,587.57859,7.3153474e+09,1.8998918,4600,12449990
2014-02-27,585.39393,7.2908998e+09,1.8944854,4700,12454690
2014-02-28,551.29477,6.8687e+09,1.7812075,4525,12459215
2014-03-01,567.53424,7.0730741e+09,1.8353233,3600,12462815
2014-03-02,558.52771,6.9627822e+09,1.807871,3500,12466315
2014-03-03,676.50573,8.4360365e+09,2.1808335,3700,12470015
2014-03-04,674.5114,8.4136797e+09,2.1729428,3725,12473740
2014-03-05,670.33885,8.3642467e+09,2.1554941,3900,12477640
2014-03-06,667.71283,8.3343681e+09,2.1426614,4325,12481965
2014-03-07,631.7703,7.8883564e+09,1.9640291,4150,12486115
2014-03-08,621.52411,7.7630318e+09,1.9304187,4200,12490315
2014-03-09,640.57889,8.0038986e+09,1.9522135,4475,12494790
2014-03-10,628.15124,7.8509576e+09,1.9107893,3725,12498515
2014-03-11,633.73384,7.9233934e+09,1.9251235,4200,12502715
2014-03-12,634.64682,7.9376959e+09,1.9237023,4550,12507265
2014-03-13,643.4321,8.0501816e+09,1.9478292,4050,12511315
2014-03-14,628.30859,7.8630557e+09,1.9034366,3325,12514640
2014-03-15,636.21865,7.9646716e+09,1.9264139,4125,12518765
2014-03-16,634.1689,7.9417224e+09,1.9192782,4275,12523040
2014-03-17,622.76021,7.8013575e+09,1.884422,4025,12527065
2014-03-18,614.30951,7.6977373e+09,1.8574216,3650,12530715
2014-03-19,610.5112,7.6525838e+09,1.8453388,4000,12534715
2014-03-20,586.6076,7.3555546e+09,1.7747773,4425,12539140
2014-03-21,569.69452,7.1461283e+09,1.7178622,4650,12543790
2014-03-22,564.70003,7.0858784e+09,1.7024792,4250,12548040
2014-03-23,558.95886,7.0168285e+09,1.685365,5350,12553390
2014-03-24,585.02325,7.3467745e+09,1.7626445,4700,12558090
2014-03-25,583.77119,7.3333423e+09,1.7572422,3925,12562015
2014-03-26,579.24385,7.2787723e+09,1.743141,3975,12565990
2014-03-27,483.16401,6.0735237e+09,1.4579435,4325,12570315
2014-03-28,498.66133,6.2704991e+09,1.5066892,4350,12574665
2014-03-29,489.51702,6.1576541e+09,1.4799189,4375,12579040
2014-03-30,458.96633,5.7749621e+09,1.389996,3500,12582540
2014-03-31,455.35535,5.731576e+09,1.3822366,4500,12587040
2014-04-01,479.00847,6.0313464e+09,1.4546968,4275,12591315
2014-04-02,439.01149,5.529894e+09,1.3356488,4925,12596240
2014-04-03,449.44115,5.6635607e+09,1.3677887,5100,12601340
2014-04-04,449.71987,5.6692653e+09,1.3696464,4875,12606215
2014-04-05,461.67533,5.8219521e+09,1.4108401,4275,12610490
2014-04-06,458.63348,5.7853242e+09,1.4014144,3775,12614265
2014-04-07,448.65528,5.6611501e+09,1.3716754,3775,12618040
2014-04-08,452.8031,5.7150044e+09,1.3853399,3350,12621390
2014-04-09,442.83798,5.5910132e+09,1.3546923,4025,12625415
2014-04-10,366.91187,4.6338363e+09,1.1286601,3875,12629290
2014-04-11,421.94353,5.3306298e+09,1.3008244,4225,12633515
2014-04-12,424.27421,5.3617822e+09,1.3082746,4025,12637540
2014-04-13,416.36232,5.2637419e+09,1.2840166,4675,12642215
2014-04-14,461.10825,5.8316543e+09,1.4213293,4825,12647040
2014-04-15,521.6153,6.5992628e+09,1.6054739,4550,12651590
2014-04-16,531.48185,6.7262029e+09,1.6284808,3975,12655565
2014-04-17,499.83755,6.3278383e+09,1.5301041,4225,12659790
2014-04-18,483.02001,6.1168639e+09,1.4800055,4000,12663790
2014-04-19,504.3656,6.3891847e+09,1.5448145,3975,12667765
2014-04-20,501.55718,6.3558404e+09,1.5370369,4450,12672215
2014-04-21,498.08453,6.3139635e+09,1.5262224,4275,12676490
2014-04-22,489.50351,6.2070708e+09,1.5007694,3850,12680340
2014-04-23,490.63297,6.2234166e+09,1.5016104,4125,12684465
2014-04-24,503.2918,6.3858871e+09,1.5394761,3775,12688240
2014-04-25,466.42617,5.9202493e+09,1.4280784,4550,12692790
2014-04-26,459.22671,5.8307394e+09,1.4063299,4075,12696865
2014-04-27,438.70936,5.5721748e+09,1.3439528,4425,12701290
2014-04-28,441.54781,5.6099045e+09,1.3542188,3800,12705090
2014-04-29,447.70993,5.6901088e+09,1.3736436,4275,12709365
2014-04-30,448.87572,5.7064626e+09,1.3774274,3425,12712790
2014-05-01,460.1947,5.8523833e+09,1.4120026,4400,12717190
2014-05-02,452.23978,5.7530394e+09,1.3875716,4025,12721215
2014-05-03,438.97859,5.5858993e+09,1.3473773,3550,12724765
2014-05-04,436.6754,5.5582402e+09,1.3407934,3775,12728540
2014-05-05,432.33818,5.5043848e+09,1.328367,3125,12731665
2014-05-06,430.12821,5.4783343e+09,1.3226035,4850,12736515
2014-05-07,442.18288,5.6336264e+09,1.3600258,3975,12740490
2014-05-08,440.40276,5.6127856e+09,1.3547139,4175,12744665
2014-05-09,452.698,5.7714082e+09,1.3922456,4250,12748915
2014-05-10,456.75585,5.8251853e+09,1.4045981,4475,12753390
2014-05-11,439.11448,5.6018667e+09,1.3505933,3800,12757190
2014-05-12,441.28096,5.6313142e+09,1.3576711,4100,12761290
2014-05-13,439.00577,5.6040579e+09,1.3511478,4050,12765340
2014-05-14,444.84821,5.6803067e+09,1.3696739,3750,12769090
2014-05-15,446.96156,5.709203e+09,1.376344,4275,12773365
2014-05-16,448.74215,5.7339778e+09,1.3823345,4525,12777890
2014-05-17,449.22229,5.7420558e+09,1.3837955,4325,12782215
2014-05-18,446.96264,5.7150944e+09,1.3766847,4300,12786515
2014-05-19,447.40486,5.7226279e+09,1.3783515,4200,12790715
2014-05-20,490.33565,6.2739132e+09,1.5086751,4425,12795140
2014-05-21,493.93349,6.322109e+09,1.5185626,4375,12799515
2014-05-22,526.81429,6.7452326e+09,1.6168625,4300,12803815
2014-05-23,523.69932,6.7075094e+09,1.6060868,4125,12807940
2014-05-24,527.69124,6.7606693e+09,1.6162269,3850,12811790
2014-05-25,573.31246,7.3474663e+09,1.7510962,4025,12815815
2014-05-26,584.84797,7.4976135e+09,1.7842042,3950,12819765
2014-05-27,573.92827,7.3595768e+09,1.7360648,3400,12823165
2014-05-28,579.18932,7.4294872e+09,1.7498394,4225,12827390
2014-05-29,570.34931,7.3181034e+09,1.722204,3525,12830915
2014-05-30,620.84636,7.9686188e+09,1.8622326,4175,12835090
2014-05-31,627.89242,8.0613631e+09,1.8796389,3675,12838765
2014-06-01,630.07495,8.0921407e+09,1.8830074,4375,12843140
2014-06-02,663.50572,8.5246982e+09,1.9754326,4825,12847965
2014-06-03,672.3879,8.6418082e+09,1.9969372,4450,12852415
2014-06-04,643.88737,8.2784211e+09,1.9099892,4525,12856940
2014-06-05,661.50356,8.5074251e+09,1.9586365,3800,12860740
2014-06-06,650.13332,8.3634546e+09,1.9240868,3475,12864215
2014-06-07,656.80027,8.4517649e+09,1.9419521,3875,12868090
2014-06-08,657.81997,8.4671231e+09,1.9427693,3400,12871490
2014-06-09,648.33632,8.3475829e+09,1.9109356,3900,12875390
2014-06-10,650.93661,8.3837802e+09,1.9146849,4175,12879565
2014-06-11,631.48902,8.1356087e+09,1.8557786,3650,12883215
2014-06-12,591.97508,7.6290876e+09,1.7157941,4300,12887515
2014-06-13,597.045,7.6968592e+09,1.7290022,4075,12891590
2014-06-14,575.55946,7.4224377e+09,1.6672379,4450,12896040
2014-06-15,589.72465,7.6079137e+09,1.7076301,4750,12900790
2014-06-16,590.56748,7.6215626e+09,1.7089531,4700,12905490
2014-06-17,609.08,7.8632775e+09,1.7614401,4600,12910090
2014-06-18,607.6298,7.8469554e+09,1.7563963,3950,12914040
2014-06-19,595.75148,7.6960455e+09,1.7217567,4175,12918215
2014-06-20,591.53152,7.6442819e+09,1.7089392,4650,12922865
2014-06-21,592.76435,7.6629699e+09,1.7118603,4650,12927515
2014-06-22,599.63463,7.7544839e+09,1.7307272,4500,12932015
2014-06-23,589.5523,7.6266931e+09,1.7003379,4400,12936415
2014-06-24,579.97372,7.5055065e+09,1.6716627,4700,12941115
2014-06-25,562.23678,7.2785992e+09,1.6209328,4675,12945790
2014-06-26,580.74923,7.5207402e+09,1.6721974,4275,12950065
2014-06-27,600.63831,7.7812631e+09,1.7278021,4925,12954990
2014-06-28,594.3903,7.7030248e+09,1.7091805,4550,12959540
2014-06-29,600.84052,7.7889749e+09,1.7241129,3925,12963465
2014-06-30,638.94611,8.285064e+09,1.8293837,3300,12966765
2014-07-01,642.9566,8.3392048e+09,1.8376192,3325,12970090
2014-07-02,651.29835,8.4496287e+09,1.8556512,3425,12973515
2014-07-03,646.41339,8.3885e+09,1.8385497,3475,12976990
2014-07-04,630.6355,8.1863676e+09,1.7927071,4150,12981140
2014-07-05,630.46834,8.1865935e+09,1.7912123,3800,12984940
2014-07-06,634.67267,8.2434396e+09,1.8021744,3550,12988490
2014-07-07,622.85498,8.0922812e+09,1.7675691,3750,12992240
2014-07-08,624.89433,8.1211203e+09,1.7727374,3750,12995990
2014-07-09,621.93909,8.0852951e+09,1.7613672,4150,13000140
2014-07-10,616.52285,8.0171798e+09,1.7449557,3725,13003865
2014-07-11,634.49438,8.2533536e+09,1.7944607,3900,13007765
2014-07-12,636.92396,8.287457e+09,1.8003029,3925,13011690
2014-07-13,629.87575,8.1982674e+09,1.7795727,4000,13015690
2014-07-14,619.19746,8.0613718e+09,1.7489849,3375,13019065
2014-07-15,621.9346,8.0994791e+09,1.7557128,3975,13023040
2014-07-16,616.35188,8.028994e+09,1.7394664,3600,13026640
2014-07-17,624.25927,8.134685e+09,1.7603687,4300,13030940
2014-07-18,630.75014,8.2219793e+09,1.7773851,4300,13035240
2014-07-19,629.17336,8.2042098e+09,1.7727446,4425,13039665
2014-07-20,625.24868,8.155456e+09,1.7608031,3875,13043540
2014-07-21,621.30533,8.1064284e+09,1.7476228,3875,13047415
2014-07-22,619.82326,8.0892916e+09,1.7427013,3550,13050965
2014-07-23,619.77282,8.0908954e+09,1.7406635,3650,13054615
2014-07-24,602.87965,7.8725168e+09,1.6927991,3575,13058190
2014-07-25,601.57851,7.8579778e+09,1.6886314,4075,13062265
2014-07-26,594.70261,7.7701552e+09,1.6691475,3350,13065615
2014-07-27,591.57544,7.7315596e+09,1.6599511,3825,13069440
2014-07-28,587.493,7.6804076e+09,1.648504,3750,13073190
2014-07-29,584.11239,7.638388e+09,1.6393764,3725,13076915
2014-07-30,562.91463,7.3636071e+09,1.5807713,4300,13081215
2014-07-31,581.97556,7.6151879e+09,1.6331081,3850,13085065
2014-08-01,596.50676,7.8076709e+09,1.6717221,3925,13088990
2014-08-02,589.75726,7.72173e+09,1.6521851,4075,13093065
2014-08-03,586.75374,7.6846637e+09,1.6436228,3850,13096915
2014-08-04,587.60834,7.6977366e+09,1.6441719,3200,13100115
2014-08-05,581.88199,7.6246847e+09,1.6185984,3375,13103490
2014-08-06,582.24837,7.6318728e+09,1.6191671,4100,13107590
2014-08-07,586.04663,7.6840031e+09,1.6289301,4000,13111590
2014-08-08,589.02441,7.7253731e+09,1.6366129,3950,13115540
2014-08-09,588.97852,7.7274511e+09,1.6356272,4550,13120090
2014-08-10,589.3735,7.7352412e+09,1.6360177,4425,13124515
2014-08-11,573.44148,7.5287504e+09,1.5918156,4550,13129065
2014-08-12,568.30752,7.4638184e+09,1.5774758,4350,13133415
2014-08-13,548.37018,7.2039608e+09,1.5224771,3625,13137040
2014-08-14,505.1075,6.6378903e+09,1.4052996,4500,13141540
2014-08-15,500.32306,6.5770792e+09,1.3927282,4125,13145665
2014-08-16,521.74796,6.8607847e+09,1.4519714,3950,13149615
2014-08-17,497.76466,6.547529e+09,1.3852188,4250,13153865
2014-08-18,468.95792,6.1709304e+09,1.3084918,4950,13158815
2014-08-19,486.79435,6.4079003e+09,1.3585403,4650,13163465
2014-08-20,515.12035,6.782945e+09,1.43685,4225,13167690
2014-08-21,519.30785,6.8402268e+09,1.4488385,4125,13171815
2014-08-22,516.15937,6.8007815e+09,1.4399822,3925,13175740
2014-08-23,497.12576,6.552013e+09,1.3879426,4050,13179790
2014-08-24,508.43074,6.7028661e+09,1.4193672,3650,13183440
2014-08-25,501.61029,6.614667e+09,1.4004922,3425,13186865
2014-08-26,511.85232,6.7519411e+09,1.4286897,4325,13191190
2014-08-27,510.16232,6.7318035e+09,1.4241259,4225,13195415
2014-08-28,506.28515,6.6828323e+09,1.4196271,4325,13199740
2014-08-29,508.86657,6.719069e+09,1.4275503,4250,13203990
2014-08-30,501.27572,6.6211203e+09,1.4063419,4550,13208540
2014-08-31,478.51143,6.3226862e+09,1.3426622,4700,13213240
2014-09-01,474.54149,6.2718439e+09,1.3313665,3400,13216640
2014-09-02,474.43067,6.2721228e+09,1.3320896,3675,13220315
2014-09-03,473.9592,6.2678923e+09,1.3309932,4225,13224540
2014-09-04,489.5552,6.476076e+09,1.3742886,3950,13228490
2014-09-05,478.74978,6.3348721e+09,1.3436553,3625,13232115
2014-09-06,480.64249,6.3620675e+09,1.3486587,4475,13236590
2014-09-07,478.3655,6.3337816e+09,1.3431701,3875,13240465
2014-09-08,468.9755,6.2111419e+09,1.3173402,3600,13244065
2014-09-09,473.51203,6.2729523e+09,1.3311239,3650,13247715
2014-09-10,477.77842,6.3313475e+09,1.3437356,3925,13251640
2014-09-11,477.27068,6.3266476e+09,1.3425612,4250,13255890
2014-09-12,473.99728,6.2850806e+09,1.33422,3850,13259740
2014-09-13,477.96097,6.3398009e+09,1.345297,4525,13264265
2014-09-14,475.64806,6.3110007e+09,1.3387083,3950,13268215
2014-09-15,472.65563,6.2731634e+09,1.3307817,3950,13272165
2014-09-16,464.17775,6.162628e+09,1.3074123,4275,13276440
2014-09-17,456.33989,6.0606911e+09,1.2856063,4650,13281090
2014-09-18,426.88011,5.6713433e+09,1.2050333,4475,13285565
2014-09-19,393.89389,5.2347867e+09,1.1151235,4275,13289840
2014-09-20,411.04134,5.4644822e+09,1.1662076,4400,13294240
2014-09-21,400.40453,5.3247155e+09,1.1367134,4100,13298340
2014-09-22,400.88162,5.3327437e+09,1.1388477,4200,13302540
2014-09-23,438.4918,5.834699e+09,1.2456203,3750,13306290
2014-09-24,423.70009,5.6395286e+09,1.2043149,3900,13310190
2014-09-25,409.53775,5.4527862e+09,1.1648554,4300,13314490
2014-09-26,405.29825,5.3976972e+09,1.1545343,3350,13317840
2014-09-27,400.59933,5.3364598e+09,1.1418103,3350,13321190
2014-09-28,375.54999,5.0039932e+09,1.0710391,3250,13324440
2014-09-29,373.06456,4.972154e+09,1.0668785,3425,13327865
2014-09-30,389.26404,5.1895474e+09,1.1140296,3825,13331690
2014-10-01,382.90937,5.1063127e+09,1.0970897,3875,13335565
2014-10-02,372.5257,4.9691258e+09,1.0684324,3450,13339015
2014-10-03,357.66571,4.7722137e+09,1.0294119,3650,13342665
2014-10-04,328.82611,4.3886826e+09,0.9484552,3850,13346515
2014-10-05,322.82626,4.3099694e+09,0.93172895,4225,13350740
2014-10-06,326.80353,4.3643843e+09,0.95087199,4025,13354765
2014-10-07,333.57019,4.455869e+09,0.97154668,3350,13358115
2014-10-08,354.40733,4.7354897e+09,1.0319497,3600,13361715
2014-10-09,361.71642,4.8344901e+09,1.0546284,3700,13365415
2014-10-10,358.89039,4.7981096e+09,1.0474374,3875,13369290
2014-10-11,361.90838,4.8397608e+09,1.0569452,3600,13372890
2014-10-12,377.87124,5.0546286e+09,1.1039351,3700,13376590
2014-10-13,391.99421,5.2450647e+09,1.143356,3875,13380465
2014-10-14,400.88059,5.3652916e+09,1.1688449,3300,13383765
2014-10-15,394.62588,5.2830697e+09,1.1530882,3775,13387540
2014-10-16,382.32148,5.1197586e+09,1.117292,3700,13391240
2014-10-17,382.20079,5.1194992e+09,1.1181353,3550,13394790
2014-10-18,391.29318,5.2428942e+09,1.1444955,4100,13398890
2014-10-19,388.6845,5.2092331e+09,1.1368878,3325,13402215
2014-10-20,381.19086,5.1101073e+09,1.1154014,3425,13405640
2014-10-21,385.20463,5.165388e+09,1.1273598,3825,13409465
2014-10-22,380.77876,5.107553e+09,1.114978,3975,13413440
2014-10-23,357.34479,4.7945718e+09,1.0476929,3775,13417215
2014-10-24,357.48843,4.7979201e+09,1.0495584,3975,13421190
2014-10-25,345.81125,4.6425384e+09,1.0161343,3875,13425065
2014-10-26,353.08196,4.7412515e+09,1.0378579,3125,13428190
2014-10-27,350.01571,4.7014687e+09,1.0298822,3975,13432165
2014-10-28,354.65381,4.7649919e+09,1.0438882,3450,13435615
2014-10-29,333.59935,4.4834051e+09,0.98355448,3875,13439490
2014-10-30,344.60938,4.6328389e+09,1.0167291,4250,13443740
2014-10-31,337.18291,4.5345841e+09,0.99675714,4700,13448440
2014-11-01,324.37132,4.3635775e+09,0.95963351,3975,13452415
2014-11-02,324.24857,4.3631827e+09,0.95980572,3875,13456290
2014-11-03,325.36187,4.3795382e+09,0.96404683,4225,13460515
2014-11-04,329.6577,4.4386975e+09,0.97805226,4050,13464565
2014-11-05,338.80577,4.5630411e+09,1.0055942,3450,13468015
2014-11-06,349.68991,4.7109752e+09,1.0363454,3850,13471865
2014-11-07,342.13329,4.6104564e+09,1.0147625,3750,13475615
2014-11-08,345.71633,4.6600625e+09,1.0253495,3825,13479440
2014-11-09,363.61005,4.9026233e+09,1.0791796,3750,13483190
2014-11-10,365.50225,4.9294795e+09,1.0847227,3675,13486865
2014-11-11,367.82547,4.9619986e+09,1.0919401,3225,13490090
2014-11-12,422.59142,5.7023492e+09,1.2519304,3675,13493765
2014-11-13,421.91447,5.6947441e+09,1.2459736,3625,13497390
2014-11-14,398.38888,5.3787438e+09,1.1770509,3850,13501240
2014-11-15,377.99384,5.1047085e+09,1.117365,3500,13504740
2014-11-16,390.20582,5.2710914e+09,1.1532784,3750,13508490
2014-11-17,387.50103,5.2359487e+09,1.1462426,3600,13512090
2014-11-18,373.86456,5.0531309e+09,1.1067081,3850,13515940
2014-11-19,377.6134,5.105131e+09,1.1187722,3525,13519465
2014-11-20,356.18127,4.8166089e+09,1.0569148,3450,13522915
2014-11-21,350.74886,4.7442606e+09,1.041714,3175,13526090
2014-11-22,352.45551,4.7687019e+09,1.0470467,3850,13529940
2014-11-23,367.77324,4.9772554e+09,1.092521,3550,13533490
2014-11-24,376.99422,5.1034329e+09,1.1197568,3675,13537165
2014-11-25,376.75563,5.1014463e+09,1.1194019,3300,13540465
2014-11-26,367.53021,4.9777886e+09,1.0926257,3425,13543890
2014-11-27,369.53023,5.0061793e+09,1.0987703,3525,13547415
2014-11-28,377.89693,5.1209247e+09,1.1342988,3700,13551115
2014-11-29,376.07634,5.0977297e+09,1.129062,3925,13555040
2014-11-30,378.6904,5.1346782e+09,1.1367776,4000,13559040
2014-12-01,379.11198,5.1416265e+09,1.1382579,3250,13562290
2014-12-02,382.9468,5.1950715e+09,1.1510639,3750,13566040
2014-12-03,375.91602,5.1007818e+09,1.1301191,2900,13568940
2014-12-04,368.84557,5.0061896e+09,1.1122974,3650,13572590
2014-12-05,378.42833,5.1377284e+09,1.1410958,3900,13576490
2014-12-06,375.13795,5.0943414e+09,1.1312929,3425,13579915
2014-12-07,376.63979,5.1159227e+09,1.1359774,3150,13583065
2014-12-08,363.21568,4.9350622e+09,1.1041808,4075,13587140
2014-12-09,351.10684,4.7717841e+09,1.0676131,3550,13590690
2014-12-10,347.88139,4.7291918e+09,1.0604131,3575,13594265
2014-12-11,348.59301,4.7401554e+09,1.0632814,3700,13597965
2014-12-12,353.19061,4.8039185e+09,1.0776769,3525,13601490
2014-12-13,349.24295,4.7514991e+09,1.0659147,3650,13605140
2014-12-14,356.07972,4.8457696e+09,1.0868915,3525,13608665
2014-12-15,347.09518,4.7247255e+09,1.0602896,3525,13612190
2014-12-16,328.61332,4.4743217e+09,1.0046949,3575,13615765
2014-12-17,320.29761,4.3621219e+09,0.98028857,3200,13618965
2014-12-18,313.51165,4.2707152e+09,0.96077271,3225,13622190
2014-12-19,318.24289,4.336255e+09,0.97619248,3425,13625615
2014-12-20,330.06576,4.4984546e+09,1.0130618,3350,13628965
2014-12-21,320.99267,4.3758571e+09,0.98778637,3300,13632265
2014-12-22,331.84258,4.5251265e+09,1.0214974,4100,13636365
2014-12-23,336.08413,4.5842261e+09,1.0395436,3750,13640115
2014-12-24,323.0323,4.4074332e+09,0.99961153,3825,13643940
2014-12-25,318.99614,4.3536242e+09,0.98749454,3950,13647890
2014-12-26,329.21034,4.4942775e+09,1.0192994,3800,13651690
2014-12-27,315.96844,4.3147039e+09,0.97876537,3800,13655490
2014-12-28,317.01048,4.3302727e+09,0.98276009,4225,13659715
2014-12-29,313.06553,4.2776694e+09,0.97130504,4100,13663815
2014-12-30,310.442,4.243025e+09,0.9677018,3875,13667690
2014-12-31,320.66229,4.3839312e+09,1.0009355,3800,13671490
2015-01-01,314.77647,4.3047618e+09,0.98274685,4125,13675615
2015-01-02,315.94273,4.3220144e+09,0.98668726,4125,13679740
2015-01-03,285.64731,3.9087377e+09,0.89443575,4050,13683790
2015-01-04,263.33457,3.6045473e+09,0.826303,4300,13688090
2015-01-05,275.00385,3.7653499e+09,0.86470946,3900,13691990
2015-01-06,287.54952,3.9382609e+09,0.90423431,3950,13695940
2015-01-07,297.53557,4.0760706e+09,0.93577843,3500,13699440
2015-01-08,284.34239,3.8963764e+09,0.89651769,3675,13703115
2015-01-09,292.50111,4.0092001e+09,0.9241025,3500,13706615
2015-01-10,276.23053,3.7872006e+09,0.87375367,3675,13710290
2015-01-11,268.75552,3.6857574e+09,0.85069708,3875,13714165
2015-01-12,268.61723,3.6848146e+09,0.85146752,3550,13717715
2015-01-13,224.10812,3.0749628e+09,0.71350593,3175,13720890
2015-01-14,175.63764,2.4105414e+09,0.56357972,3625,13724515
2015-01-15,212.34101,2.9150789e+09,0.68179854,3775,13728290
2015-01-16,207.5952,2.8506485e+09,0.66753485,3475,13731765
2015-01-17,199.82484,2.7446371e+09,0.64325099,3450,13735215
2015-01-18,211.13252,2.9007581e+09,0.68000493,3825,13739040
2015-01-19,216.89469,2.9807057e+09,0.69895138,3600,13742640
2015-01-20,211.91985,2.9129634e+09,0.68366065,2950,13745590
2015-01-21,227.90421,3.1335267e+09,0.73912676,3725,13749315
2015-01-22,233.64738,3.21328e+09,0.75789177,3375,13752690
2015-01-23,233.13285,3.2069265e+09,0.75661441,3100,13755790
2015-01-24,249.08212,3.4271059e+09,0.8081469,3150,13758940
2015-01-25,254.51794,3.5026924e+09,0.8258294,3125,13762065
2015-01-26,273.95224,3.7710183e+09,0.89147229,3175,13765240
2015-01-27,264.7538,3.6453858e+09,0.86202293,3725,13768965
2015-01-28,235.73584,3.246805e+09,0.76846781,4100,13773065
2015-01-29,233.95737,3.2232693e+09,0.76357085,4100,13777165
2015-01-30,228.89619,3.1543302e+09,0.74804548,3450,13780615
2015-01-31,217.33216,2.9958727e+09,0.71163625,4150,13784765
2015-02-01,227.1113,3.1315559e+09,0.74387279,3875,13788640
2015-02-02,240.09242,3.3115023e+09,0.78676033,3975,13792615
2015-02-03,227.7757,3.1423456e+09,0.74694335,3175,13795790
2015-02-04,226.78113,3.1295263e+09,0.7443882,3975,13799765
2015-02-05,217.01115,2.9955655e+09,0.71333929,3975,13803740
2015-02-06,222.72497,3.0754231e+09,0.73237364,4425,13808165
2015-02-07,228.64713,3.1581061e+09,0.75214553,3975,13812140
2015-02-08,224.03599,3.0951557e+09,0.73731062,3300,13815440
2015-02-09,220.76849,3.0509024e+09,0.72729218,4025,13819465
2015-02-10,220.88815,3.0533513e+09,0.72810409,3600,13823065
2015-02-11,219.49586,3.0349725e+09,0.72439005,3950,13827015
2015-02-12,222.58323,3.0783238e+09,0.73482642,2975,13829990
2015-02-13,236.55536,3.2724217e+09,0.78098836,3650,13833640
2015-02-14,257.6277,3.5649593e+09,0.85038033,4000,13837640
2015-02-15,234.4458,3.2449971e+09,0.7743708,3500,13841140
2015-02-16,235.08613,3.2547827e+09,0.77684571,3925,13845065
2015-02-17,243.90579,3.3778001e+09,0.80607357,3725,13848790
2015-02-18,235.99523,3.2692336e+09,0.78023417,4175,13852965
2015-02-19,241.87225,3.3516516e+09,0.80139075,4150,13857115
2015-02-20,245.53078,3.403318e+09,0.81236962,3950,13861065
2015-02-21,245.596,3.405094e+09,0.81269734,3550,13864615
2015-02-22,236.69067,3.2825184e+09,0.78366869,3775,13868390
2015-02-23,239.06602,3.3163094e+09,0.79211394,3550,13871940
2015-02-24,239.86926,3.3282255e+09,0.79522354,3225,13875165
2015-02-25,238.23611,3.3065123e+09,0.79086428,3975,13879140
2015-02-26,237.0444,3.2908613e+09,0.78721981,3750,13882890
2015-02-27,255.11677,3.5427275e+09,0.8470053,3800,13886690
2015-02-28,254.94845,3.5412951e+09,0.84675657,3550,13890240
2015-03-01,260.65133,3.6214218e+09,0.86514949,3500,13893740
2015-03-02,276.32261,3.840246e+09,0.91679724,3950,13897690
2015-03-03,282.7059,3.9300756e+09,0.9391453,3950,13901640
2015-03-04,273.44754,3.8023262e+09,0.90841341,3500,13905140
2015-03-05,276.26881,3.8424681e+09,0.91835146,3300,13908440
2015-03-06,273.31811,3.8024398e+09,0.90850025,3700,13912140
2015-03-07,276.40336,3.8463296e+09,0.91980286,3500,13915640
2015-03-08,275.33803,3.8325787e+09,0.91749265,3900,13919540
2015-03-09,290.13006,4.0395214e+09,0.96777239,3600,13923140
2015-03-10,292.32038,4.0711284e+09,0.9731036,3800,13926940
2015-03-11,296.69333,4.1331724e+09,0.98702529,3850,13930790
2015-03-12,295.80034,4.1217012e+09,0.98143882,3275,13934065
2015-03-13,285.91103,3.9849463e+09,0.95005909,3650,13937715
2015-03-14,283.60831,3.9537805e+09,0.94250473,3275,13940990
2015-03-15,287.27014,4.0058571e+09,0.95476771,3575,13944565
2015-03-16,291.39212,4.0643489e+09,0.96883474,3475,13948040
2015-03-17,285.2484,3.9795688e+09,0.94842564,3200,13951240
2015-03-18,257.28616,3.590445e+09,0.85686576,3825,13955065
2015-03-19,262.09295,3.6584217e+09,0.87346947,3425,13958490
2015-03-20,262.96649,3.6715092e+09,0.87674824,3400,13961890
2015-03-21,261.1843,3.6476123e+09,0.87101347,3775,13965665
2015-03-22,268.89942,3.7563137e+09,0.89689624,3550,13969215
2015-03-23,266.77799,3.7276462e+09,0.89015559,3625,13972840
2015-03-24,246.83508,3.4500546e+09,0.8245462,4325,13977165
2015-03-25,246.71914,3.4494332e+09,0.82488492,4050,13981215
2015-03-26,249.53299,3.4896976e+09,0.834809,3700,13984915
2015-03-27,247.3789,3.4606304e+09,0.82811622,4275,13989190
2015-03-28,253.23161,3.5434421e+09,0.84785463,3700,13992890
2015-03-29,242.96761,3.4007484e+09,0.81383575,3825,13996715
2015-03-30,248.33693,3.4767828e+09,0.83226724,3550,14000265
2015-03-31,244.71249,3.4269573e+09,0.82051756,3750,14004015
2015-04-01,247.18582,3.4624096e+09,0.83080879,3300,14007315
2015-04-02,253.63007,3.5537288e+09,0.85233643,4150,14011465
2015-04-03,254.83316,3.571516e+09,0.85676268,3650,14015115
2015-04-04,253.94585,3.5600516e+09,0.85381712,3825,14018940
2015-04-05,261.11214,3.6614814e+09,0.87790912,3700,14022640
2015-04-06,256.36739,3.5957551e+09,0.86213123,3150,14025790
2015-04-07,254.8319,3.575187e+09,0.85722526,3800,14029590
2015-04-08,245.82521,3.4495951e+09,0.82735719,3125,14032715
2015-04-09,243.86064,3.4228376e+09,0.82153081,3325,14036040
2015-04-10,235.8719,3.3116037e+09,0.7967323,3800,14039840
2015-04-11,237.40907,3.3340162e+09,0.80216867,3500,14043340
2015-04-12,237.14104,3.3310111e+09,0.80176151,3200,14046540
2015-04-13,225.50564,3.1684534e+09,0.76357046,3900,14050440
2015-04-14,219.75724,3.0885044e+09,0.74489185,3725,14054165
2015-04-15,223.31391,3.1391716e+09,0.75926768,3050,14057215
2015-04-16,228.49382,3.2127749e+09,0.77719921,3450,14060665
2015-04-17,222.78506,3.1332078e+09,0.75827898,3150,14063815
2015-04-18,223.39804,3.1426441e+09,0.76055574,3650,14067465
2015-04-19,223.28414,3.1418511e+09,0.76035314,3625,14071090
2015-04-20,224.8949,3.1653822e+09,0.76631946,3850,14074940
2015-04-21,234.93936,3.3076559e+09,0.80085177,3825,14078765
2015-04-22,233.82242,3.2928194e+09,0.79730639,3800,14082565
2015-04-23,235.93329,3.3233127e+09,0.80445024,3250,14085815
2015-04-24,231.45859,3.2610004e+09,0.78956794,3100,14088915
2015-04-25,226.44599,3.1913011e+09,0.77276772,4075,14092990
2015-04-26,220.50341,3.1083461e+09,0.75294572,3600,14096590
2015-04-27,227.32599,3.2052998e+09,0.77665961,3425,14100015
2015-04-28,225.54937,3.1811122e+09,0.77087913,3825,14103840
2015-04-29,225.66929,3.18352e+09,0.77154151,3175,14107015
2015-04-30,236.32798,3.3346739e+09,0.80792304,3350,14110365
2015-05-01,232.74658,3.2850003e+09,0.7959527,3700,14114065
2015-05-02,235.54008,3.3252935e+09,0.80559481,3675,14117740
2015-05-03,240.46425,3.3956593e+09,0.8223728,3525,14121265
2015-05-04,238.97666,3.3754174e+09,0.81741779,3200,14124465
2015-05-05,236.02338,3.3346127e+09,0.80768013,3850,14128315
2015-05-06,229.48122,3.2431066e+09,0.78562752,4025,14132340
2015-05-07,237.13069,3.3520473e+09,0.81202047,3525,14135865
2015-05-08,244.38347,3.4554882e+09,0.83681725,3750,14139615
2015-05-09,242.70595,3.4325514e+09,0.83113721,3225,14142840
2015-05-10,240.73148,3.4054032e+09,0.82457424,3225,14146065
2015-05-11,242.24984,3.4278388e+09,0.83050336,3950,14150015
2015-05-12,242.20909,3.4281705e+09,0.83069449,3750,14153765
2015-05-13,236.55027,3.3490348e+09,0.81161902,4050,14157815
2015-05-14,236.94892,3.3555911e+09,0.81336253,3850,14161665
2015-05-15,237.4845,3.3640487e+09,0.81536167,3675,14165340
2015-05-16,235.81213,3.3411372e+09,0.80981981,3300,14168640
2015-05-17,236.96368,3.3584661e+09,0.81389832,4275,14172915
2015-05-18,232.88385,3.3014813e+09,0.80026593,3600,14176515
2015-05-19,231.97445,3.2893431e+09,0.79745588,3250,14179765
2015-05-20,234.19031,3.3216124e+09,0.80520035,3625,14183390
2015-05-21,235.55382,3.3418644e+09,0.81004487,3875,14187265
2015-05-22,240.3232,3.410358e+09,0.82662537,3450,14190715
2015-05-23,238.96328,3.3917289e+09,0.8221977,2800,14193515
2015-05-24,240.71176,3.4174245e+09,0.82826864,3650,14197165
2015-05-25,237.00354,3.3656138e+09,0.81597835,3525,14200690
2015-05-26,236.79626,3.3635227e+09,0.8155281,3600,14204290
2015-05-27,237.2036,3.370127e+09,0.81731823,3450,14207740
2015-05-28,236.95688,3.3674037e+09,0.81693429,3300,14211040
2015-05-29,236.64653,3.3639043e+09,0.81601049,3850,14214890
2015-05-30,232.78877,3.3098582e+09,0.80519424,3400,14218290
2015-05-31,229.45055,3.2632433e+09,0.79414393,3700,14221990
2015-06-01,223.2827,3.1762611e+09,0.77376466,3300,14225290
2015-06-02,225.3208,3.2060986e+09,0.78141163,3750,14229040
2015-06-03,225.21306,3.2053651e+09,0.781559,3550,14232590
2015-06-04,223.54008,3.1823422e+09,0.77606861,3525,14236115
2015-06-05,224.73107,3.2000727e+09,0.78040202,3450,14239565
2015-06-06,225.16051,3.2071897e+09,0.78204257,4450,14244015
2015-06-07,223.41169,3.1831116e+09,0.77660755,3725,14247740
2015-06-08,228.77429,3.2604145e+09,0.79532581,3925,14251665
2015-06-09,229.37053,3.2697778e+09,0.79751177,3775,14255440
2015-06-10,228.58849,3.2595952e+09,0.79522298,4225,14259665
2015-06-11,229.58441,3.2745716e+09,0.79912895,3375,14263040
2015-06-12,229.81122,3.2786224e+09,0.79991673,3550,14266590
2015-06-13,233.01534,3.3252606e+09,0.81144066,3975,14270565
2015-06-14,232.50711,3.318868e+09,0.80992401,3700,14274265
2015-06-15,236.79096,3.3808693e+09,0.8248878,3600,14277865
2015-06-16,251.43268,3.5906635e+09,0.87513216,2950,14280815
2015-06-17,247.96932,3.5421834e+09,0.86325931,3950,14284765
2015-06-18,249.01248,3.5580558e+09,0.86709753,3900,14288665
2015-06-19,244.80348,3.4988146e+09,0.85251691,3675,14292340
2015-06-20,245.58251,3.5107714e+09,0.85520736,3350,14295690
2015-06-21,244.30026,3.4931981e+09,0.85070324,3100,14298790
2015-06-22,247.01789,3.5330018e+09,0.86017515,3825,14302615
2015-06-23,244.18476,3.4933352e+09,0.85051054,3500,14306115
2015-06-24,240.45155,3.4408652e+09,0.8379559,3900,14310015
2015-06-25,242.34786,3.4689223e+09,0.8448489,3800,14313815
2015-06-26,242.968,3.4787343e+09,0.84717268,3850,14317665
2015-06-27,251.52933,3.6021238e+09,0.87686139,3225,14320890
2015-06-28,249.05829,3.5676142e+09,0.86825845,3525,14324415
2015-06-29,256.65022,3.6772625e+09,0.89447788,3500,14327915
2015-06-30,263.85436,3.7814392e+09,0.91895089,3625,14331540
2015-07-01,258.04265,3.6990194e+09,0.89877462,3375,14334915
2015-07-02,254.74711,3.6527589e+09,0.88759905,3850,14338765
2015-07-03,256.08704,3.6730026e+09,0.89360593,4025,14342790
2015-07-04,260.50924,3.7374192e+09,0.90895603,3800,14346590
2015-07-05,271.30246,3.8932282e+09,0.94652746,3550,14350140
2015-07-06,269.13794,3.8633849e+09,0.93879668,4525,14354665
2015-07-07,266.46992,3.825979e+09,0.92913382,3350,14358015
2015-07-08,270.57614,3.8860253e+09,0.94328042,4025,14362040
2015-07-09,269.6803,3.8740559e+09,0.94097662,3325,14365365
2015-07-10,285.55878,4.1032555e+09,0.99548676,3850,14369215
2015-07-11,293.91745,4.2244505e+09,1.0241582,3700,14372915
2015-07-12,311.48188,4.4779538e+09,1.0836792,3375,14376290
2015-07-13,292.64922,4.2082928e+09,1.0183322,3700,14379990
2015-07-14,287.74095,4.1387478e+09,1.001301,3600,14383590
2015-07-15,285.92289,4.1136911e+09,0.9949258,3825,14387415
2015-07-16,278.53275,4.0082993e+09,0.96964467,3350,14390765
2015-07-17,280.06472,4.0313748e+09,0.97483547,3675,14394440
2015-07-18,277.35464,3.9933977e+09,0.96571539,3725,14398165
2015-07-19,275.28199,3.9646015e+09,0.95860718,3800,14401965
2015-07-20,279.11439,4.0208842e+09,0.97272012,3900,14405865
2015-07-21,276.65241,3.9862956e+09,0.96438518,3175,14409040
2015-07-22,277.76437,4.0033872e+09,0.96830559,3850,14412890
2015-07-23,276.81163,3.9906243e+09,0.96492102,3500,14416390
2015-07-24,289.30598,4.17197e+09,1.0079663,4225,14420615
2015-07-25,289.50764,4.1759928e+09,1.0082855,3850,14424465
2015-07-26,293.31484,4.2319655e+09,1.0212701,3600,14428065
2015-07-27,294.42676,4.2491051e+09,1.0249268,3725,14431790
2015-07-28,295.41013,4.2643012e+09,1.0281578,3400,14435190
2015-07-29,289.85584,4.1852255e+09,1.0091019,3800,14438990
2015-07-30,288.23626,4.162806e+09,1.0037569,3350,14442340
2015-07-31,284.59732,4.1113256e+09,0.99098704,3775,14446115
2015-08-01,281.66885,4.0701119e+09,0.98089158,3875,14449990
2015-08-02,282.42301,4.0820757e+09,0.98353023,3775,14453765
2015-08-03,282.18505,4.0797439e+09,0.98277599,3925,14457690
2015-08-04,285.28662,4.1255554e+09,0.99397021,3400,14461090
2015-08-05,282.33889,4.0838668e+09,0.98382413,3325,14464415
2015-08-06,278.99575,4.0365076e+09,0.97232925,3575,14467990
2015-08-07,279.48872,4.0445971e+09,0.97419688,3425,14471415
2015-08-08,261.45028,3.7846077e+09,0.91166096,4025,14475440
2015-08-09,266.34202,3.8563634e+09,0.93317694,3550,14478990
2015-08-10,264.92883,3.8370078e+09,0.92856137,4175,14483165
2015-08-11,271.42174,3.932145e+09,0.95127646,4050,14487215
2015-08-12,268.14387,3.8855025e+09,0.93998135,3150,14490365
2015-08-13,264.69163,3.836451e+09,0.92822959,3675,14494040
2015-08-14,266.35594,3.8615192e+09,0.93435614,3550,14497590
2015-08-15,261.93684,3.7983499e+09,0.91933993,3425,14501015
2015-08-16,258.93082,3.7556529e+09,0.90950511,3450,14504465
2015-08-17,258.0094,3.7432364e+09,0.90668516,3675,14508140
2015-08-18,217.88588,3.1618869e+09,0.76798027,3525,14511665
2015-08-19,227.21825,3.2982013e+09,0.80186184,3900,14515565
2015-08-20,235.52388,3.4196454e+09,0.83203851,3750,14519315
2015-08-21,232.80062,3.3810658e+09,0.82326318,4125,14523440
2015-08-22,230.63917,3.3505852e+09,0.81611734,3950,14527390
2015-08-23,228.67307,3.3227889e+09,0.8092317,3350,14530740
2015-08-24,211.95592,3.0806976e+09,0.75213176,3875,14534615
2015-08-25,222.65504,3.2369567e+09,0.79407506,3375,14537990
2015-08-26,226.1167,3.2881924e+09,0.80814493,4025,14542015
2015-08-27,224.93988,3.2718494e+09,0.80418084,3425,14545440
2015-08-28,232.17081,3.3779262e+09,0.82998858,3875,14549315
2015-08-29,229.8262,3.344733e+09,0.82198826,4000,14553315
2015-08-30,229.01957,3.3338527e+09,0.81927215,3750,14557065
2015-08-31,230.68947,3.359067e+09,0.82540167,3925,14560990
2015-09-01,227.95557,3.3201364e+09,0.81598508,3850,14564840
2015-09-02,229.50218,3.3435805e+09,0.82188383,4000,14568840
2015-09-03,227.10712,3.3095162e+09,0.81397546,3650,14572490
2015-09-04,231.17756,3.3697343e+09,0.82872426,3900,14576390
2015-09-05,235.90301,3.4394811e+09,0.8456626,3675,14580065
2015-09-06,240.80547,3.5118263e+09,0.86322379,3600,14583665
2015-09-07,240.63362,3.5102344e+09,0.86259401,3800,14587465
2015-09-08,244.17495,3.5627237e+09,0.87516289,3400,14590865
2015-09-09,238.72246,3.4840563e+09,0.85581756,3725,14594589
2015-09-10,238.75048,3.4854857e+09,0.85661875,4275,14598864
2015-09-11,240.84501,3.5170144e+09,0.86421443,3950,14602812
2015-09-12,236.35183,3.4521989e+09,0.84831164,3375,14606186
2015-09-13,230.54884,3.3683096e+09,0.82782905,3775,14609961
2015-09-14,230.94879,3.3750305e+09,0.82963832,3800,14613761
2015-09-15,230.39859,3.3679116e+09,0.82794791,4000,14617761
2015-09-16,229.04329,3.3489132e+09,0.82333716,3550,14621311
2015-09-17,233.2027,3.4105687e+09,0.83834106,3600,14624911
2015-09-18,233.17513,3.4110225e+09,0.83835706,3675,14628586
2015-09-19,232.24157,3.3980915e+09,0.83518355,3125,14631711
2015-09-20,231.36232,3.3859671e+09,0.83222368,3200,14634911
2015-09-21,226.77345,3.3195576e+09,0.81585049,3300,14638211
2015-09-22,230.6263,3.3768618e+09,0.82986426,3925,14642136
2015-09-23,230.13244,3.3705395e+09,0.82892525,3950,14646086
2015-09-24,234.31987,3.4326891e+09,0.84398148,3500,14649586
2015-09-25,235.53822,3.4515032e+09,0.8484784,4100,14653686
2015-09-26,234.59181,3.4384969e+09,0.84518839,3675,14657361
2015-09-27,233.24331,3.4196003e+09,0.84044962,3725,14661086
2015-09-28,240.01727,3.5197719e+09,0.86502832,3575,14664661
2015-09-29,237.33623,3.4814879e+09,0.85547192,4350,14669011
2015-09-30,236.73985,3.4736154e+09,0.85345406,3700,14672711
2015-10-01,238.22981,3.4963647e+09,0.85908051,3725,14676436
2015-10-02,237.93701,3.4928882e+09,0.85804128,3450,14679886
2015-10-03,239.7359,3.5201647e+09,0.86449878,3625,14683511
2015-10-04,239.51692,3.5178656e+09,0.86381713,3825,14687336
2015-10-05,240.96121,3.54e+09,0.86904243,3825,14691161
2015-10-06,246.9405,3.6287193e+09,0.89045639,3550,14694711
2015-10-07,243.73449,3.5824183e+09,0.87953074,3325,14698036
2015-10-08,243.02963,3.5729089e+09,0.87738611,3500,14701536
2015-10-09,244.44889,3.5945442e+09,0.88249178,3150,14704686
2015-10-10,245.95592,3.6176885e+09,0.88802862,4000,14708686
2015-10-11,248.52817,3.6564299e+09,0.89733993,3650,14712336
2015-10-12,246.09364,3.621486e+09,0.88965466,3550,14715886
2015-10-13,250.4713,3.686765e+09,0.9052258,3425,14719311
2015-10-14,253.14233,3.7270426e+09,0.91550869,3800,14723111
2015-10-15,254.69302,3.7509305e+09,0.92101163,4150,14727261
2015-10-16,262.73736,3.8703476e+09,0.94954679,3600,14730861
2015-10-17,271.93094,4.0067015e+09,0.98206419,3400,14734261
2015-10-18,263.48168,3.883163e+09,0.9516082,3625,14737886
2015-10-19,264.36273,3.8972383e+09,0.95474467,4125,14742011
2015-10-20,270.83221,3.9934781e+09,0.97727168,3200,14745211
2015-10-21,268.04022,3.9532745e+09,0.96713256,3600,14748811
2015-10-22,275.41496,4.0630622e+09,0.99332361,3700,14752511
2015-10-23,278.61278,4.1112759e+09,1.0042842,3725,14756236
2015-10-24,283.61114,4.1860611e+09,1.0216652,3625,14759861
2015-10-25,286.04969,4.2231622e+09,1.0298136,3875,14763736
2015-10-26,286.70338,4.2339886e+09,1.0317084,4100,14767836
2015-10-27,295.56291,4.3659109e+09,1.0622232,3675,14771511
2015-10-28,304.4421,4.4981278e+09,1.0923095,3475,14774986
2015-10-29,314.87946,4.6535284e+09,1.1270744,3775,14778761
2015-10-30,328.49232,4.8561139e+09,1.1714511,4275,14783036
2015-10-31,314.11951,4.6447944e+09,1.1190085,3675,14786711
2015-11-01,329.85423,4.8787209e+09,1.1730176,3825,14790536
2015-11-02,364.61663,5.3942701e+09,1.2904001,3825,14794361
2015-11-03,400.92311,5.9329548e+09,1.4084962,3875,14798236
2015-11-04,405.48168,6.0019849e+09,1.4140087,3875,14802111
2015-11-05,384.34122,5.6904643e+09,1.335545,3650,14805761
2015-11-06,372.97542,5.523537e+09,1.2958546,3625,14809386
2015-11-07,386.50455,5.7253639e+09,1.3392236,3800,14813186
2015-11-08,372.40013,5.5177265e+09,1.2908489,3475,14816661
2015-11-09,380.49564,5.6390924e+09,1.3163423,3725,14820386
2015-11-10,337.8305,5.0080116e+09,1.1732578,3650,14824036
2015-11-11,308.92219,4.5807711e+09,1.0763783,4200,14828236
2015-11-12,337.52299,5.0062291e+09,1.1748422,4025,14832261
2015-11-13,337.27896,5.0039587e+09,1.1732019,4000,14836261
2015-11-14,333.04712,4.9423563e+09,1.1584649,3550,14839811
2015-11-15,319.92802,4.7489511e+09,1.113692,4000,14843811
2015-11-16,331.13273,4.9167038e+09,1.1525737,4325,14848136
2015-11-17,335.84979,4.9879944e+09,1.1670891,3725,14851861
2015-11-18,335.7445,4.987715e+09,1.1663711,3825,14855686
2015-11-19,326.23215,4.8475116e+09,1.1338127,3400,14859086
2015-11-20,321.94048,4.7850854e+09,1.1192291,4175,14863261
2015-11-21,325.90523,4.8454322e+09,1.1329214,4350,14867611
2015-11-22,323.71697,4.81429e+09,1.1250374,4300,14871911
2015-11-23,323.01256,4.8051303e+09,1.1227465,4075,14875986
2015-11-24,319.96136,4.7609886e+09,1.1123276,3900,14879886
2015-11-25,328.96046,4.8961113e+09,1.1432311,3700,14883586
2015-11-26,356.25529,5.3039239e+09,1.2357194,4400,14887986
2015-11-27,359.26882,5.3499838e+09,1.2447198,3325,14891311
2015-11-28,356.56732,5.3111277e+09,1.2349272,3850,14895161
2015-11-29,371.70761,5.5380294e+09,1.285972,3725,14898886
2015-11-30,377.38984,5.6242167e+09,1.3028558,4050,14902936
2015-12-01,362.53238,5.4043104e+09,1.2517578,4175,14907111
2015-12-02,359.2224,5.3564142e+09,1.2400996,4025,14911136
2015-12-03,361.21007,5.3873348e+09,1.2466347,3550,14914686
2015-12-04,363.24163,5.4190243e+09,1.2529625,3825,14918511
2015-12-05,389.36296,5.8104191e+09,1.3403257,4375,14922886
2015-12-06,393.31913,5.87102e+09,1.3514021,3975,14926861
2015-12-07,395.34659,5.9027365e+09,1.3560428,3675,14930536
2015-12-08,413.79866,6.1800462e+09,1.4157338,4375,14934911
2015-12-09,417.63267,6.2390609e+09,1.4230962,4200,14939111
2015-12-10,415.72992,6.2128805e+09,1.4147374,5400,14944511
2015-12-11,453.86148,6.7845534e+09,1.5376686,4000,14948511
2015-12-12,435.85572,6.5171593e+09,1.4752921,4050,14952561
2015-12-13,434.40347,6.4969865e+09,1.4691752,3550,14956111
2015-12-14,442.99169,6.6275925e+09,1.4934795,4875,14960986
2015-12-15,464.61787,6.9532672e+09,1.5607304,4575,14965561
2015-12-16,454.14249,6.7983479e+09,1.5243044,4075,14969636
2015-12-17,456.24013,6.8315167e+09,1.5291391,3875,14973511
2015-12-18,463.17577,6.9373245e+09,1.5488725,4225,14977736
2015-12-19,461.39991,6.9125371e+09,1.5407991,3925,14981661
2015-12-20,442.15399,6.6260251e+09,1.4764683,4125,14985786
2015-12-21,437.64013,6.5600116e+09,1.4611545,3725,14989511
2015-12-22,435.26838,6.5260925e+09,1.45245,3750,14993261
2015-12-23,442.66573,6.6387403e+09,1.4749855,3925,14997186
2015-12-24,455.87871,6.8384707e+09,1.5164892,3450,15000636
2015-12-25,455.71883,6.8379179e+09,1.5132728,4050,15004686
2015-12-26,418.22153,6.2770707e+09,1.3904684,4275,15008961
2015-12-27,422.70589,6.3465427e+09,1.4052444,5125,15014086
2015-12-28,421.05288,6.3233137e+09,1.3998417,3775,15017861
2015-12-29,431.34002,6.4795191e+09,1.433306,3975,15021836
2015-12-30,426.04365,6.4017153e+09,1.4154931,4125,15025961
2015-12-31,429.67715,6.4578376e+09,1.4259753,3550,15029511
2016-01-01,434.67801,6.534465e+09,1.4420214,3375,15032886
2016-01-02,434.43988,6.5324601e+09,1.4408573,3625,15036511
2016-01-03,430.13618,6.4693067e+09,1.4257856,3625,15040136
2016-01-04,433.44897,6.5210929e+09,1.4358758,4525,15044661
2016-01-05,432.6695,6.5110643e+09,1.4325723,3925,15048586
2016-01-06,430.67787,6.4826112e+09,1.4254271,3525,15052111
2016-01-07,459.20894,6.9137516e+09,1.5136506,3675,15055786
2016-01-08,454.13442,6.8393149e+09,1.4953109,4325,15060111
2016-01-09,449.84522,6.7764171e+09,1.4806329,3775,15063886
2016-01-10,448.58022,6.7593238e+09,1.4736206,4375,15068261
2016-01-11,449.03306,6.7680558e+09,1.4731839,4250,15072511
2016-01-12,441.76816,6.660433e+09,1.44857,4250,15076761
2016-01-13,432.31065,6.5194439e+09,1.4179415,3700,15080461
2016-01-14,429.82322,6.4833616e+09,1.4098903,3325,15083786
2016-01-15,367.8232,5.5492883e+09,1.2108506,3050,15086836
2016-01-16,388.0712,5.8561443e+09,1.2771992,3550,15090386
2016-01-17,382.48209,5.7732462e+09,1.2590205,3775,15094161
2016-01-18,384.86517,5.8108814e+09,1.2674125,4325,15098486
2016-01-19,378.16173,5.7109269e+09,1.2458459,3325,15101811
2016-01-20,420.62292,6.3537663e+09,1.3822596,3800,15105611
2016-01-21,409.29846,6.1841052e+09,1.3452441,3425,15109036
2016-01-22,381.04646,5.7589213e+09,1.2597321,4400,15113436
2016-01-23,386.3706,5.8411164e+09,1.2770523,4475,15117911
2016-01-24,403.44693,6.1009995e+09,1.3320871,4275,15122186
2016-01-25,391.9861,5.9292743e+09,1.2937368,4050,15126236
2016-01-26,391.14294,5.918085e+09,1.29079,4000,15130236
2016-01-27,394.62753,5.9723369e+09,1.3020216,3875,15134111
2016-01-28,378.901,5.7357128e+09,1.2516518,3650,15137761
2016-01-29,378.99999,5.7388127e+09,1.2534027,4225,15141986
2016-01-30,377.26278,5.7142715e+09,1.2472625,4675,15146661
2016-01-31,366.34169,5.5505111e+09,1.2119002,4525,15151186
2016-02-01,371.22344,5.6259695e+09,1.230413,4025,15155211
2016-02-02,372.92763,5.6534752e+09,1.236387,4500,15159711
2016-02-03,368.09821,5.5819097e+09,1.2212966,4475,15164186
2016-02-04,389.72308,5.9114702e+09,1.2912853,4200,15168386
2016-02-05,384.39841,5.8325102e+09,1.2738765,4700,15173086
2016-02-06,374.63156,5.68619e+09,1.2421806,5000,15178086
2016-02-07,375.15392,5.6957692e+09,1.2438077,4400,15182486
2016-02-08,370.81435,5.6312557e+09,1.2300676,3700,15186186
2016-02-09,373.51161,5.6738603e+09,1.2395525,4400,15190586
2016-02-10,379.08261,5.7600413e+09,1.2574377,4100,15194686
2016-02-11,377.63917,5.7399213e+09,1.2523911,4800,15199486
2016-02-12,382.29446,5.8123136e+09,1.2673599,4275,15203761
2016-02-13,389.59843,5.9248809e+09,1.2909038,3900,15207661
2016-02-14,406.15067,6.1782873e+09,1.3439516,4150,15211811
2016-02-15,399.26762,6.0751008e+09,1.3208087,3800,15215611
2016-02-16,407.03531,6.1946953e+09,1.3443927,3450,15219061
2016-02-17,415.32411,6.3224525e+09,1.3689164,3875,15222936
2016-02-18,421.28966,6.4150456e+09,1.387065,4225,15227161
2016-02-19,419.62653,6.3912419e+09,1.3799041,3625,15230786
2016-02-20,440.19576,6.7061782e+09,1.4447979,3750,15234536
2016-02-21,438.71861,6.6850785e+09,1.4389617,3200,15237736
2016-02-22,437.5353,6.6684366e+09,1.4338871,3175,15240911
2016-02-23,420.03259,6.4031075e+09,1.3770166,3400,15244311
2016-02-24,423.99511,6.4647642e+09,1.3888858,2950,15247261
2016-02-25,424.09087,6.4678676e+09,1.3886989,3875,15251136
2016-02-26,431.76224,6.5863759e+09,1.4125491,3500,15254636
2016-02-27,432.94785,6.6060529e+09,1.4157769,3675,15258311
2016-02-28,433.10226,6.60986e+09,1.4148981,3350,15261661
2016-02-29,437.77587,6.6826426e+09,1.4271887,3325,15264986
2016-03-01,432.80787,6.6083317e+09,1.4083669,3525,15268511
2016-03-02,423.07979,6.4614591e+09,1.3766595,3925,15272436
2016-03-03,419.26882,6.4046713e+09,1.363707,3375,15275811
2016-03-04,407.99015,6.2339615e+09,1.3276212,3875,15279686
2016-03-05,397.31445,6.0723301e+09,1.2930088,3750,15283436
2016-03-06,403.70519,6.1714962e+09,1.3135195,3700,15287136
2016-03-07,413.22937,6.3184676e+09,1.343092,3325,15290461
2016-03-08,411.42595,6.2924765e+09,1.3371248,3850,15294311
2016-03-09,412.5407,6.3112585e+09,1.3411659,4200,15298511
2016-03-10,416.34093,6.3710096e+09,1.3527013,3875,15302386
2016-03-11,419.51193,6.4212116e+09,1.3622907,4000,15306386
2016-03-12,410.26416,6.2811386e+09,1.3323158,3600,15309986
2016-03-13,411.80588,6.3061116e+09,1.3370001,3325,15313311
2016-03-14,415.02696,6.357014e+09,1.3466771,3800,15317111
2016-03-15,415.2664,6.362353e+09,1.3470281,4025,15321136
2016-03-16,417.02412,6.390868e+09,1.3520056,3800,15324936
2016-03-17,418.60536,6.416576e+09,1.3563873,3525,15328461
2016-03-18,408.90159,6.2692223e+09,1.3250506,3400,15331861
2016-03-19,409.12443,6.27403e+09,1.3259842,3400,15335261
2016-03-20,412.05695,6.320505e+09,1.3352228,3650,15338911
2016-03-21,411.60177,6.3149533e+09,1.3330213,3475,15342386
2016-03-22,416.58165,6.3928979e+09,1.3480713,3700,15346086
2016-03-23,417.3783,6.4066781e+09,1.3502049,3725,15349811
2016-03-24,413.56024,6.3495914e+09,1.337298,3675,15353486
2016-03-25,416.37324,6.3943006e+09,1.3455508,3650,15357136
2016-03-26,416.8231,6.4028034e+09,1.3462814,3825,15360961
2016-03-27,425.45496,6.5368968e+09,1.3728703,3525,15364486
2016-03-28,422.91745,6.4997066e+09,1.3637568,4250,15368736
2016-03-29,415.86383,6.3929337e+09,1.3408893,3925,15372661
2016-03-30,412.7777,6.3470086e+09,1.3308193,3675,15376336
2016-03-31,415.95681,6.3971812e+09,1.3403933,3100,15379436
2016-04-01,417.20066,6.4179067e+09,1.3439179,3825,15383261
2016-04-02,419.76306,6.4587834e+09,1.3516565,3475,15386736
2016-04-03,420.07358,6.4650526e+09,1.3522322,3550,15390286
2016-04-04,419.54073,6.4585929e+09,1.3501482,4150,15394436
2016-04-05,422.50136,6.5058075e+09,1.358902,3875,15398311
2016-04-06,421.90719,6.4983142e+09,1.3556637,3925,15402236
2016-04-07,421.46722,6.4930022e+09,1.3511785,3475,15405711
2016-04-08,418.64346,6.4510073e+09,1.3421446,3600,15409311
2016-04-09,418.75864,6.4544781e+09,1.3423338,4050,15413361
2016-04-10,421.95449,6.5055619e+09,1.3508402,4325,15417686
2016-04-11,423.27304,6.52751e+09,1.3544975,3825,15421511
2016-04-12,427.42766,6.593162e+09,1.3665446,3700,15425211
2016-04-13,424.87252,6.5554903e+09,1.3580749,4100,15429311
2016-04-14,425.85659,6.5724199e+09,1.3608466,4100,15433411
2016-04-15,430.72442,6.6490438e+09,1.3755556,3475,15436886
2016-04-16,432.21631,6.6735651e+09,1.3797152,3450,15440336
2016-04-17,429.33997,6.6308493e+09,1.3703839,3950,15444286
2016-04-18,429.65693,6.637184e+09,1.3710145,3350,15447636
2016-04-19,437.56873,6.7610433e+09,1.3950766,3750,15451386
2016-04-20,442.66165,6.8415621e+09,1.4100361,4125,15455511
2016-04-21,452.1647,6.9901435e+09,1.4384455,3775,15459286
2016-04-22,448.13442,6.9294403e+09,1.4244576,3575,15462861
2016-04-23,453.91472,7.0204544e+09,1.441267,3600,15466461
2016-04-24,463.38287,7.1684223e+09,1.469847,3300,15469761
2016-04-25,465.31601,7.1998048e+09,1.4728888,3175,15472936
2016-04-26,469.60876,7.2679992e+09,1.4839374,3775,15476711
2016-04-27,445.74111,6.900044e+09,1.4095383,3225,15479936
2016-04-28,451.06006,6.9839033e+09,1.4252343,3375,15483311
2016-04-29,457.00997,7.0778327e+09,1.4428598,3950,15487261
2016-04-30,449.90048,6.9693684e+09,1.4202588,3650,15490911
2016-05-01,455.01073,7.050294e+09,1.4348122,3875,15494786
2016-05-02,444.93306,6.895889e+09,1.4030653,3925,15498711
2016-05-03,451.62885,7.00137e+09,1.4235259,3775,15502486
2016-05-04,448.36797,6.9526901e+09,1.4127957,4175,15506661
2016-05-05,449.33607,6.9694434e+09,1.4153456,3875,15510536
2016-05-06,461.69386,7.1629892e+09,1.4523127,4050,15514586
2016-05-07,461.36184,7.1595681e+09,1.4502801,3750,15518336
2016-05-08,461.37887,7.1617702e+09,1.4496512,4200,15522536
2016-05-09,463.46223,7.1960905e+09,1.4552502,4275,15526811
2016-05-10,451.07967,7.0056106e+09,1.4162615,3950,15530761
2016-05-11,453.89631,7.0508643e+09,1.4241473,3325,15534086
2016-05-12,455.60726,7.0790256e+09,1.4287619,3475,15537561
2016-05-13,457.2419,7.1061615e+09,1.4333699,3800,15541361
2016-05-14,458.11952,7.1214502e+09,1.4350583,3600,15544961
2016-05-15,460.85772,7.1656168e+09,1.4430347,3475,15548436
2016-05-16,455.22408,7.0796271e+09,1.4254554,3525,15551961
2016-05-17,453.54578,7.055125e+09,1.4154672,3525,15555486
2016-05-18,454.48618,7.0714919e+09,1.417767,3825,15559311
2016-05-19,437.72419,6.812e+09,1.3658366,3000,15562311
2016-05-20,442.3968,6.8863645e+09,1.379468,3725,15566036
2016-05-21,444.07821,6.9141028e+09,1.3843379,3525,15569561
2016-05-22,440.55867,6.8613317e+09,1.3732447,4600,15574161
2016-05-23,444.20506,6.92012e+09,1.3837813,4500,15578661
2016-05-24,445.67445,6.9446492e+09,1.3879275,3675,15582336
2016-05-25,450.54953,7.0221686e+09,1.4018507,3450,15585786
2016-05-26,454.43372,7.0842405e+09,1.4128758,3375,15589161
2016-05-27,471.82012,7.3569194e+09,1.4611599,3475,15592636
2016-05-28,530.9106,8.280061e+09,1.6347394,3325,15595961
2016-05-29,527.54971,8.2295835e+09,1.6194474,3675,15599636
2016-05-30,533.49315,8.3242196e+09,1.6325664,3600,15603236
2016-05-31,530.94369,8.2861255e+09,1.6209836,3175,15606411
2016-06-01,537.61368,8.3921421e+09,1.6374934,3575,15609986
2016-06-02,538.77124,8.4120704e+09,1.6359416,3450,15613436
2016-06-03,570.17599,8.9044305e+09,1.7260742,3550,15616986
2016-06-04,574.2662,8.9700157e+09,1.7350892,2975,15619961
2016-06-05,575.13764,8.9860719e+09,1.7344912,4250,15624211
2016-06-06,585.85715,9.1560457e+09,1.761247,4250,15628461
2016-06-07,578.46924,9.0426087e+09,1.736486,3500,15631961
2016-06-08,583.09759,9.1170579e+09,1.7464302,3600,15635561
2016-06-09,577.1017,9.0256894e+09,1.7262705,4125,15639686
2016-06-10,579.81499,9.0702118e+09,1.7312478,3600,15643286
2016-06-11,605.44956,9.4735819e+09,1.8030839,3900,15647186
2016-06-12,670.39237,1.0492201e+10,1.979789,3650,15650836
2016-06-13,704.32178,1.102606e+10,2.0543877,4025,15654861
2016-06-14,684.94832,1.0725031e+10,1.9914611,3300,15658161
2016-06-15,695.00147,1.0885086e+10,2.008173,3800,15661961
2016-06-16,767.42003,1.2022161e+10,2.1842455,3725,15665686
2016-06-17,750.01463,1.1752288e+10,2.1259304,3725,15669411
2016-06-18,758.28878,1.1884934e+10,2.1415587,3950,15673361
2016-06-19,766.76713,1.2021211e+10,2.1594119,4425,15677786
2016-06-20,722.49745,1.1330123e+10,2.0327943,4100,15681886
2016-06-21,669.6042,1.0503151e+10,1.8829044,3725,15685611
2016-06-22,594.83297,9.332237e+09,1.6820999,3225,15688836
2016-06-23,627.67786,9.8497319e+09,1.7719186,3500,15692336
2016-06-24,664.12699,1.0423846e+10,1.8698831,3225,15695561
2016-06-25,668.87268,1.0501041e+10,1.8790919,4050,15699611
2016-06-26,630.43424,9.8998735e+09,1.7731205,3650,15703261
2016-06-27,652.24481,1.0244768e+10,1.8308581,3675,15706936
2016-06-28,647.21877,1.0168219e+10,1.8156078,3700,15710636
2016-06-29,638.58635,1.0034929e+10,1.7914498,3650,15714286
2016-06-30,674.28481,1.0598433e+10,1.8846372,3750,15718036
2016-07-01,677.51239,1.065179e+10,1.890541,3875,15721911
2016-07-02,702.73932,1.1051023e+10,1.956627,3725,15725636
2016-07-03,662.55009,1.0421572e+10,1.8447065,3850,15729486
2016-07-04,679.84245,1.0696139e+10,1.8900002,3775,15733261
2016-07-05,668.16598,1.0514852e+10,1.8550214,3625,15736886
2016-07-06,677.65133,1.0666494e+10,1.8785314,3500,15740386
2016-07-07,640.05324,1.0076877e+10,1.7757928,3425,15743811
2016-07-08,665.05171,1.0472859e+10,1.8419359,3625,15747436
2016-07-09,651.94191,1.026841e+10,1.8035423,3062.5,15750499
2016-07-10,649.95934,1.0238451e+10,1.7964555,1950,15752449
2016-07-11,650.27259,1.0244548e+10,1.7950474,1787.5,15754236
2016-07-12,670.02313,1.05569e+10,1.8467629,1787.5,15756024
2016-07-13,658.33361,1.0373782e+10,1.8137704,1612.5,15757636
2016-07-14,660.90596,1.041548e+10,1.8196744,1762.5,15759399
2016-07-15,666.75867,1.0508841e+10,1.8345517,1687.5,15761086
2016-07-16,665.27562,1.0486772e+10,1.8293518,1962.5,15763049
2016-07-17,681.0896,1.0737317e+10,1.8689513,1862.5,15764911
2016-07-18,675.11858,1.0644433e+10,1.8515086,1850,15766761
2016-07-19,674.66036,1.0638288e+10,1.8472273,1600,15768361
2016-07-20,667.30536,1.0523563e+10,1.8266389,1875,15770236
2016-07-21,666.85174,1.0517518e+10,1.8245642,1662.5,15771899
2016-07-22,650.56291,1.0261661e+10,1.7803472,1612.5,15773511
2016-07-23,657.37794,1.0370235e+10,1.7986008,1637.5,15775149
2016-07-24,661.39398,1.0434613e+10,1.8056574,1550,15776699
2016-07-25,655.11958,1.0336697e+10,1.7877137,1637.5,15778336
2016-07-26,654.62634,1.032997e+10,1.7852261,1612.5,15779949
2016-07-27,656.27515,1.0357038e+10,1.7879634,1600,15781549
2016-07-28,656.19645,1.0356912e+10,1.7868367,1700,15783249
2016-07-29,657.55757,1.0379603e+10,1.7893564,1837.5,15785086
2016-07-30,655.36173,1.0345916e+10,1.7822835,1487.5,15786574
2016-07-31,624.80449,9.8647248e+09,1.7008979,1925,15788499
2016-08-01,606.50925,9.5770304e+09,1.6531908,1912.5,15790411
2016-08-02,526.98115,8.3222634e+09,1.4466443,1925,15792336
2016-08-03,570.34704,9.0082956e+09,1.5645703,2075,15794411
2016-08-04,583.54216,9.2178208e+09,1.5977833,1912.5,15796324
2016-08-05,581.27981,9.1833119e+09,1.5914122,2112.5,15798436
2016-08-06,590.7954,9.3348693e+09,1.6172311,2075,15800511
2016-08-07,594.73232,9.3981749e+09,1.6273293,1850,15802361
2016-08-08,591.62928,9.3502341e+09,1.6187062,1850,15804211
2016-08-09,587.93214,9.2927149e+09,1.6089797,1550,15805761
2016-08-10,589.96876,9.3260188e+09,1.615325,1887.5,15807649
2016-08-11,589.58588,9.321072e+09,1.6143933,1875,15809524
2016-08-12,587.19165,9.2843139e+09,1.6077028,1862.5,15811386
2016-08-13,585.36358,9.2566023e+09,1.6024534,2037.5,15813424
2016-08-14,571.38706,9.0367499e+09,1.5645098,2037.5,15815461
2016-08-15,566.56444,8.9615119e+09,1.5518989,1825,15817286
2016-08-16,578.41492,9.1499304e+09,1.5834349,1687.5,15818974
2016-08-17,573.66374,9.0756536e+09,1.5706748,1537.5,15820511
2016-08-18,573.26319,9.0704202e+09,1.5694347,1925,15822436
2016-08-19,573.95846,9.0825259e+09,1.5709756,1925,15824361
2016-08-20,581.79707,9.2076942e+09,1.5894293,1937.5,15826299
2016-08-21,580.79219,9.192974e+09,1.5862522,2037.5,15828336
2016-08-22,584.9719,9.2602871e+09,1.5971444,1975,15830311
2016-08-23,582.62775,9.2242491e+09,1.5907111,1837.5,15832149
2016-08-24,578.70183,9.1631929e+09,1.5803388,1900,15834049
2016-08-25,576.03344,9.1218775e+09,1.5702844,1625,15835674
2016-08-26,578.87465,9.1678252e+09,1.5774606,1650,15837324
2016-08-27,570.20099,9.031484e+09,1.554109,1800,15839124
2016-08-28,575.10523,9.1102556e+09,1.5672076,1900,15841024
2016-08-29,573.42927,9.0847746e+09,1.5631739,1862.5,15842886
2016-08-30,575.6957,9.1218616e+09,1.5685135,2050,15844936
2016-08-31,572.27276,9.0685838e+09,1.5580829,1675,15846611
2016-09-01,572.2217,9.0687762e+09,1.5578962,1750,15848361
2016-09-02,576.84677,9.1431791e+09,1.5700128,1912.5,15850274
2016-09-03,600.37441,9.5170442e+09,1.6324403,1575,15851849
2016-09-04,610.53891,9.6795365e+09,1.6586573,2237.5,15854086
2016-09-05,607.52696,9.632848e+09,1.649513,1750,15855836
2016-09-06,612.99546,9.7205976e+09,1.6626726,1700,15857536
2016-09-07,615.65982,9.7640176e+09,1.6686166,1900,15859436
2016-09-08,630.55017,1.0001305e+10,1.70668,1800,15861236
2016-09-09,622.97788,9.8823051e+09,1.6850711,1775,15863011
2016-09-10,624.75264,9.9116685e+09,1.6890038,1937.5,15864949
2016-09-11,608.24668,9.6510492e+09,1.6440945,2050,15866999
2016-09-12,607.70737,9.6437302e+09,1.6423552,2037.5,15869036
2016-09-13,608.6943,9.6606472e+09,1.6432403,2062.5,15871099
2016-09-14,609.41309,9.6732436e+09,1.6444589,1950,15873049
2016-09-15,607.07026,9.6372244e+09,1.6375709,1925,15874974
2016-09-16,607.80644,9.6499672e+09,1.6384368,1737.5,15876711
2016-09-17,607.38145,9.6444573e+09,1.6368429,2037.5,15878749
2016-09-18,611.53346,9.7114945e+09,1.6473589,1812.5,15880561
2016-09-19,608.87131,9.6702302e+09,1.6398089,1662.5,15882224
2016-09-20,608.37175,9.6634444e+09,1.6360832,1887.5,15884111
2016-09-21,596.94576,9.4831914e+09,1.60558,2075,15886186
2016-09-22,595.56472,9.4623016e+09,1.6018657,1762.5,15887949
2016-09-23,602.37878,9.5715872e+09,1.6196384,1700,15889649
2016-09-24,602.68736,9.5777409e+09,1.6206568,2075,15891724
2016-09-25,600.61005,9.5461179e+09,1.6137356,2312.5,15894036
2016-09-26,606.77881,9.6453248e+09,1.6293352,1912.5,15895949
2016-09-27,605.15161,9.6207222e+09,1.6241484,2087.5,15898036
2016-09-28,604.68649,9.6144464e+09,1.6225102,1850,15899886
2016-09-29,605.20256,9.6237336e+09,1.6235305,1787.5,15901674
2016-09-30,608.86584,9.6830666e+09,1.6329688,1775,15903449
2016-10-01,615.40848,9.7883249e+09,1.6497369,1962.5,15905411
2016-10-02,611.74858,9.7311908e+09,1.6396356,1762.5,15907174
2016-10-03,612.59035,9.7457373e+09,1.6402348,1887.5,15909061
2016-10-04,610.00788,9.7058574e+09,1.6317845,1975,15911036
2016-10-05,612.14778,9.7411833e+09,1.6367382,2087.5,15913124
2016-10-06,611.76086,9.7362574e+09,1.6350218,2012.5,15915136
2016-10-07,617.90571,9.8351579e+09,1.6505741,1787.5,15916924
2016-10-08,619.301,9.858675e+09,1.6534511,2112.5,15919036
2016-10-09,617.10104,9.824888e+09,1.6471487,2000,15921036
2016-10-10,618.0852,9.8415148e+09,1.6490563,1550,15922586
2016-10-11,642.98139,1.0239044e+10,1.7117229,1737.5,15924324
2016-10-12,636.59793,1.0138537e+10,1.6916525,1800,15926124
2016-10-13,635.4441,1.0121178e+10,1.6877031,1600,15927724
2016-10-14,639.58609,1.0188238e+10,1.6976486,1700,15929424
2016-10-15,637.28376,1.0152694e+10,1.6909697,1775,15931199
2016-10-16,642.91304,1.024342e+10,1.7048594,1625,15932824
2016-10-17,639.13754,1.0184264e+10,1.6921397,1562.5,15934386
2016-10-18,635.57651,1.0128753e+10,1.6808924,1937.5,15936324
2016-10-19,629.64071,1.0035142e+10,1.6645218,1562.5,15937886
2016-10-20,628.5989,1.0019591e+10,1.6612657,1675,15939561
2016-10-21,630.9062,1.0057661e+10,1.6653319,2050,15941611
2016-10-22,654.50863,1.0435141e+10,1.7258128,1862.5,15943474
2016-10-23,651.96196,1.0395712e+10,1.7180739,1800,15945274
2016-10-24,650.02717,1.0366023e+10,1.7114168,1787.5,15947061
2016-10-25,655.79251,1.0459103e+10,1.7243237,1737.5,15948799
2016-10-26,675.10987,1.0768356e+10,1.7711156,1725,15950524
2016-10-27,686.52333,1.0951797e+10,1.7961571,2025,15952549
2016-10-28,690.39065,1.1014802e+10,1.8041576,1900,15954449
2016-10-29,715.44547,1.141587e+10,1.8651885,1862.5,15956311
2016-10-30,699.33341,1.116025e+10,1.8226058,2100,15958411
2016-10-31,698.89773,1.1154581e+10,1.8183864,1837.5,15960249
2016-11-01,730.57848,1.1661529e+10,1.895705,1800,15962049
2016-11-02,740.36706,1.1819006e+10,1.9174849,1662.5,15963711
2016-11-03,689.93921,1.1015327e+10,1.7873029,1937.5,15965649
2016-11-04,705.43202,1.1263703e+10,1.8252634,1450,15967099
2016-11-05,706.81933,1.1287153e+10,1.8277998,1837.5,15968936
2016-11-06,715.89688,1.1433481e+10,1.8496245,1912.5,15970849
2016-11-07,706.18122,1.1279602e+10,1.8233089,1825,15972674
2016-11-08,711.83585,1.1371425e+10,1.8344102,2112.5,15974786
2016-11-09,721.50151,1.1527158e+10,1.8556555,1837.5,15976624
2016-11-10,713.40762,1.1399343e+10,1.8331139,2100,15978724
2016-11-11,715.70331,1.1437484e+10,1.8371202,2037.5,15980761
2016-11-12,703.84755,1.1249498e+10,1.8062207,2100,15982861
2016-11-13,703.62644,1.1247213e+10,1.8049821,1775,15984636
2016-11-14,705.64358,1.1280973e+10,1.8085859,2150,15986786
2016-11-15,712.34715,1.1389531e+10,1.8234123,1950,15988736
2016-11-16,742.05012,1.186603e+10,1.8926168,2137.5,15990874
2016-11-17,735.31808,1.175984e+10,1.8720452,1987.5,15992861
2016-11-18,749.57873,1.1989295e+10,1.9045804,1850,15994711
2016-11-19,751.21382,1.2016781e+10,1.906898,1775,15996486
2016-11-20,730.35081,1.1684215e+10,1.8535633,1600,15998086
2016-11-21,736.50698,1.1783982e+10,1.8669404,1737.5,15999824
2016-11-22,747.99768,1.1969084e+10,1.8925913,1675,16001499
2016-11-23,741.24032,1.1862318e+10,1.8696534,1837.5,16003336
2016-11-24,737.35498,1.1801633e+10,1.854833,2025,16005361
2016-11-25,739.6852,1.1840334e+10,1.8592927,1900,16007261
2016-11-26,734.65293,1.1761186e+10,1.8452524,1912.5,16009174
2016-11-27,727.74112,1.1651844e+10,1.8268145,1800,16010974
2016-11-28,730.08248,1.1690828e+10,1.8308207,2050,16013024
2016-11-29,731.64644,1.1717234e+10,1.8334335,1862.5,16014886
2016-11-30,742.20445,1.1887637e+10,1.8574176,1775,16016661
2016-12-01,753.67491,1.2072731e+10,1.8825849,1825,16018486
2016-12-02,772.30238,1.2372495e+10,1.923998,1787.5,16020274
2016-12-03,766.11047,1.2274946e+10,1.8939513,2150,16022424
2016-12-04,766.38014,1.2280685e+10,1.8932774,1850,16024274
2016-12-05,752.67073,1.2062432e+10,1.8578117,1900,16026174
2016-12-06,759.11733,1.2167169e+10,1.8719701,1875,16028049
2016-12-07,764.98765,1.2262923e+10,1.8839826,2175,16030224
2016-12-08,767.65922,1.2307256e+10,1.8872457,1962.5,16032186
2016-12-09,771.90232,1.2376584e+10,1.8959136,1687.5,16033874
2016-12-10,775.47456,1.2435141e+10,1.9015018,1650,16035524
2016-12-11,770.49615,1.235711e+10,1.8880226,2337.5,16037861
2016-12-12,778.5066,1.2487099e+10,1.9048637,1950,16039811
2016-12-13,778.93069,1.2495634e+10,1.9033759,2225,16042036
2016-12-14,776.96396,1.2465434e+10,1.8962679,1737.5,16043774
2016-12-15,776.17678,1.2454037e+10,1.8913626,1587.5,16045361
2016-12-16,782.23022,1.2552467e+10,1.9037352,1662.5,16047024
2016-12-17,789.60293,1.2672198e+10,1.9192034,1800,16048824
2016-12-18,790.63297,1.2690123e+10,1.918922,1762.5,16050586
2016-12-19,790.27903,1.2685933e+10,1.9163509,1887.5,16052474
2016-12-20,799.77752,1.2839787e+10,1.9354377,1725,16054199
2016-12-21,828.48368,1.3302288e+10,1.9954627,1987.5,16056186
2016-12-22,858.50143,1.3785965e+10,2.0579061,1987.5,16058174
2016-12-23,915.56244,1.4704e+10,2.1775184,1900,16060074
2016-12-24,891.15527,1.4313545e+10,2.1163535,1712.5,16061786
2016-12-25,896.00328,1.4393261e+10,2.1238883,2062.5,16063849
2016-12-26,903.20125,1.4510491e+10,2.1357441,1775,16065624
2016-12-27,925.95081,1.4877783e+10,2.1814447,1950,16067574
2016-12-28,979.96097,1.5747604e+10,2.2923126,2050,16069624
2016-12-29,973.46256,1.5645002e+10,2.2658277,1875,16071499
2016-12-30,961.18266,1.5449532e+10,2.2303053,1962.5,16073461
2016-12-31,968.9706,1.5576504e+10,2.2443903,1850,16075311
2017-01-01,997.25736,1.6033167e+10,2.3019395,1950,16077261
2017-01-02,1017.0779,1.6353848e+10,2.3352417,1987.5,16079249
2017-01-03,1032.6091,1.6605695e+10,2.3577099,2050,16081299
2017-01-04,1134.4964,1.8246346e+10,2.5577013,1912.5,16083211
2017-01-05,1000.4981,1.6092973e+10,2.2370404,1750,16084961
2017-01-06,892.46396,1.4357044e+10,2.00165,2012.5,16086974
2017-01-07,903.45328,1.4535388e+10,2.0252978,1725,16088699
2017-01-08,912.485,1.4682601e+10,2.0430479,2087.5,16090786
2017-01-09,903.50867,1.4539701e+10,2.0205301,1700,16092486
2017-01-10,906.49895,1.4589635e+10,2.0249211,2000,16094486
2017-01-11,788.31466,1.2689027e+10,1.7684578,1912.5,16096399
2017-01-12,807.10983,1.2993297e+10,1.8107742,2150,16098549
2017-01-13,826.74693,1.3310976e+10,1.8536673,1875,16100424
2017-01-14,820.04516,1.3204838e+10,1.8388961,2150,16102574
2017-01-15,824.54707,1.3279051e+10,1.8482354,2087.5,16104661
2017-01-16,830.83804,1.338212e+10,1.8615516,2112.5,16106774
2017-01-17,906.02683,1.4594958e+10,2.0228738,1975,16108749
2017-01-18,881.25982,1.4197645e+10,1.9664189,1875,16110624
2017-01-19,902.26387,1.4537996e+10,2.0100383,2175,16112799
2017-01-20,895.17452,1.4425882e+10,1.992633,2362.5,16115161
2017-01-21,924.46826,1.4900047e+10,2.0542187,2262.5,16117424
2017-01-22,922.46708,1.4869799e+10,2.0463513,2175,16119599
2017-01-23,919.11574,1.4817362e+10,2.0360957,1725,16121324
2017-01-24,887.74319,1.4313249e+10,1.9645173,1862.5,16123186
2017-01-25,895.69003,1.4443045e+10,1.9786845,1862.5,16125049
2017-01-26,916.66747,1.4783084e+10,2.0210023,1937.5,16126986
2017-01-27,920.45446,1.4846112e+10,2.0271025,2125,16129111
2017-01-28,922.77495,1.4885293e+10,2.0306789,1900,16131011
2017-01-29,915.63202,1.4771982e+10,2.0092814,2087.5,16133099
2017-01-30,920.31326,1.4849161e+10,2.0172671,1800,16134899
2017-01-31,968.49911,1.562839e+10,2.1173277,1812.5,16136711
2017-02-01,987.53259,1.5937898e+10,2.1532295,2400,16139111
2017-02-02,1007.7044,1.626543e+10,2.190512,1962.5,16141074
2017-02-03,1015.302,1.6389956e+10,2.1989533,1862.5,16142936
2017-02-04,1033.786,1.6690202e+10,2.2339241,1800,16144736
2017-02-05,1014.5679,1.6381947e+10,2.1891521,1987.5,16146724
2017-02-06,1023.3175,1.6524823e+10,2.2025371,1562.5,16148286
2017-02-07,1053.6245,1.7016218e+10,2.2591113,1887.5,16150174
2017-02-08,1052.3676,1.6997841e+10,2.2507561,1825,16151999
2017-02-09,982.75194,1.5875484e+10,2.1003233,2112.5,16154111
2017-02-10,996.65015,1.6101829e+10,2.1239509,1837.5,16155949
2017-02-11,1011.3753,1.6341485e+10,2.1534553,1737.5,16157686
2017-02-12,1006.2965,1.6261183e+10,2.1400216,1750,16159436
2017-02-13,999.95318,1.6160717e+10,2.1227094,2037.5,16161474
2017-02-14,1012.2135,1.6360999e+10,2.1450248,2112.5,16163586
2017-02-15,1013.9038,1.6390084e+10,2.1466464,1737.5,16165324
2017-02-16,1036.8069,1.6762275e+10,2.190576,1887.5,16167211
2017-02-17,1058.6699,1.7117738e+10,2.2282244,1887.5,16169099
2017-02-18,1060.6688,1.715206e+10,2.2285185,1887.5,16170986
2017-02-19,1058.7864,1.7123394e+10,2.2213506,1675,16172661
2017-02-20,1088.6884,1.7609003e+10,2.2787669,1850,16174511
2017-02-21,1128.8553,1.826063e+10,2.3533124,1725,16176236
2017-02-22,1129.7018,1.8276272e+10,2.3431243,1725,16177961
2017-02-23,1188.8618,1.9235589e+10,2.4515125,1875,16179836
2017-02-24,1185.4889,1.9183431e+10,2.427312,2037.5,16181874
2017-02-25,1151.6047,1.8637526e+10,2.355078,2087.5,16183961
2017-02-26,1181.7109,1.9127392e+10,2.4119987,2225,16186186
2017-02-27,1194.1525,1.9330923e+10,2.4298561,1800,16187986
2017-02-28,1188.3999,1.9240075e+10,2.4124537,1912.5,16189899
2017-03-01,1228.4597,1.9890848e+10,2.4811588,1800,16191699
2017-03-02,1262.9315,2.0451484e+10,2.5357103,1962.5,16193661
2017-03-03,1289.3632,2.0881944e+10,2.5713257,1887.5,16195549
2017-03-04,1268.9407,2.0553284e+10,2.524226,1650,16197199
2017-03-05,1276.2737,2.0674403e+10,2.5321383,1837.5,16199036
2017-03-06,1282.2547,2.0773565e+10,2.5327536,1775,16200811
2017-03-07,1234.4765,2.0001881e+10,2.4337683,1912.5,16202724
2017-03-08,1152.1394,1.8669841e+10,2.2700654,1775,16204499
2017-03-09,1193.4555,1.9341556e+10,2.3469188,1850,16206349
2017-03-10,1098.5301,1.7805305e+10,2.1626074,1950,16208299
2017-03-11,1176.8229,1.9076489e+10,2.3112188,1862.5,16210161
2017-03-12,1231.7484,1.9969226e+10,2.412527,1937.5,16212099
2017-03-13,1239.3963,2.0095461e+10,2.4107909,1812.5,16213911
2017-03-14,1246.5366,2.0213664e+10,2.4180956,1950,16215861
2017-03-15,1258.6514,2.041235e+10,2.4304818,1775,16217636
2017-03-16,1178.0208,1.9106965e+10,2.2707949,1912.5,16219549
2017-03-17,1072.0825,1.7390759e+10,2.0702076,1925,16221474
2017-03-18,962.56906,1.5616178e+10,1.8626039,1962.5,16223436
2017-03-19,1020.2203,1.6553582e+10,1.9713411,2062.5,16225499
2017-03-20,1037.7563,1.6839878e+10,2.0047771,1700,16227199
2017-03-21,1111.8183,1.8043669e+10,2.1395375,1775,16228974
2017-03-22,1037.3026,1.6836418e+10,1.9948587,1987.5,16230961
2017-03-23,1028.1729,1.6690136e+10,1.9780019,1850,16232811
2017-03-24,935.0635,1.5180766e+10,1.8009221,2200,16235011
2017-03-25,968.54333,1.5725922e+10,1.8629464,1662.5,16236674
2017-03-26,962.95805,1.5637234e+10,1.8505488,2075,16238749
2017-03-27,1042.9192,1.6937423e+10,1.9986945,1650,16240399
2017-03-28,1045.1629,1.6975888e+10,1.9993941,1937.5,16242336
2017-03-29,1039.6886,1.6888765e+10,1.987273,1725,16244061
2017-03-30,1037.9877,1.6863263e+10,1.9816367,2050,16246111
2017-03-31,1081.7435,1.7575951e+10,2.0572416,1687.5,16247799
2017-04-01,1089.5248,1.7704177e+10,2.0686235,1650,16249449
2017-04-02,1105.563,1.7966972e+10,2.0958197,1975,16251424
2017-04-03,1144.6648,1.860495e+10,2.162528,2200,16253624
2017-04-04,1141.9219,1.8562153e+10,2.1532545,1562.5,16255186
2017-04-05,1135.8116,1.846513e+10,2.1373578,2025,16257211
2017-04-06,1194.5965,1.9423002e+10,2.2395904,1837.5,16259049
2017-04-07,1191.7315,1.9378833e+10,2.2264736,2025,16261074
2017-04-08,1184.4177,1.9261932e+10,2.2100118,1712.5,16262786
2017-04-09,1213.6341,1.9739485e+10,2.2586269,1987.5,16264774
2017-04-10,1211.6499,1.9709437e+10,2.2497526,1837.5,16266611
2017-04-11,1229.7849,2.0007e+10,2.2771118,2087.5,16268699
2017-04-12,1216.1144,1.9786757e+10,2.2462562,1775,16270474
2017-04-13,1172.5583,1.9079941e+10,2.1650412,1587.5,16272061
2017-04-14,1174.3332,1.9110863e+10,2.1652283,1737.5,16273799
2017-04-15,1175.5622,1.9133066e+10,2.1659084,1875,16275674
2017-04-16,1173.6914,1.910476e+10,2.1612516,1825,16277499
2017-04-17,1191.9012,1.9403226e+10,2.1876607,1725,16279224
2017-04-18,1202.1315,1.9571961e+10,2.2016672,1825,16281049
2017-04-19,1209.5609,1.9695082e+10,2.2113444,1787.5,16282836
2017-04-20,1235.8031,2.0124511e+10,2.2527662,1725,16284561
2017-04-21,1247.3361,2.0314924e+10,2.2694048,2087.5,16286649
2017-04-22,1243.5504,2.0255522e+10,2.2601644,1812.5,16288461
2017-04-23,1250.0015,2.0362991e+10,2.2687487,1912.5,16290374
2017-04-24,1257.2394,2.0482849e+10,2.275706,1550,16291924
2017-04-25,1279.8647,2.0853826e+10,2.3093693,1850,16293774
2017-04-26,1296.4855,2.112712e+10,2.3321685,1912.5,16295686
2017-04-27,1345.89,2.1934673e+10,2.4099622,1837.5,16297524
2017-04-28,1347.9852,2.1971111e+10,2.4010799,1700,16299224
2017-04-29,1357.7153,2.2132641e+10,2.4122399,2162.5,16301386
2017-04-30,1381.9564,2.2530413e+10,2.4463762,1887.5,16303274
2017-05-01,1436.9415,2.3429544e+10,2.5256036,1875,16305149
2017-05-02,1463.8191,2.3870678e+10,2.5570842,1975,16307124
2017-05-03,1519.4089,2.4779696e+10,2.6373993,1650,16308774
2017-05-04,1539.8301,2.5115973e+10,2.6474839,2100,16310874
2017-05-05,1529.8504,2.4955664e+10,2.611012,1612.5,16312486
2017-05-06,1573.2855,2.5667502e+10,2.6710611,2100,16314586
2017-05-07,1526.2678,2.4903613e+10,2.585168,2087.5,16316674
2017-05-08,1685.0865,2.7498798e+10,2.8202683,2250,16318924
2017-05-09,1719.228,2.8059282e+10,2.8500152,1937.5,16320861
2017-05-10,1782.499,2.9095216e+10,2.9299205,1850,16322711
2017-05-11,1835.4875,2.996323e+10,2.9818,1687.5,16324399
2017-05-12,1704.6616,2.7830858e+10,2.7584768,1925,16326324
2017-05-13,1779.8403,2.9061763e+10,2.8650513,1975,16328299
2017-05-14,1794.5936,2.9306338e+10,2.8798432,2050,16330349
2017-05-15,1736.8828,2.8367593e+10,2.775699,2125,16332474
2017-05-16,1757.0269,2.8699495e+10,2.7951762,1650,16334124
2017-05-17,1808.7461,2.9547786e+10,2.8514133,1937.5,16336061
2017-05-18,1894.2473,3.0947901e+10,2.9669699,1775,16337836
2017-05-19,1967.5455,3.214947e+10,3.0521015,2050,16339886
2017-05-20,2048.1177,3.3470234e+10,3.1498856,2062.5,16341949
2017-05-21,2045.2225,3.3426679e+10,3.1227555,1837.5,16343786
2017-05-22,2078.9435,3.3981602e+10,3.1246106,1825,16345611
2017-05-23,2257.2884,3.6901498e+10,3.3273952,2100,16347711
2017-05-24,2415.0072,3.9484489e+10,3.495139,1925,16349636
2017-05-25,2319.6014,3.7929365e+10,3.2970617,2037.5,16351674
2017-05-26,2279.4186,3.7276668e+10,3.2070385,1912.5,16353586
2017-05-27,2044.3005,3.3435937e+10,2.875389,2100,16355686
2017-05-28,2225.7009,3.6407455e+10,3.1100624,2062.5,16357749
2017-05-29,2284.7158,3.7377119e+10,3.1715195,1887.5,16359636
2017-05-30,2167.2645,3.5460507e+10,2.9960505,2237.5,16361874
2017-05-31,2299.4326,3.762774e+10,3.14282,2050,16363924
2017-06-01,2399.8876,3.9276678e+10,3.2418523,2125,16366049
2017-06-02,2479.4239,4.0582897e+10,3.3218902,1825,16367874
2017-06-03,2549.552,4.1736863e+10,3.384995,2400,16370274
2017-06-04,2524.9938,4.1339921e+10,3.3301691,2012.5,16372286
2017-06-05,2685.3189,4.3970314e+10,3.4983734,2050,16374336
2017-06-06,2871.3417,4.7021733e+10,3.6873434,1887.5,16376224
2017-06-07,2706.76,4.433209e+10,3.4556371,2062.5,16378286
2017-06-08,2802.5635,4.5906968e+10,3.540008,2062.5,16380349
2017-06-09,2804.8723,4.595008e+10,3.5090811,1887.5,16382236
2017-06-10,2916.3279,4.7781112e+10,3.6037571,1762.5,16383999
2017-06-11,2974.2146,4.8734955e+10,3.6401944,1825,16385824
2017-06-12,2665.4333,4.3680217e+10,3.2280055,1837.5,16387661
2017-06-13,2707.1378,4.4368429e+10,3.2411458,1762.5,16389424
2017-06-14,2443.8245,4.0057151e+10,2.919798,1750,16391174
2017-06-15,2409.8868,3.9505481e+10,2.8737197,1912.5,16393086
2017-06-16,2476.3591,4.0599749e+10,2.934131,1850,16394936
2017-06-17,2652.7554,4.3496563e+10,3.1272984,1812.5,16396749
2017-06-18,2508.2142,4.1131104e+10,2.9367755,1812.5,16398561
2017-06-19,2589.6422,4.2471294e+10,3.0072362,1887.5,16400449
2017-06-20,2733.2266,4.4830856e+10,3.1455242,1725,16402174
2017-06-21,2639.2613,4.3294241e+10,3.0252097,1750,16403924
2017-06-22,2686.6475,4.4076229e+10,3.0574306,1737.5,16405661
2017-06-23,2685.8705,4.4068852e+10,3.0415863,2000,16407661
2017-06-24,2562.1891,4.2044207e+10,2.8991064,1825,16409486
2017-06-25,2497.7289,4.0990257e+10,2.8238958,1525,16411011
2017-06-26,2426.3651,3.9823411e+10,2.741771,1775,16412786
2017-06-27,2530.3455,4.1534163e+10,2.8470998,1637.5,16414424
2017-06-28,2562.7923,4.2071787e+10,2.8697335,1962.5,16416386
2017-06-29,2540.443,4.1708704e+10,2.8333862,1500,16417886
2017-06-30,2452.7121,4.0273069e+10,2.7235698,1925,16419811
2017-07-01,2412.3662,3.9615543e+10,2.6760444,2050,16421861
2017-07-02,2518.8722,4.1370489e+10,2.784557,2350,16424211
2017-07-03,2551.9274,4.1918818e+10,2.8067694,2125,16426336
2017-07-04,2599.7447,4.2709253e+10,2.8485186,1912.5,16428249
2017-07-05,2608.1049,4.2851453e+10,2.8421361,1862.5,16430111
2017-07-06,2603.1955,4.2775412e+10,2.8278414,1775,16431886
2017-07-07,2495.7809,4.1015005e+10,2.7009175,1850,16433736
2017-07-08,2553.4942,4.1968716e+10,2.7563821,2062.5,16435799
2017-07-09,2506.1732,4.1195281e+10,2.7031438,1725,16437524
2017-07-10,2319.3669,3.813036e+10,2.5066792,2462.5,16439986
2017-07-11,2319.1674,3.8132096e+10,2.5040635,2162.5,16442149
2017-07-12,2374.8863,3.9053487e+10,2.5607933,2212.5,16444361
2017-07-13,2343.7383,3.8545879e+10,2.5232447,1962.5,16446324
2017-07-14,2214.8252,3.6429581e+10,2.3854776,1737.5,16448061
2017-07-15,1989.6332,3.2728767e+10,2.1516288,1587.5,16449649
2017-07-16,1910.7495,3.1435052e+10,2.0725336,2037.5,16451686
2017-07-17,2215.7463,3.6456862e+10,2.38704,1850,16453536
2017-07-18,2303.7611,3.7909769e+10,2.4728693,2062.5,16455599
2017-07-19,2257.0652,3.7145563e+10,2.4180067,1862.5,16457461
2017-07-20,2823.8979,4.6479909e+10,2.9800832,2025,16459486
2017-07-21,2666.1397,4.3888422e+10,2.8032432,1925,16461411
2017-07-22,2829.7541,4.6587404e+10,2.956705,2000,16463411
2017-07-23,2753.2439,4.5333705e+10,2.868301,2150,16465561
2017-07-24,2755.1595,4.5371378e+10,2.8571688,2225,16467786
2017-07-25,2558.693,4.2140743e+10,2.6317573,1850,16469636
2017-07-26,2522.3246,4.1546404e+10,2.5875554,1837.5,16471474
2017-07-27,2665.1475,4.3904038e+10,2.7089521,1925,16473399
2017-07-28,2793.8335,4.6029171e+10,2.7759694,1875,16475274
2017-07-29,2706.4508,4.4594828e+10,2.6504533,1962.5,16477236
2017-07-30,2749.3845,4.530731e+10,2.6342912,1837.5,16479074
2017-07-31,2862.6113,4.7178371e+10,2.664403,1812.5,16480886
2017-08-01,2727.3892,4.495487e+10,2.5123442,1862.5,16482749
2017-08-02,2690.1457,4.4346106e+10,2.4566754,1900,16484649
2017-08-03,2789.7463,4.59928e+10,2.5163366,1725,16486374
2017-08-04,2860.2728,4.7161927e+10,2.5269033,2237.5,16488611
2017-08-05,3237.4234,5.3387778e+10,2.8058202,2212.5,16490824
2017-08-06,3230.1167,5.3272938e+10,2.7436024,1750,16492574
2017-08-07,3392.5624,5.5958574e+10,2.8173808,1912.5,16494486
2017-08-08,3425.6766,5.6511798e+10,2.7970115,2050,16496536
2017-08-09,3347.2154,5.5223234e+10,2.7030495,1725,16498261
2017-08-10,3437.0322,5.6710811e+10,2.7491184,1675,16499936
2017-08-11,3660.5205,6.0404944e+10,2.896087,1800,16501736
2017-08-12,3871.0824,6.3886113e+10,3.0204024,1687.5,16503424
2017-08-13,4063.8011,6.7074148e+10,3.1286537,1850,16505274
2017-08-14,4304.6039,7.1055661e+10,3.2554423,1625,16506899
2017-08-15,4160.0305,6.8677106e+10,3.1153611,1900,16508799
2017-08-16,4364.6786,7.2062692e+10,3.2293647,1625,16510424
2017-08-17,4308.5169,7.1145079e+10,3.143492,2237.5,16512661
2017-08-18,4108.5072,6.7850038e+10,2.9754117,1862.5,16514524
2017-08-19,4160.3325,6.8713761e+10,2.9774958,1887.5,16516411
2017-08-20,4085.8104,6.7489564e+10,2.8893229,1625,16518036
2017-08-21,3992.626,6.595608e+10,2.8086644,1437.5,16519474
2017-08-22,4074.3305,6.7310327e+10,2.8420303,1112.5,16520586
2017-08-23,4146.9153,6.8517714e+10,2.8648451,1987.5,16522574
2017-08-24,4325.8164,7.1479082e+10,2.9678083,1262.5,16523836
2017-08-25,4353.1318,7.1935932e+10,2.9675175,1262.5,16525099
2017-08-26,4341.9787,7.1757325e+10,2.9434858,1312.5,16526411
2017-08-27,4344.9034,7.1814079e+10,2.9311624,1937.5,16528349
2017-08-28,4379.7639,7.2397327e+10,2.933653,1612.5,16529961
2017-08-29,4600.4568,7.6053941e+10,3.0387536,1862.5,16531824
2017-08-30,4586.6327,7.5835035e+10,3.006695,2100,16533924
2017-08-31,4740.3562,7.8386346e+10,3.0667718,2037.5,16535961
2017-09-01,4918.1662,8.1337303e+10,3.1424977,2175,16538136
2017-09-02,4595.02,7.6002486e+10,2.9199092,2050,16540186
2017-09-03,4625.2963,7.6512165e+10,2.9247349,1925,16542111
2017-09-04,4374.7535,7.2377228e+10,2.7516225,2187.5,16544299
2017-09-05,4454.0525,7.3700143e+10,2.7874256,2462.5,16546761
2017-09-06,4607.5165,7.6248805e+10,2.8620418,2025,16548786
2017-09-07,4635.1119,7.6715672e+10,2.8458375,2200,16550986
2017-09-08,4345.4577,7.1931115e+10,2.6661947,2187.5,16553174
2017-09-09,4335.5934,7.177699e+10,2.6554004,2112.5,16555286
2017-09-10,4261.8435,7.056339e+10,2.5987934,1725,16557011
2017-09-11,4212.5476,6.9756359e+10,2.564543,2175,16559186
2017-09-12,4164.3194,6.8967527e+10,2.5310236,2350,16561536
2017-09-13,3887.1186,6.4385887e+10,2.3679716,2375,16563911
2017-09-14,3247.4687,5.3797847e+10,1.9952106,2175,16566086
2017-09-15,3699.2229,6.1289969e+10,2.2632094,2250,16568336
2017-09-16,3711.2344,6.1496818e+10,2.2658876,2112.5,16570449
2017-09-17,3711.8562,6.1515288e+10,2.2647856,2200,16572649
2017-09-18,4080.4284,6.7629984e+10,2.4791506,1587.5,16574236
2017-09-19,3925.7362,6.5073734e+10,2.3810971,1950,16576186
2017-09-20,3895.7771,6.4582823e+10,2.3596557,1462.5,16577649
2017-09-21,3617.2435,5.9973349e+10,2.1930939,2200,16579849
2017-09-22,3619.2137,6.0012304e+10,2.1916898,1737.5,16581586
2017-09-23,3775.6006,6.2613281e+10,2.2825336,2075,16583661
2017-09-24,3676.8969,6.0983077e+10,2.2224294,1812.5,16585474
2017-09-25,3918.7381,6.500025e+10,2.3428728,1562.5,16587036
2017-09-26,3890.0909,6.4531789e+10,2.3205247,1725,16588761
2017-09-27,4207.7875,6.9809713e+10,2.4968666,1837.5,16590599
2017-09-28,4187.7698,6.9486873e+10,2.4750159,2212.5,16592811
2017-09-29,4155.0101,6.8952075e+10,2.4495456,2112.5,16594924
2017-09-30,4334.5446,7.1938914e+10,2.5420412,1725,16596649
2017-10-01,4382.0869,7.2735077e+10,2.5619486,1625,16598274
2017-10-02,4386.8757,7.2822789e+10,2.5513656,1875,16600149
2017-10-03,4306.5646,7.1499464e+10,2.497429,2287.5,16602436
2017-10-04,4216.6848,7.0014303e+10,2.4405583,1675,16604111
2017-10-05,4319.4209,7.1726894e+10,2.4828674,1562.5,16605674
2017-10-06,4365.9157,7.2507648e+10,2.5011255,1987.5,16607661
2017-10-07,4438.8559,7.3727782e+10,2.535902,1975,16609636
2017-10-08,4600.7398,7.642708e+10,2.6152345,2275,16611911
2017-10-09,4777.5347,7.9373596e+10,2.6898206,2012.5,16613924
2017-10-10,4741.0779,7.8777388e+10,2.6517092,2000,16615924
2017-10-11,4814.9671,8.0013492e+10,2.6823562,1737.5,16617661
2017-10-12,5393.669,8.9640479e+10,2.9735157,1912.5,16619574
2017-10-13,5614.0775,9.3313118e+10,3.0503968,1700,16621274
2017-10-14,5785.7383,9.6176537e+10,3.1215996,1762.5,16623036
2017-10-15,5689.8651,9.4596701e+10,3.0507271,2437.5,16625474
2017-10-16,5756.1488,9.571122e+10,3.0581323,2175,16627649
2017-10-17,5590.4163,9.2966938e+10,2.9502664,2050,16629699
2017-10-18,5583.8704,9.2868622e+10,2.9316486,1887.5,16631586
2017-10-19,5708.313,9.4951e+10,2.9689193,2225,16633811
2017-10-20,6000.8831,9.9830983e+10,3.0980569,2237.5,16636049
2017-10-21,6030.2079,1.0033036e+11,3.0957962,1912.5,16637961
2017-10-22,5996.5981,9.9784809e+10,3.0483412,2275,16640236
2017-10-23,5888.25,9.7994457e+10,2.9395136,2137.5,16642374
2017-10-24,5517.7754,9.1840397e+10,2.7399919,2087.5,16644461
2017-10-25,5736.0178,9.548619e+10,2.8316723,2312.5,16646774
2017-10-26,5900.3177,9.8234529e+10,2.8970126,2250,16649024
2017-10-27,5771.945,9.6104753e+10,2.8225882,1300,16650324
2017-10-28,5762.3886,9.5951757e+10,2.8107211,1062.5,16651386
2017-10-29,6174.7288,1.0282968e+11,2.9928462,1925,16653311
2017-10-30,6119.2564,1.0191712e+11,2.9463991,1837.5,16655149
2017-10-31,6428.5146,1.0707896e+11,3.0705156,1725,16656874
2017-11-01,6726.4118,1.1205411e+11,3.1719434,1950,16658824
2017-11-02,7043.7779,1.1735426e+11,3.2678342,1875,16660699
2017-11-03,7198.6321,1.1994495e+11,3.2996631,1487.5,16662186
2017-11-04,7420.4981,1.2365378e+11,3.3745871,1625,16663811
2017-11-05,7371.139,1.2284426e+11,3.3195586,1762.5,16665574
2017-11-06,6985.2638,1.1642504e+11,3.1284242,1662.5,16667236
2017-11-07,7118.2025,1.1865464e+11,3.1606444,1950,16669186
2017-11-08,7451.2128,1.2421906e+11,3.2777098,1800,16670986
2017-11-09,7117.738,1.1867332e+11,3.1022079,1912.5,16672899
2017-11-10,6620.5673,1.1039398e+11,2.8688945,1500,16674399
2017-11-11,6346.7214,1.0583411e+11,2.7353594,1000,16675399
2017-11-12,5829.0978,9.7208359e+10,2.4696982,1000,16676399
2017-11-13,6519.4452,1.0873228e+11,2.7266431,1750,16678149
2017-11-14,6592.3744,1.0995915e+11,2.7407123,1600,16679749
2017-11-15,7257.3732,1.2106495e+11,2.9761481,1900,16681649
2017-11-16,7833.7044,1.3069399e+11,3.1556223,1900,16683549
2017-11-17,7729.0333,1.2896384e+11,3.0655177,2087.5,16685636
2017-11-18,7796.1542,1.3009705e+11,3.0674822,1700,16687336
2017-11-19,8018.3207,1.3382045e+11,3.1266474,2000,16689336
2017-11-20,8269.8743,1.380368e+11,3.1840184,2187.5,16691524
2017-11-21,8091.9981,1.3508528e+11,3.0769315,2162.5,16693686
2017-11-22,8249.5973,1.3773145e+11,3.1136828,1850,16695536
2017-11-23,8071.6698,1.347767e+11,3.0255203,1962.5,16697499
2017-11-24,8232.4223,1.3747619e+11,3.0493236,1862.5,16699361
2017-11-25,8760.1654,1.4630625e+11,3.1979653,1950,16701311
2017-11-26,9319.9033,1.5567243e+11,3.3485726,1912.5,16703224
2017-11-27,9730.7286,1.6255521e+11,3.4318978,2125,16705349
2017-11-28,9932.1942,1.6594013e+11,3.4240567,1950,16707299
2017-11-29,9800.0276,1.6375318e+11,3.316186,2162.5,16709461
2017-11-30,9996.715,1.6706059e+11,3.3395821,2087.5,16711549
2017-12-01,10808.958,1.8065916e+11,3.5528731,2287.5,16713836
2017-12-02,10934.86,1.8278546e+11,3.5452651,2012.5,16715849
2017-12-03,11213.943,1.8747524e+11,3.5999686,2200,16718049
2017-12-04,11562.129,1.9332239e+11,3.6537122,2262.5,16720311
2017-12-05,11736.754,1.9626829e+11,3.6531027,2225,16722536
2017-12-06,13992.132,2.3401682e+11,4.2109682,2350,16724886
2017-12-07,17032.293,2.8489553e+11,4.7166582,1900,16726786
2017-12-08,16298.487,2.7265309e+11,4.3468644,1950,16728736
2017-12-09,15050.022,2.5180058e+11,3.9646049,2175,16730911
2017-12-10,15475,2.5894257e+11,4.0084098,2050,16732961
2017-12-11,16873.498,2.8237965e+11,4.256073,2137.5,16735099
2017-12-12,17433.931,2.9179255e+11,4.2392739,1950,16737049
2017-12-13,16515.153,2.7645331e+11,3.9357596,2325,16739374
2017-12-14,16602.893,2.7796042e+11,3.8994793,2312.5,16741686
2017-12-15,17702.002,2.9639876e+11,4.0786894,2112.5,16743799
2017-12-16,19640.514,3.2889879e+11,4.4307663,2137.5,16745936
2017-12-17,19250.468,3.2241162e+11,4.2519345,2312.5,16748249
2017-12-18,18982.025,3.1795886e+11,4.1299577,2275,16750524
2017-12-19,17653.326,2.9573335e+11,3.8055081,1750,16752274
2017-12-20,16453.627,2.7566364e+11,3.4922617,1700,16753974
2017-12-21,15633.834,2.6195463e+11,3.3015435,1650,16755624
2017-12-22,14305.718,2.3972895e+11,3.0101627,1937.5,16757561
2017-12-23,14910.858,2.4989552e+11,3.1196001,1737.5,16759299
2017-12-24,14026.347,2.3509839e+11,2.9251172,1900,16761199
2017-12-25,14080.942,2.3603723e+11,2.929503,1687.5,16762886
2017-12-26,15727.145,2.6366026e+11,3.2378831,1775,16764661
2017-12-27,15389.001,2.5802139e+11,3.131188,1950,16766611
2017-12-28,14289.452,2.396123e+11,2.9001574,1862.5,16768474
2017-12-29,14571.746,2.4437599e+11,2.9408017,2062.5,16770536
2017-12-30,12948.716,2.1718054e+11,2.6024291,1837.5,16772361
2017-12-31,13921.481,2.3352447e+11,2.7872672,2037.5,16774399
2018-01-01,13464.654,2.2588772e+11,2.6942355,1950,16776349
2018-01-02,14754.322,2.4755519e+11,2.9254431,2137.5,16778486
2018-01-03,15010.286,2.5187934e+11,2.9602669,1962.5,16780449
2018-01-04,15070.301,2.5291806e+11,2.944022,2100,16782549
2018-01-05,16997.227,2.8528718e+11,3.2619643,1787.5,16784336
2018-01-06,17103.589,2.8710831e+11,3.2469295,2100,16786436
2018-01-07,16231.695,2.7250518e+11,3.0427812,2025,16788461
2018-01-08,14937.415,2.5080721e+11,2.8015255,2075,16790536
2018-01-09,14378.586,2.4145365e+11,2.6901708,2050,16792586
2018-01-10,14669.088,2.4636237e+11,2.7333447,2075,16794661
2018-01-11,13186.755,2.2149889e+11,2.4540071,2412.5,16797074
2018-01-12,13789.444,2.3165298e+11,2.5576201,2225,16799299
2018-01-13,14231.225,2.391011e+11,2.6312778,1862.5,16801161
2018-01-14,13681.065,2.2988429e+11,2.5260646,1937.5,16803099
2018-01-15,13591.696,2.284081e+11,2.5080493,1875,16804974
2018-01-16,11431.04,1.9212105e+11,2.1207973,1987.5,16806961
2018-01-17,11159.609,1.875824e+11,2.0737639,2087.5,16809049
2018-01-18,11246.04,1.8905955e+11,2.0935229,2162.5,16811211
2018-01-19,11440.256,1.9234815e+11,2.129939,2062.5,16813274
2018-01-20,12768.405,2.1470709e+11,2.3708085,2225,16815499
2018-01-21,11422.394,1.9209995e+11,2.1261733,2337.5,16817836
2018-01-22,10737.351,1.8060142e+11,2.0026879,2087.5,16819924
2018-01-23,10849.392,1.8250995e+11,2.0276618,2212.5,16822136
2018-01-24,11225.896,1.8886825e+11,2.0975355,2200,16824336
2018-01-25,11130.465,1.8728467e+11,2.0800056,1975,16826311
2018-01-26,11035.555,1.8570906e+11,2.0579156,1937.5,16828249
2018-01-27,11320.97,1.9053432e+11,2.1088344,1962.5,16830211
2018-01-28,11615.959,1.9552198e+11,2.1541004,1975,16832186
2018-01-29,11132.554,1.8740582e+11,2.0655266,1850,16834036
2018-01-30,9959.5467,1.6768016e+11,1.8591676,2087.5,16836124
2018-01-31,10050.096,1.6921935e+11,1.8779438,1462.5,16837586
2018-02-01,9039.8651,1.5222759e+11,1.69692,2000,16839586
2018-02-02,8786.0774,1.4797236e+11,1.6615193,2100,16841686
2018-02-03,9132.1003,1.53818e+11,1.7287824,1975,16843661
2018-02-04,8250.5269,1.3898744e+11,1.5618475,2225,16845886
2018-02-05,6849.5426,1.1540245e+11,1.3083189,2312.5,16848199
2018-02-06,7738.644,1.3039865e+11,1.4810115,2125,16850324
2018-02-07,7624.5954,1.2849034e+11,1.4648464,1762.5,16852086
2018-02-08,8218.5809,1.3851369e+11,1.5808505,1637.5,16853724
2018-02-09,8660.4535,1.459755e+11,1.6660923,1687.5,16855411
2018-02-10,8530.2928,1.4379684e+11,1.641395,1787.5,16857199
2018-02-11,8096.7285,1.3650344e+11,1.5597153,1887.5,16859086
2018-02-12,8907.6702,1.5019366e+11,1.7136461,2075,16861161
2018-02-13,8523.9669,1.4374145e+11,1.642419,2050,16863211
2018-02-14,9467.301,1.5967028e+11,1.8195797,2237.5,16865449
2018-02-15,10106.733,1.7047114e+11,1.9348219,1637.5,16867086
2018-02-16,10189.316,1.7188407e+11,1.9474862,1962.5,16869049
2018-02-17,11085.598,1.8702415e+11,2.1136073,1862.5,16870911
2018-02-18,10452.092,1.7635748e+11,1.9910849,2025,16872936
2018-02-19,11139.356,1.8797619e+11,2.1148537,2025,16874961
2018-02-20,11245.932,1.8979449e+11,2.1278064,1762.5,16876724
2018-02-21,10458.865,1.7653347e+11,1.9782701,2112.5,16878836
2018-02-22,9878.1589,1.6675022e+11,1.8460726,1862.5,16880699
2018-02-23,10159.066,1.7151092e+11,1.8957706,1850,16882549
2018-02-24,9686.6018,1.6355208e+11,1.8093287,1812.5,16884361
2018-02-25,9603.2275,1.6216489e+11,1.7940982,2137.5,16886499
2018-02-26,10312.366,1.7415792e+11,1.9240913,1762.5,16888261
2018-02-27,10654.107,1.7995065e+11,1.9845999,2000,16890261
2018-02-28,10307.025,1.7410831e+11,1.9177499,1937.5,16892199
2018-03-01,10923.631,1.8454667e+11,2.0275908,2062.5,16894261
2018-03-02,11014.058,1.8609586e+11,2.0411051,1950,16896211
2018-03-03,11425.681,1.9307642e+11,2.114645,2250,16898461
2018-03-04,11462.583,1.9372122e+11,2.1171572,1850,16900311
2018-03-05,11540.662,1.9506228e+11,2.124487,1862.5,16902174
2018-03-06,10677.035,1.8048592e+11,1.9672706,1950,16904124
2018-03-07,9903.085,1.6742241e+11,1.8272077,1962.5,16906086
2018-03-08,9330.4755,1.5776072e+11,1.7248092,2025,16908111
2018-03-09,9278.1392,1.5689274e+11,1.7247176,1825,16909936
2018-03-10,8786.5604,1.4859555e+11,1.6363096,1750,16911686
2018-03-11,9513.5354,1.6090812e+11,1.7695822,1912.5,16913599
2018-03-12,9147.8902,1.5474215e+11,1.7033135,2012.5,16915611
2018-03-13,9160.5429,1.5497427e+11,1.7070243,1975,16917586
2018-03-14,8222.1272,1.3911335e+11,1.5369159,1800,16919386
2018-03-15,8268.5891,1.3991434e+11,1.5474923,1800,16921186
2018-03-16,8376.9045,1.4176349e+11,1.5695843,1950,16923136
2018-03-17,7881.6619,1.3339712e+11,1.4789621,1862.5,16924999
2018-03-18,8189.0167,1.3861455e+11,1.5372127,1887.5,16926886
2018-03-19,8537.0156,1.4452163e+11,1.6026244,1937.5,16928824
2018-03-20,8895.5472,1.5060527e+11,1.6698476,1587.5,16930411
2018-03-21,8879.5943,1.5035205e+11,1.6668541,1900,16932311
2018-03-22,8710.6649,1.4750726e+11,1.6366036,1787.5,16934099
2018-03-23,8771.7463,1.485562e+11,1.6483041,1662.5,16935761
2018-03-24,8610.9885,1.4585044e+11,1.6178716,1950,16937711
2018-03-25,8440.6109,1.4297887e+11,1.5878527,1687.5,16939399
2018-03-26,8171.1844,1.3843027e+11,1.5405623,1875,16941274
2018-03-27,7837.2653,1.3278815e+11,1.479724,1900,16943174
2018-03-28,7933.6427,1.3443447e+11,1.4999529,1687.5,16944861
2018-03-29,7108.5708,1.2046725e+11,1.3490207,1900,16946761
2018-03-30,6832.1491,1.1579663e+11,1.3007666,2025,16948786
2018-03-31,6922.2813,1.1733534e+11,1.3187534,1600,16950386
2018-04-01,6804.5249,1.153531e+11,1.2980444,2025,16952411
2018-04-02,7033.2596,1.1924442e+11,1.3426992,1950,16954361
2018-04-03,7420.8005,1.2583005e+11,1.4175289,2037.5,16956399
2018-04-04,6780.5436,1.1498606e+11,1.2979599,1837.5,16958236
2018-04-05,6798.4226,1.1530251e+11,1.3031294,1950,16960186
2018-04-06,6610.4923,1.1212658e+11,1.2696324,1725,16961911
2018-04-07,6886.4695,1.1682318e+11,1.3234917,2250,16964161
2018-04-08,7009.9961,1.1893281e+11,1.3475837,2012.5,16966174
2018-04-09,6736.8928,1.1431167e+11,1.2973376,1837.5,16968011
2018-04-10,6816.7186,1.1568013e+11,1.3143587,2050,16970061
2018-04-11,6944.7859,1.1786742e+11,1.3391948,2012.5,16972074
2018-04-12,7904.3303,1.3416809e+11,1.5221585,1925,16973999
2018-04-13,7919.0647,1.3443453e+11,1.5236962,2062.5,16976061
2018-04-14,8006.4179,1.3593115e+11,1.5403777,1712.5,16977774
2018-04-15,8342.2711,1.4165019e+11,1.6040634,2037.5,16979811
2018-04-16,8046.9821,1.3665042e+11,1.5477717,1762.5,16981574
2018-04-17,7887.738,1.3396218e+11,1.5179171,2025,16983599
2018-04-18,8162.8349,1.3865064e+11,1.5700231,2000,16985599
2018-04-19,8272.9673,1.4053971e+11,1.5861272,2225,16987824
2018-04-20,8839.5011,1.5017902e+11,1.6913111,1712.5,16989536
2018-04-21,8863.5408,1.5060506e+11,1.6937845,1987.5,16991524
2018-04-22,8800.9591,1.4955931e+11,1.6809259,2000,16993524
2018-04-23,8930.7846,1.5178258e+11,1.7033949,1912.5,16995436
2018-04-24,9652.2138,1.6406277e+11,1.8353108,1987.5,16997424
2018-04-25,8855.5089,1.5053445e+11,1.6845557,1537.5,16998961
2018-04-26,9264.7274,1.5750707e+11,1.757081,1762.5,17000724
2018-04-27,8981.3308,1.5270506e+11,1.7040285,1775,17002499
2018-04-28,9341.8247,1.5884931e+11,1.7709158,1600,17004099
2018-04-29,9396.9976,1.5980603e+11,1.7805475,1975,17006074
2018-04-30,9228.7265,1.5696228e+11,1.7474004,1937.5,17008011
2018-05-01,9072.1688,1.5431746e+11,1.7172465,1975,17009986
2018-05-02,9204.1276,1.5657819e+11,1.7386519,1750,17011736
2018-05-03,9750.7001,1.6589474e+11,1.8390482,1887.5,17013624
2018-05-04,9696.6429,1.6499176e+11,1.8266248,1725,17015349
2018-05-05,9795.9258,1.6670081e+11,1.8439379,2012.5,17017361
2018-05-06,9595.0868,1.6329949e+11,1.805778,1712.5,17019074
2018-05-07,9339.5108,1.5896733e+11,1.7576244,1875,17020949
2018-05-08,9212.3696,1.5681928e+11,1.7338715,1737.5,17022686
2018-05-09,9293.0423,1.5821113e+11,1.7472326,2000,17024686
2018-05-10,9037.5305,1.5387852e+11,1.6988707,1925,17026611
2018-05-11,8419.7586,1.4337332e+11,1.5849387,1587.5,17028199
2018-05-12,8485.7753,1.4451497e+11,1.5974431,2062.5,17030261
2018-05-13,8695.8331,1.481084e+11,1.6368089,1850,17032111
2018-05-14,8671.0742,1.4770101e+11,1.6236124,1650,17033761
2018-05-15,8488.4634,1.4460595e+11,1.5895816,1825,17035586
2018-05-16,8327.7562,1.4188684e+11,1.5613208,2237.5,17037824
2018-05-17,8050.5162,1.3717656e+11,1.5042687,1650,17039474
2018-05-18,8233.0865,1.4030269e+11,1.5392871,1850,17041324
2018-05-19,8229.4829,1.4025712e+11,1.5382179,1925,17043249
2018-05-20,8511.4488,1.4507806e+11,1.5903629,1800,17045049
2018-05-21,8398.6231,1.4317142e+11,1.5688339,1962.5,17047011
2018-05-22,8007.5265,1.3651951e+11,1.497171,1887.5,17048899
2018-05-23,7520.8677,1.2823774e+11,1.4081017,2025,17050924
2018-05-24,7575.6245,1.2918494e+11,1.4182653,1787.5,17052711
2018-05-25,7425.3757,1.2663912e+11,1.3915049,2200,17054911
2018-05-26,7326.3032,1.2496429e+11,1.3736048,2025,17056936
2018-05-27,7338.193,1.2518213e+11,1.3764482,2050,17058986
2018-05-28,7110.8239,1.2131731e+11,1.3359735,1950,17060936
2018-05-29,7453.6337,1.2717892e+11,1.4008863,1737.5,17062674
2018-05-30,7374.669,1.2584761e+11,1.3866465,2175,17064849
2018-05-31,7478.7419,1.2763949e+11,1.4068917,2125,17066974
2018-06-01,7519.8357,1.2835644e+11,1.4152412,2075,17069049
2018-06-02,7637.4483,1.3037849e+11,1.437303,1900,17070949
2018-06-03,7702.1579,1.3149884e+11,1.4491962,2037.5,17072986
2018-06-04,7486.6532,1.2783665e+11,1.4095283,2287.5,17075274
2018-06-05,7611.1499,1.2997912e+11,1.4337199,2187.5,17077461
2018-06-06,7650.7758,1.3066988e+11,1.4413306,1837.5,17079299
2018-06-07,7665.9479,1.3094272e+11,1.4445025,1787.5,17081086
2018-06-08,7622.6023,1.3021609e+11,1.4371216,1812.5,17082892
2018-06-09,7556.1717,1.2909477e+11,1.4251818,1787.5,17084680
2018-06-10,6744.7358,1.1524236e+11,1.2755195,1587.5,17086267
2018-06-11,6849.4527,1.1704357e+11,1.2975093,1750,17088017
2018-06-12,6526.6997,1.1154019e+11,1.2385804,1812.5,17089830
2018-06-13,6306.5132,1.0778851e+11,1.2009291,1787.5,17091617
2018-06-14,6629.7701,1.1332617e+11,1.2632478,1912.5,17093530
2018-06-15,6399.674,1.0940526e+11,1.2209707,1912.5,17095442
2018-06-16,6495.3153,1.1105377e+11,1.2395579,2075,17097517
2018-06-17,6450.694,1.1030351e+11,1.2317273,1962.5,17099480
2018-06-18,6703.8126,1.1464545e+11,1.2805678,2050,17101530
2018-06-19,6732.5088,1.1514924e+11,1.2866456,1937.5,17103467
2018-06-20,6753.2068,1.1551634e+11,1.2912308,1937.5,17105405
2018-06-21,6720.3732,1.1496899e+11,1.2846655,2125,17107530
2018-06-22,6059.5759,1.0367581e+11,1.1611356,1887.5,17109417
2018-06-23,6174.2258,1.0564975e+11,1.1838464,2000,17111417
2018-06-24,6146.4872,1.0518825e+11,1.179637,2137.5,17113555
2018-06-25,6243.5354,1.0686134e+11,1.1990722,1962.5,17115517
2018-06-26,6096.1288,1.0434952e+11,1.1718319,1825,17117342
2018-06-27,6139.1897,1.050959e+11,1.1900051,1512.5,17118855
2018-06-28,5858.6358,1.0030463e+11,1.1377636,1962.5,17120817
2018-06-29,6220.9137,1.0651887e+11,1.2083414,1887.5,17122705
2018-06-30,6375.5412,1.0917775e+11,1.238515,1762.5,17124467
2018-07-01,6361.4025,1.0894732e+11,1.2386063,1837.5,17126305
2018-07-02,6608.3672,1.1318856e+11,1.286334,1762.5,17128067
2018-07-03,6498.3079,1.1131288e+11,1.2657942,1450,17129517
2018-07-04,6579.3334,1.1271183e+11,1.281377,1675,17131192
2018-07-05,6535.2984,1.1196865e+11,1.2732453,1712.5,17132905
2018-07-06,6598.4591,1.1306397e+11,1.2866128,2000,17134905
2018-07-07,6737.8561,1.1546566e+11,1.3137816,1950,17136855
2018-07-08,6704.92,1.1491448e+11,1.308656,1975,17138830
2018-07-09,6664.0241,1.142249e+11,1.300988,1700,17140530
2018-07-10,6309.084,1.0815279e+11,1.2330456,1862.5,17142392
2018-07-11,6377.9765,1.0934454e+11,1.2474656,1687.5,17144080
2018-07-12,6159.4667,1.0560924e+11,1.2062182,1762.5,17145842
2018-07-13,6208.9856,1.0646939e+11,1.2172252,1787.5,17147630
2018-07-14,6255.1125,1.0727075e+11,1.2266709,1662.5,17149292
2018-07-15,6347.6043,1.0886747e+11,1.2448083,1662.5,17150955
2018-07-16,6710.8074,1.1510682e+11,1.3156808,1500,17152455
2018-07-17,7320.5948,1.2558072e+11,1.4330937,1987.5,17154442
2018-07-18,7376.0383,1.2654787e+11,1.4433993,2175,17156617
2018-07-19,7467.0343,1.2812501e+11,1.4601863,2137.5,17158755
2018-07-20,7327.2567,1.2574071e+11,1.432654,1925,17160680
2018-07-21,7410.5656,1.2718303e+11,1.4483378,1712.5,17162392
2018-07-22,7399.4837,1.2700968e+11,1.4458341,2275,17164667
2018-07-23,7716.1586,1.3246131e+11,1.506196,2075,17166742
2018-07-24,8397.6165,1.4417641e+11,1.635814,1987.5,17168730
2018-07-25,8202.7204,1.4084844e+11,1.5963525,2212.5,17170942
2018-07-26,7913.9308,1.3590597e+11,1.5404035,2062.5,17173005
2018-07-27,8173.7746,1.4038533e+11,1.5895374,2087.5,17175092
2018-07-28,8190.3601,1.4068504e+11,1.5919577,1812.5,17176905
2018-07-29,8229.6058,1.4137664e+11,1.5980941,2125,17179030
2018-07-30,8171.8395,1.4039796e+11,1.5863148,1675,17180705
2018-07-31,7725.133,1.3273743e+11,1.5000246,1837.5,17182542
2018-08-01,7596.698,1.3054483e+11,1.4754884,1875,17184417
2018-08-02,7542.6947,1.2963124e+11,1.4655032,1912.5,17186330
2018-08-03,7411.3443,1.2738919e+11,1.4409838,2075,17188405
2018-08-04,7002.2087,1.203722e+11,1.3629042,2200,17190605
2018-08-05,7031.5878,1.2089131e+11,1.3689403,2000,17192605
2018-08-06,6929.9909,1.1915594e+11,1.35041,1637.5,17194242
2018-08-07,6722.5784,1.1560233e+11,1.3112673,1887.5,17196130
2018-08-08,6267.3887,1.0778713e+11,1.2245747,1962.5,17198092
2018-08-09,6558.0969,1.1279897e+11,1.282631,1862.5,17199955
2018-08-10,6135.7519,1.0554815e+11,1.2014824,2200,17202155
2018-08-11,6313.7493,1.0862351e+11,1.2370927,2125,17204280
2018-08-12,6314.6917,1.0865196e+11,1.237715,1937.5,17206217
2018-08-13,6265.848,1.0782329e+11,1.2285949,1875,17208092
2018-08-14,6184.8291,1.0643962e+11,1.2146264,1700,17209792
2018-08-15,6270.2148,1.0792171e+11,1.2327256,2012.5,17211805
2018-08-16,6290.7505,1.0828759e+11,1.2370189,1975,17213780
2018-08-17,6563.0783,1.1298785e+11,1.2899786,1900,17215680
2018-08-18,6399.2874,1.1018088e+11,1.2582009,2000,17217680
2018-08-19,6490.7161,1.1176684e+11,1.2757499,1812.5,17219492
2018-08-20,6272.9527,1.0802882e+11,1.2335439,1875,17221367
2018-08-21,6473.076,1.114872e+11,1.2727229,1850,17223217
2018-08-22,6365.0098,1.0963868e+11,1.2516287,2000,17225217
2018-08-23,6516.409,1.122587e+11,1.2810873,1862.5,17227080
2018-08-24,6697.7319,1.1539459e+11,1.316328,1825,17228905
2018-08-25,6745.4389,1.1622791e+11,1.3247894,1687.5,17230592
2018-08-26,6689.8693,1.1528488e+11,1.3133389,2162.5,17232755
2018-08-27,6839.159,1.1787337e+11,1.3416336,2312.5,17235067
2018-08-28,7092.9738,1.2226145e+11,1.3899322,1912.5,17236980
2018-08-29,7033.4281,1.2124728e+11,1.3767061,1737.5,17238717
2018-08-30,6966.9637,1.2011493e+11,1.3635913,1925,17240642
2018-08-31,7025.1408,1.2113155e+11,1.3749382,1937.5,17242580
2018-09-01,7192.3525,1.2402829e+11,1.4071125,1887.5,17244467
2018-09-02,7286.6678,1.2566782e+11,1.4250779,1800,17246267
2018-09-03,7257.4702,1.2517733e+11,1.419243,1800,17248067
2018-09-04,7358.8115,1.2693687e+11,1.4384294,1575,17249642
2018-09-05,6790.8973,1.1715175e+11,1.3290787,1650,17251292
2018-09-06,6488.0759,1.1193986e+11,1.2713931,1875,17253167
2018-09-07,6408.6536,1.1058175e+11,1.2568321,1900,17255067
2018-09-08,6187.7905,1.0678234e+11,1.214284,1875,17256942
2018-09-09,6249.2463,1.0785562e+11,1.226898,2037.5,17258980
2018-09-10,6295.3886,1.0866261e+11,1.23658,1687.5,17260667
2018-09-11,6278.4246,1.0838086e+11,1.2344885,1762.5,17262430
2018-09-12,6327.5364,1.0924194e+11,1.2448511,2100,17264530
2018-09-13,6490.9123,1.1207456e+11,1.2785617,1850,17266380
2018-09-14,6494.6955,1.121506e+11,1.27942,1650,17268030
2018-09-15,6524.1657,1.126709e+11,1.2853271,1750,17269780
2018-09-16,6497.4047,1.1222004e+11,1.2801656,1737.5,17271517
2018-09-17,6258.5949,1.0810599e+11,1.2338157,1687.5,17273205
2018-09-18,6340.3478,1.0952938e+11,1.2502405,1775,17274980
2018-09-19,6383.9519,1.1029509e+11,1.2591058,1950,17276930
2018-09-20,6498.6071,1.1228849e+11,1.2820654,1925,17278855
2018-09-21,6741.1429,1.1649136e+11,1.3314931,1800,17280655
2018-09-22,6705.4761,1.1588801e+11,1.3246242,1937.5,17282592
2018-09-23,6703.1368,1.1586015e+11,1.3241154,1875,17284467
2018-09-24,6576.545,1.1368424e+11,1.299446,1850,17286317
2018-09-25,6416.444,1.1093024e+11,1.2694731,2112.5,17288430
2018-09-26,6463.2504,1.1175068e+11,1.2789247,1737.5,17290167
2018-09-27,6677.9005,1.1547395e+11,1.3210537,1787.5,17291955
2018-09-28,6623.1262,1.1453955e+11,1.310145,1925,17293880
2018-09-29,6584.4991,1.1388405e+11,1.3028923,1900,17295780
2018-09-30,6604.485,1.1424318e+11,1.3069717,2037.5,17297817
2018-10-01,6561.8138,1.1351802e+11,1.2994208,1975,17299792
2018-10-02,6508.7209,1.1261067e+11,1.2895303,1712.5,17301505
2018-10-03,6464.4568,1.1185655e+11,1.2814305,1812.5,17303317
2018-10-04,6545.2857,1.1326743e+11,1.2976479,1875,17305192
2018-10-05,6585.1496,1.1396798e+11,1.3055658,1625,17306817
2018-10-06,6550.4783,1.1337817e+11,1.298913,1562.5,17308380
2018-10-07,6564.5683,1.1363369e+11,1.301758,1775,17310155
2018-10-08,6604.6853,1.1433927e+11,1.3096074,1687.5,17311842
2018-10-09,6590.4286,1.1410317e+11,1.3069633,1625,17313467
2018-10-10,6529.1024,1.1305315e+11,1.2949307,1800,17315267
2018-10-11,6159.2516,1.0666133e+11,1.2274116,1987.5,17317255
2018-10-12,6191.6772,1.0723307e+11,1.2343811,1650,17318905
2018-10-13,6197.6857,1.0734805e+11,1.2359529,1762.5,17320667
2018-10-14,6182.8793,1.0710041e+11,1.2334872,1425,17322092
2018-10-15,6442.7154,1.1161436e+11,1.2852652,2025,17324117
2018-10-16,6461.9372,1.1195826e+11,1.2898925,1687.5,17325805
2018-10-17,6442.7307,1.1163661e+11,1.2866614,1725,17327530
2018-10-18,6396.4798,1.1084623e+11,1.2780222,1725,17329255
2018-10-19,6383.0778,1.1062531e+11,1.2749913,1775,17331030
2018-10-20,6408.2527,1.1107307e+11,1.2864215,1787.5,17332817
2018-10-21,6415.3405,1.1120699e+11,1.2879314,1725,17334542
2018-10-22,6408.0336,1.1109275e+11,1.2868958,1937.5,17336480
2018-10-23,6395.9877,1.1089622e+11,1.2849291,1925,17338405
2018-10-24,6413.8036,1.1121418e+11,1.2887609,1412.5,17339817
2018-10-25,6402.3249,1.1102611e+11,1.2869496,1712.5,17341530
2018-10-26,6404.1086,1.1106849e+11,1.288634,1787.5,17343317
2018-10-27,6409.4053,1.1117125e+11,1.2898075,1700,17345017
2018-10-28,6406.6333,1.1113438e+11,1.2893747,1750,17346767
2018-10-29,6263.0417,1.0865496e+11,1.2610773,1825,17348592
2018-10-30,6272.1677,1.0882535e+11,1.2632915,1925,17350517
2018-10-31,6306.3169,1.0943071e+11,1.2707365,2037.5,17352555
2018-11-01,6342.9775,1.1007908e+11,1.278839,1925,17354480
2018-11-02,6348.1686,1.1018051e+11,1.2799505,1787.5,17356267
2018-11-03,6332.4341,1.0992016e+11,1.276901,2012.5,17358280
2018-11-04,6420.422,1.1145735e+11,1.2945949,1537.5,17359817
2018-11-05,6402.9468,1.1116551e+11,1.2912358,1800,17361617
2018-11-06,6441.1452,1.11839e+11,1.2989943,1600,17363217
2018-11-07,6500.8698,1.1288658e+11,1.3108445,1625,17364842
2018-11-08,6406.7529,1.1126194e+11,1.2919582,1512.5,17366355
2018-11-09,6331.3788,1.0996302e+11,1.2768824,1587.5,17367942
2018-11-10,6353.1127,1.103509e+11,1.2813365,1637.5,17369580
2018-11-11,6335.4142,1.1005504e+11,1.277814,1825,17371405
2018-11-12,6320.6561,1.0980974e+11,1.2750146,1750,17373155
2018-11-13,6267.938,1.0890326e+11,1.2649948,1500,17374655
2018-11-14,5574.2583,9.6860221e+10,1.1275003,1687.5,17376342
2018-11-15,5538.5606,9.6248718e+10,1.1283565,1587.5,17377930
2018-11-16,5496.0162,9.5518041e+10,1.1213835,1575,17379505
2018-11-17,5501.0923,9.5616232e+10,1.1229589,1812.5,17381317
2018-11-18,5555.3763,9.65683e+10,1.1343229,1537.5,17382855
2018-11-19,4792.2,8.3309665e+10,0.98256686,1575,17384430
2018-11-20,4317.5307,7.5064933e+10,0.89259762,1650,17386080
2018-11-21,4549.322,7.9100847e+10,0.94205218,1312.5,17387392
2018-11-22,4303.6155,7.4835215e+10,0.89310508,1525,17388917
2018-11-23,4289.8929,7.4603295e+10,0.89181194,1562.5,17390480
2018-11-24,3806.3169,6.6200481e+10,0.79317203,1787.5,17392267
2018-11-25,3946.8509,6.8650951e+10,0.82453777,1587.5,17393855
2018-11-26,3700.286,6.4367372e+10,0.77562836,1387.5,17395242
2018-11-27,3776.5559,6.5700289e+10,0.7940544,1637.5,17396880
2018-11-28,4208.4753,7.3220546e+10,0.88549955,1475,17398355
2018-11-29,4239.0395,7.3757877e+10,0.89130855,1312.5,17399667
2018-11-30,3973.3341,6.9139707e+10,0.8373706,1262.5,17400930
2018-12-01,4148.0737,7.2186769e+10,0.8734641,1550,17402480
2018-12-02,4098.7468,7.1334199e+10,0.86368527,1425,17403905
2018-12-03,3843.9767,6.6905682e+10,0.80763958,1425,17405330
2018-12-04,3892.9516,6.7764823e+10,0.81335924,1725,17407055
2018-12-05,3709.5209,6.4577861e+10,0.78473772,1625,17408680
2018-12-06,3511.969,6.114467e+10,0.74841821,1687.5,17410367
2018-12-07,3372.9957,5.8729901e+10,0.72100902,1425,17411792
2018-12-08,3407.9512,5.9343949e+10,0.72908961,1587.5,17413380
2018-12-09,3540.4396,6.1656684e+10,0.75773343,1600,17414980
2018-12-10,3413.5926,5.9452937e+10,0.73200608,1550,17416530
2018-12-11,3352.5642,5.8395273e+10,0.7222971,1562.5,17418092
2018-12-12,3423.0129,5.962749e+10,0.73845418,1500,17419592
2018-12-13,3260.3416,5.679916e+10,0.7044642,1637.5,17421230
2018-12-14,3198.9475,5.5735437e+10,0.69277432,1825,17423055
2018-12-15,3185.074,5.5499652e+10,0.69048064,1862.5,17424917
2018-12-16,3195.4146,5.5684428e+10,0.69338644,1437.5,17426355
2018-12-17,3499.1565,6.0984541e+10,0.75972613,2000,17428355
2018-12-18,3659.5274,6.3785397e+10,0.79650093,1600,17429955
2018-12-19,3697.7253,6.4458072e+10,0.80573894,1862.5,17431817
2018-12-20,4067.7377,7.0914925e+10,0.88611656,1687.5,17433505
2018-12-21,3839.0851,6.6935427e+10,0.8376707,1750,17435255
2018-12-22,3964.9461,6.9138519e+10,0.86519497,2187.5,17437442
2018-12-23,3942.667,6.8758702e+10,0.86090691,2200,17439642
2018-12-24,4040.0458,7.046463e+10,0.88260111,1900,17441542
2018-12-25,3761.584,6.5615303e+10,0.82260882,1987.5,17443530
2018-12-26,3807.6575,6.6426459e+10,0.83308567,1962.5,17445492
2018-12-27,3585.4605,6.2557923e+10,0.78552581,2175,17447667
2018-12-28,3881.0549,6.7723456e+10,0.85252346,2087.5,17449755
2018-12-29,3823.1383,6.6719421e+10,0.84031284,1725,17451480
2018-12-30,3825.4075,6.6767437e+10,0.8415034,2200,17453680
2018-12-31,3687.1999,6.4362351e+10,0.81213582,1937.5,17455617
2019-01-01,3808.1178,6.648014e+10,0.8391035,1862.5,17457480
2019-01-02,3898.1975,6.8060062e+10,0.85907301,1887.5,17459367
2019-01-03,3784.3886,6.6080364e+10,0.83487141,1937.5,17461305
2019-01-04,3827.5246,6.6840702e+10,0.8447265,1862.5,17463167
2019-01-05,3798.614,6.6343571e+10,0.83856669,2037.5,17465205
2019-01-06,4045.9938,7.0671241e+10,0.89346662,1762.5,17466967
2019-01-07,4001.0183,6.9892707e+10,0.8841578,1762.5,17468730
2019-01-08,3992.6228,6.9754483e+10,0.88278743,2112.5,17470842
2019-01-09,4004.259,6.9965987e+10,0.88542141,2050,17472892
2019-01-10,3627.9035,6.3397041e+10,0.80976747,1950,17474842
2019-01-11,3624.1614,6.3338354e+10,0.80976244,1850,17476692
2019-01-12,3617.0221,6.3219821e+10,0.80855945,1725,17478417
2019-01-13,3508.6701,6.1332009e+10,0.784834,1712.5,17480130
2019-01-14,3666.9452,6.4105508e+10,0.82050798,1862.5,17481992
2019-01-15,3581.293,6.2614046e+10,0.80090242,1650,17483642
2019-01-16,3606.9866,6.306926e+10,0.80691139,1662.5,17485305
2019-01-17,3640.1291,6.3654546e+10,0.81482992,1587.5,17486892
2019-01-18,3609.4267,6.3123883e+10,0.80838072,1725,17488617
2019-01-19,3687.302,6.4491943e+10,0.82616434,1662.5,17490280
2019-01-20,3538.3137,6.1893041e+10,0.79319975,1962.5,17492242
2019-01-21,3535.6234,6.185261e+10,0.79297133,1875,17494117
2019-01-22,3577.3083,6.2587665e+10,0.80398567,1625,17495742
2019-01-23,3551.8938,6.2149501e+10,0.79874618,1825,17497567
2019-01-24,3567.5889,6.2431352e+10,0.80256605,2025,17499592
2019-01-25,3561.3505,6.2328325e+10,0.80172488,1725,17501317
2019-01-26,3557.0399,6.2259554e+10,0.8011809,1875,17503192
2019-01-27,3537.6141,6.1925599e+10,0.79718191,1712.5,17504905
2019-01-28,3435.0525,6.0136493e+10,0.77522856,1812.5,17506717
2019-01-29,3395.8238,5.9455924e+10,0.76708054,1825,17508542
2019-01-30,3437.8959,6.019839e+10,0.77747695,1700,17510242
2019-01-31,3410.1316,5.9718838e+10,0.77173662,1937.5,17512180
2019-02-01,3445.0499,6.0337137e+10,0.78014383,1975,17514155
2019-02-02,3461.9351,6.0639099e+10,0.78422167,1800,17515955
2019-02-03,3413.0216,5.978822e+10,0.77343528,1725,17517680
2019-02-04,3411.388,5.9765871e+10,0.77384742,1837.5,17519517
2019-02-05,3426.465,6.0036309e+10,0.77765737,1837.5,17521355
2019-02-06,3367.5064,5.9010177e+10,0.76510945,2050,17523405
2019-02-07,3358.8736,5.8866207e+10,0.76378864,2175,17525580
2019-02-08,3612.4796,6.331816e+10,0.8216013,2037.5,17527617
2019-02-09,3621.2681,6.3478992e+10,0.82367897,1875,17529492
2019-02-10,3642.0224,6.3849177e+10,0.8284814,1750,17531242
2019-02-11,3590.6185,6.2954511e+10,0.81717159,1812.5,17533055
2019-02-12,3587.9025,6.2912631e+10,0.81707553,1600,17534655
2019-02-13,3576.0854,6.2712262e+10,0.81622357,1912.5,17536567
2019-02-14,3561.9164,6.2470064e+10,0.81324408,1762.5,17538330
2019-02-15,3565.0069,6.2529927e+10,0.81432592,1587.5,17539917
2019-02-16,3584.736,6.2882695e+10,0.81951471,1875,17541792
2019-02-17,3622.7574,6.3556859e+10,0.82849268,1987.5,17543780
2019-02-18,3866.1292,6.783401e+10,0.88420768,1937.5,17545717
2019-02-19,3895.4352,6.8355801e+10,0.89133025,1950,17547667
2019-02-20,3931.6138,6.899704e+10,0.89885411,1625,17549292
2019-02-21,3892.2618,6.831223e+10,0.89047082,1487.5,17550780
2019-02-22,3948.3005,6.9303748e+10,0.90331002,2025,17552805
2019-02-23,4110.1511,7.2152027e+10,0.94072884,1787.5,17554592
2019-02-24,3754.1838,6.5909595e+10,0.8599356,1712.5,17556305
2019-02-25,3822.0187,6.7107357e+10,0.87606044,1787.5,17558092
2019-02-26,3796.1751,6.6661232e+10,0.87035678,2012.5,17560105
2019-02-27,3799.382,6.6724242e+10,0.8713884,1762.5,17561867
2019-02-28,3792.9477,6.6618356e+10,0.87032071,1875,17563742
2019-03-01,3810.6327,6.6936687e+10,0.87459349,2025,17565767
2019-03-02,3809.6434,6.6925595e+10,0.87461492,1650,17567417
2019-03-03,3782.3819,6.6453584e+10,0.86848471,1825,17569242
2019-03-04,3698.1619,6.4980235e+10,0.85007558,1712.5,17570955
2019-03-05,3840.128,6.7481869e+10,0.88264283,1862.5,17572817
2019-03-06,3851.9984,6.7696628e+10,0.88556451,1600,17574417
2019-03-07,3855.9232,6.7772447e+10,0.88659022,1775,17576192
2019-03-08,3839.2336,6.7486114e+10,0.88315552,1825,17578017
2019-03-09,3910.3612,6.8743142e+10,0.89955742,1725,17579742
2019-03-10,3903.912,6.8636403e+10,0.89825462,1700,17581442
2019-03-11,3851.5689,6.7722973e+10,0.88665284,1775,17583217
2019-03-12,3858.9148,6.7859036e+10,0.88880804,1787.5,17585005
2019-03-13,3851.9575,6.7743191e+10,0.88736975,1687.5,17586692
2019-03-14,3853.7833,6.7782767e+10,0.88808394,1937.5,17588630
2019-03-15,3901.9142,6.8636787e+10,0.89930632,1912.5,17590542
2019-03-16,3989.7961,7.0190806e+10,0.92006352,2037.5,17592580
2019-03-17,3967.1435,6.9799529e+10,0.91484274,1825,17594405
2019-03-18,3969.4401,6.9847925e+10,0.91560369,2012.5,17596417
2019-03-19,3996.1679,7.032693e+10,0.92168535,2175,17598592
2019-03-20,4030.6553,7.0941971e+10,0.92967286,2012.5,17600605
2019-03-21,3976.2739,6.9991932e+10,0.91748018,1787.5,17602392
2019-03-22,3983.8876,7.0133971e+10,0.9194745,2012.5,17604405
2019-03-23,3981.776,7.0104014e+10,0.91913227,1812.5,17606217
2019-03-24,3970.667,6.9915871e+10,0.91670464,1875,17608092
2019-03-25,3908.2388,6.8823861e+10,0.90273487,1850,17609942
2019-03-26,3917.7634,6.899815e+10,0.90526912,1675,17611617
2019-03-27,4027.0079,7.0929623e+10,0.93039612,1862.5,17613480
2019-03-28,4010.9375,7.0653886e+10,0.92674903,1825,17615305
2019-03-29,4089.461,7.2044617e+10,0.94438915,1837.5,17617142
2019-03-30,4091.891,7.2094536e+10,0.944965,1737.5,17618880
2019-03-31,4094.3178,7.2144407e+10,0.94641855,1737.5,17620617
2019-04-01,4138.4178,7.2928512e+10,0.95655086,1700,17622317
2019-04-02,4903.7195,8.6424524e+10,1.1289202,1962.5,17624280
2019-04-03,4960.2276,8.7429244e+10,1.1405196,1775,17626055
2019-04-04,4911.2697,8.6574904e+10,1.128388,1750,17627805
2019-04-05,5033.2255,8.8734657e+10,1.1561451,1975,17629780
2019-04-06,5044.3568,8.8939665e+10,1.1584174,1737.5,17631517
2019-04-07,5189.112,9.1501063e+10,1.1912123,1762.5,17633280
2019-04-08,5283.423,9.3173851e+10,1.2117921,1850,17635130
2019-04-09,5195.5779,9.1633264e+10,1.190998,1650,17636780
2019-04-10,5311.7416,9.3691844e+10,1.2165132,1850,17638630
2019-04-11,5050.666,8.909674e+10,1.1569537,1962.5,17640592
2019-04-12,5082.8614,8.967428e+10,1.1636845,1887.5,17642480
2019-04-13,5074.7907,8.9540456e+10,1.1615659,1687.5,17644167
2019-04-14,5156.804,9.0995377e+10,1.181353,1525,17645692
2019-04-15,5042.8977,8.8994562e+10,1.1555532,1812.5,17647505
2019-04-16,5205.963,9.1881692e+10,1.1922412,1812.5,17649317
2019-04-17,5226.3522,9.2250564e+10,1.1961381,1725,17651042
2019-04-18,5278.5023,9.3180899e+10,1.2076569,1862.5,17652905
2019-04-19,5289.9512,9.3393056e+10,1.2071979,1900,17654805
2019-04-20,5313.9733,9.3825862e+10,1.2124648,1637.5,17656442
2019-04-21,5295.7338,9.3514543e+10,1.2083545,2025,17658467
2019-04-22,5383.8,9.5078674e+10,1.2279455,1675,17660142
2019-04-23,5544.8627,9.7931105e+10,1.2632969,1450,17661592
2019-04-24,5431.9479,9.5947917e+10,1.238908,2037.5,17663630
2019-04-25,5127.6732,9.0582486e+10,1.1703075,1787.5,17665417
2019-04-26,5150.1647,9.0989529e+10,1.1767309,1887.5,17667305
2019-04-27,5181.8078,9.1557451e+10,1.1841367,1712.5,17669017
2019-04-28,5148.6696,9.0982423e+10,1.1765067,2037.5,17671055
2019-04-29,5148.8005,9.0995226e+10,1.1770834,2037.5,17673092
2019-04-30,5266.6182,9.3086646e+10,1.2033374,1750,17674842
2019-05-01,5315.1753,9.3956247e+10,1.2179973,2137.5,17676980
2019-05-02,5393.1294,9.5346643e+10,1.2356799,2300,17679280
2019-05-03,5658.4304,1.0004773e+11,1.2951638,1900,17681180
2019-05-04,5774.7124,1.0211326e+11,1.3209946,1650,17682830
2019-05-05,5728.3517,1.0130271e+11,1.3095678,1612.5,17684442
2019-05-06,5691.6884,1.0066508e+11,1.2993927,1887.5,17686330
2019-05-07,5825.7449,1.0304529e+11,1.3287025,1587.5,17687917
2019-05-08,5931.8006,1.0493247e+11,1.3512631,1900,17689817
2019-05-09,6150.1404,1.0880639e+11,1.3992851,1875,17691692
2019-05-10,6357.4635,1.1248422e+11,1.4447295,1562.5,17693255
2019-05-11,7325.0829,1.2961646e+11,1.6543368,1625,17694880
2019-05-12,6942.6232,1.2286259e+11,1.5656949,1975,17696855
2019-05-13,7798.9057,1.3803238e+11,1.7475348,2087.5,17698942
2019-05-14,7955.5577,1.4082007e+11,1.7713372,1900,17700842
2019-05-15,8215.2068,1.4543138e+11,1.8166747,1862.5,17702705
2019-05-16,7862.0716,1.3919428e+11,1.7279989,1825,17704530
2019-05-17,7326.9207,1.2973352e+11,1.6107375,1887.5,17706417
2019-05-18,7277.9876,1.28881e+11,1.5995082,1912.5,17708330
2019-05-19,8219.7428,1.4557466e+11,1.8020174,2037.5,17710367
2019-05-20,7981.1394,1.4136497e+11,1.7472319,2012.5,17712380
2019-05-21,7983.8085,1.4142752e+11,1.7449739,1912.5,17714292
2019-05-22,7667.9021,1.3584747e+11,1.6754293,2087.5,17716380
2019-05-23,7897.4713,1.399302e+11,1.7226837,1975,17718355
2019-05-24,7987.1004,1.4153355e+11,1.7389988,1912.5,17720267
2019-05-25,8061.5918,1.4286767e+11,1.7530789,1750,17722017
2019-05-26,8731.525,1.5475825e+11,1.8939644,2062.5,17724080
2019-05-27,8816.7867,1.5628784e+11,1.9071492,2087.5,17726167
2019-05-28,8719.1258,1.5457456e+11,1.8810596,2050,17728217
2019-05-29,8655.4885,1.5346521e+11,1.8407198,2175,17730392
2019-05-30,8271.622,1.4667565e+11,1.7578708,2000,17732392
2019-05-31,8556.2222,1.517348e+11,1.8147606,1462.5,17733855
2019-06-01,8554.8073,1.5172586e+11,1.8124606,1887.5,17735742
2019-06-02,8744.3537,1.5510192e+11,1.8504971,1637.5,17737380
2019-06-03,8173.4013,1.4498688e+11,1.7270118,1487.5,17738867
2019-06-04,7649.9393,1.3571598e+11,1.6263691,1925,17740792
2019-06-05,7798.5445,1.3836795e+11,1.6561257,2000,17742792
2019-06-06,7776.7133,1.3799587e+11,1.651342,1962.5,17744755
2019-06-07,8023.9501,1.4239887e+11,1.7018363,1975,17746730
2019-06-08,7939.8052,1.4091788e+11,1.6835165,1550,17748280
2019-06-09,7634.0658,1.3550556e+11,1.6184243,1837.5,17750117
2019-06-10,7993.3025,1.4189774e+11,1.6911148,1962.5,17752080
2019-06-11,7922.4836,1.4065472e+11,1.6751172,1787.5,17753867
2019-06-12,8146.7561,1.4464977e+11,1.7200848,1637.5,17755505
2019-06-13,8232.7773,1.4619266e+11,1.7364924,1887.5,17757392
2019-06-14,8698.0048,1.5447226e+11,1.8290158,2112.5,17759505
2019-06-15,8850.5848,1.5719816e+11,1.8587862,1825,17761330
2019-06-16,9019.517,1.6021327e+11,1.8889602,1625,17762955
2019-06-17,9340.5722,1.6593169e+11,1.9511578,1662.5,17764617
2019-06-18,9047.1327,1.6073728e+11,1.8875592,2037.5,17766655
2019-06-19,9285.0557,1.6498492e+11,1.9315088,2212.5,17768867
2019-06-20,9546.7198,1.6965158e+11,1.980866,1800,17770667
2019-06-21,10083.486,1.7920704e+11,2.0842248,1662.5,17772330
2019-06-22,10685.295,1.8992142e+11,2.196881,1762.5,17774092
2019-06-23,10794.428,1.9188558e+11,2.2136737,2262.5,17776355
2019-06-24,11004.207,1.9563903e+11,2.2470665,2212.5,17778567
2019-06-25,11726.264,2.0849757e+11,2.3798269,1825,17780392
2019-06-26,12863.461,2.2874391e+11,2.5717639,2062.5,17782455
2019-06-27,11109.798,1.975792e+11,2.2152431,1775,17784230
2019-06-28,12358.208,2.1980639e+11,2.4416845,2037.5,17786267
2019-06-29,11944.352,2.1247141e+11,2.3532924,2175,17788442
2019-06-30,10842.617,1.9289386e+11,2.1302104,1900,17790342
2019-07-01,10569.552,1.8805484e+11,2.0755826,1787.5,17792130
2019-07-02,10766.083,1.9157282e+11,2.1100041,1975,17794105
2019-07-03,11952.025,2.1270128e+11,2.3315781,2150,17796255
2019-07-04,11177.01,1.9893226e+11,2.1742513,2087.5,17798342
2019-07-05,10998.399,1.9577926e+11,2.1384036,2362.5,17800705
2019-07-06,11208.226,1.9953925e+11,2.1771256,2225,17802930
2019-07-07,11456.184,2.0397554e+11,2.2225612,1912.5,17804842
2019-07-08,12319.623,2.1937635e+11,2.3790547,2225,17807067
2019-07-09,12579.108,2.2402123e+11,2.4191781,1925,17808992
2019-07-10,12106.783,2.1562913e+11,2.313287,1612.5,17810605
2019-07-11,11294.678,2.0118326e+11,2.1570404,1612.5,17812217
2019-07-12,11813.324,2.1044571e+11,2.2485779,2050,17814267
2019-07-13,11346.837,2.0215559e+11,2.1589091,1762.5,17816030
2019-07-14,10283.076,1.8322222e+11,1.9587586,1812.5,17817842
2019-07-15,10926.38,1.9470446e+11,2.0783728,1825,17819667
2019-07-16,9471.1409,1.6879176e+11,1.8045215,2025,17821692
2019-07-17,9674.8825,1.7243886e+11,1.8401145,1662.5,17823355
2019-07-18,10679.891,1.9036763e+11,2.0231266,1512.5,17824867
2019-07-19,10532.203,1.8775065e+11,1.9920017,1475,17826342
2019-07-20,10862.649,1.9366533e+11,2.0519756,2212.5,17828555
2019-07-21,10589.706,1.8881889e+11,1.9981395,1862.5,17830417
2019-07-22,10318.561,1.8400463e+11,1.946979,1975,17832392
2019-07-23,9866.6489,1.7596359e+11,1.8630293,1787.5,17834180
2019-07-24,9792.7875,1.7466335e+11,1.8427478,1737.5,17835917
2019-07-25,9897.1868,1.7654396e+11,1.8617725,1875,17837792
2019-07-26,9836.6968,1.7548537e+11,1.8493788,2075,17839867
2019-07-27,9446.6721,1.6854532e+11,1.7764295,1900,17841767
2019-07-28,9529.7888,1.7004912e+11,1.7918469,2187.5,17843955
2019-07-29,9504.1589,1.6961174e+11,1.7550681,2100,17846055
2019-07-30,9589.1092,1.7114479e+11,1.7697553,1775,17847830
2019-07-31,10059.004,1.7955289e+11,1.8548209,2137.5,17849967
2019-08-01,10400.307,1.856636e+11,1.915169,1775,17851742
2019-08-02,10529.694,1.8799564e+11,1.9366896,2112.5,17853855
2019-08-03,10810.422,1.9303108e+11,1.9863363,2162.5,17856017
2019-08-04,10986.509,1.9619823e+11,2.0166431,2087.5,17858105
2019-08-05,11790.024,2.1056856e+11,2.152093,1787.5,17859892
2019-08-06,11423.497,2.0404542e+11,2.0776336,2012.5,17861905
2019-08-07,11967.274,2.1378119e+11,2.1693572,1912.5,17863817
2019-08-08,11938.235,2.1328363e+11,2.1571366,1775,17865592
2019-08-09,11858.341,2.1187808e+11,2.1398269,1837.5,17867430
2019-08-10,11303.731,2.0198995e+11,2.0392331,1887.5,17869317
2019-08-11,11530.195,2.0605877e+11,2.0776812,1912.5,17871230
2019-08-12,11384.696,2.0347745e+11,2.0494424,1662.5,17872892
2019-08-13,10867.055,1.9424703e+11,1.9541706,1962.5,17874855
2019-08-14,10024.38,1.7920338e+11,1.8019476,1900,17876755
2019-08-15,10310.086,1.8433111e+11,1.8528085,1962.5,17878717
2019-08-16,10373.322,1.8548075e+11,1.8633259,1837.5,17880555
2019-08-17,10207.156,1.8252594e+11,1.8335389,1600,17882155
2019-08-18,10331.31,1.8476236e+11,1.8552701,1575,17883730
2019-08-19,10884.63,1.9467996e+11,1.9528305,2037.5,17885767
2019-08-20,10771.392,1.9267522e+11,1.929925,1912.5,17887680
2019-08-21,10096.83,1.8062603e+11,1.8096708,1700,17889380
2019-08-22,10119.715,1.8105325e+11,1.8139215,1762.5,17891142
2019-08-23,10414.144,1.8634085e+11,1.8588809,1912.5,17893055
2019-08-24,10147.087,1.8158268e+11,1.8109978,2000,17895055
2019-08-25,10100.357,1.8076601e+11,1.8021966,1937.5,17896992
2019-08-26,10362.643,1.854779e+11,1.8474094,1712.5,17898705
2019-08-27,10168.222,1.8201516e+11,1.8115625,1687.5,17900392
2019-08-28,9724.8,1.7409609e+11,1.7330923,1887.5,17902280
2019-08-29,9482.3117,1.6977456e+11,1.6910737,2062.5,17904342
2019-08-30,9577.6788,1.715012e+11,1.7081156,2000,17906342
2019-08-31,9605.0245,1.7201079e+11,1.7131022,2075,17908417
2019-09-01,9762.9366,1.7485619e+11,1.7403943,1787.5,17910205
2019-09-02,10377.338,1.8587958e+11,1.8474599,1862.5,17912067
2019-09-03,10618.782,1.902261e+11,1.8876594,2050,17914117
2019-09-04,10577.241,1.8949992e+11,1.8787088,1700,17915817
2019-09-05,10580.185,1.8957448e+11,1.8773914,2062.5,17917880
2019-09-06,10330.85,1.8512733e+11,1.818736,1975,17919855
2019-09-07,10494.507,1.8807972e+11,1.846322,1875,17921730
2019-09-08,10407.266,1.8653923e+11,1.8301304,2212.5,17923942
2019-09-09,10332.464,1.8521735e+11,1.8165281,1825,17925767
2019-09-10,10085.952,1.8082137e+11,1.7732881,2275,17928042
2019-09-11,10142.148,1.8185219e+11,1.7778614,2300,17930342
2019-09-12,10403.36,1.8655635e+11,1.8223104,1975,17932317
2019-09-13,10345.339,1.8553529e+11,1.8110851,1875,17934192
2019-09-14,10363.453,1.8588024e+11,1.813611,1937.5,17936130
2019-09-15,10306.17,1.8487173e+11,1.8030799,1837.5,17937967
2019-09-16,10257.823,1.8402539e+11,1.7943633,2037.5,17940005
2019-09-17,10195.611,1.8292818e+11,1.7828366,1850,17941855
2019-09-18,10161.319,1.8233501e+11,1.7747347,2175,17944030
2019-09-19,10268.393,1.8427534e+11,1.7928208,1850,17945880
2019-09-20,10170.125,1.8253104e+11,1.7752393,1887.5,17947767
2019-09-21,9986.4061,1.7925442e+11,1.7431844,2075,17949842
2019-09-22,10047.013,1.8036316e+11,1.7535283,2075,17951917
2019-09-23,9692.741,1.740171e+11,1.692417,1425,17953342
2019-09-24,8613.6712,1.5466109e+11,1.5076985,1962.5,17955305
2019-09-25,8424.1576,1.5127475e+11,1.4777895,1950,17957255
2019-09-26,8091.6953,1.4532193e+11,1.42454,2137.5,17959392
2019-09-27,8186.7796,1.470431e+11,1.4413257,1650,17961042
2019-09-28,8201.979,1.4733239e+11,1.4449115,1987.5,17963030
2019-09-29,8064.5081,1.4487671e+11,1.4212064,1700,17964730
2019-09-30,8282.3655,1.4880392e+11,1.4599476,1625,17966355
2019-10-01,8314.5514,1.4939704e+11,1.4668782,1787.5,17968142
2019-10-02,8362.5307,1.5027461e+11,1.4756034,1850,17969992
2019-10-03,8254.3399,1.4834559e+11,1.4572137,1837.5,17971830
2019-10-04,8165.6862,1.4676733e+11,1.4420908,1837.5,17973667
2019-10-05,8141.6337,1.463511e+11,1.4379377,1975,17975642
2019-10-06,7854.6098,1.4120629e+11,1.3878949,1862.5,17977505
2019-10-07,8226.0234,1.4789931e+11,1.4535022,1937.5,17979442
2019-10-08,8190.1151,1.4727029e+11,1.4471135,2025,17981467
2019-10-09,8598.3319,1.5462546e+11,1.5187746,1725,17983192
2019-10-10,8578.0904,1.5427882e+11,1.5152393,2025,17985217
2019-10-11,8289.854,1.4911099e+11,1.4650268,1950,17987167
2019-10-12,8323.7501,1.4973452e+11,1.4708589,1662.5,17988830
2019-10-13,8291.2507,1.4916461e+11,1.4653254,1775,17990605
2019-10-14,8346.3684,1.501703e+11,1.4683759,1687.5,17992292
2019-10-15,8160.7126,1.4684553e+11,1.4370121,1912.5,17994205
2019-10-16,8003.8559,1.4403733e+11,1.4102244,1787.5,17995992
2019-10-17,8072.4894,1.4528759e+11,1.4227585,1875,17997867
2019-10-18,7959.332,1.4326692e+11,1.4033796,2000,17999867
2019-10-19,7948.4773,1.4308565e+11,1.4014757,1775,18001642
2019-10-20,8213.709,1.4787524e+11,1.4480022,1825,18003467
2019-10-21,8211.6546,1.4785458e+11,1.4481908,1987.5,18005455
2019-10-22,8029.2054,1.4458646e+11,1.4166089,2112.5,18007567
2019-10-23,7458.0359,1.3431674e+11,1.3184937,2100,18009667
2019-10-24,7454.3711,1.3426314e+11,1.3204397,1662.5,18011330
2019-10-25,8656.6552,1.559328e+11,1.530333,1725,18013055
2019-10-26,9249.6468,1.6663058e+11,1.63053,1750,18014805
2019-10-27,9558.156,1.7220206e+11,1.6831327,1437.5,18016242
2019-10-28,9319.1781,1.6791218e+11,1.6384457,1675,18017917
2019-10-29,9431.2071,1.6994639e+11,1.6557182,1662.5,18019580
2019-10-30,9182.8551,1.6548657e+11,1.6118174,1675,18021255
2019-10-31,9155.2773,1.6500469e+11,1.6064639,1650,18022905
2019-11-01,9251.3813,1.667518e+11,1.6207706,1625,18024530
2019-11-02,9300.1908,1.6764714e+11,1.6287634,1675,18026205
2019-11-03,9209.6387,1.6603072e+11,1.6129485,1725,18027930
2019-11-04,9418.3601,1.6980908e+11,1.6484892,1650,18029580
2019-11-05,9330.7872,1.6824697e+11,1.6375709,1800,18031380
2019-11-06,9354.9334,1.6869779e+11,1.6414831,1650,18033030
2019-11-07,9210.7482,1.6611324e+11,1.6157123,1687.5,18034717
2019-11-08,8791.3339,1.5856329e+11,1.5435014,1600,18036317
2019-11-09,8810.7846,1.5892997e+11,1.547124,1800,18038117
2019-11-10,9042.8907,1.6313549e+11,1.5874203,2075,18040192
2019-11-11,8713.2079,1.5720439e+11,1.5297828,1887.5,18042080
2019-11-12,8788.9581,1.5858592e+11,1.5426696,1687.5,18043767
2019-11-13,8766.7294,1.5819962e+11,1.5361222,1687.5,18045455
2019-11-14,8645.4358,1.5602908e+11,1.5152344,2112.5,18047567
2019-11-15,8465.8779,1.5280522e+11,1.4842007,1975,18049542
2019-11-16,8477.6902,1.5303411e+11,1.4864099,1850,18051392
2019-11-17,8505.1612,1.5354637e+11,1.4912036,1925,18053317
2019-11-18,8183.5334,1.4775425e+11,1.4358513,1750,18055067
2019-11-19,8116.8207,1.4656466e+11,1.4246259,1837.5,18056905
2019-11-20,8076.5547,1.4585191e+11,1.4183616,1775,18058680
2019-11-21,7612.2775,1.3748072e+11,1.3389628,1712.5,18060392
2019-11-22,7277.5243,1.3144695e+11,1.2834496,1650,18062042
2019-11-23,7324.8362,1.3231734e+11,1.29339,2162.5,18064205
2019-11-24,6943.3807,1.2543802e+11,1.2263614,1637.5,18065842
2019-11-25,7139.0447,1.2898401e+11,1.2622231,1562.5,18067405
2019-11-26,7165.4377,1.2947179e+11,1.268417,1525,18068930
2019-11-27,7526.8638,1.3601545e+11,1.3329717,1737.5,18070667
2019-11-28,7436.3364,1.3439471e+11,1.3173613,2037.5,18072705
2019-11-29,7747.738,1.4003575e+11,1.3724924,1700,18074405
2019-11-30,7556.1937,1.3658561e+11,1.3394724,1575,18075980
2019-12-01,7417.7272,1.3409558e+11,1.3153129,1737.5,18077717
2019-12-02,7318.3125,1.3231165e+11,1.2987127,1812.5,18079530
2019-12-03,7306.4462,1.3211154e+11,1.2976725,1975,18081505
2019-12-04,7215.0203,1.3047349e+11,1.2824661,2087.5,18083592
2019-12-05,7404.0868,1.3390591e+11,1.3165625,1812.5,18085405
2019-12-06,7534.2084,1.3627286e+11,1.3401931,1812.5,18087217
2019-12-07,7512.0614,1.3588684e+11,1.3363267,1937.5,18089155
2019-12-08,7528.9403,1.3620609e+11,1.3393726,1850,18091005
2019-12-09,7340.2275,1.3280567e+11,1.3063883,1850,18092855
2019-12-10,7232.0918,1.3086257e+11,1.2878402,1850,18094705
2019-12-11,7200.4644,1.3030216e+11,1.2829279,1650,18096355
2019-12-12,7192.849,1.3017631e+11,1.2821889,1662.5,18098017
2019-12-13,7244.9037,1.3113216e+11,1.2916478,1900,18099917
2019-12-14,7071.1071,1.279998e+11,1.261062,1887.5,18101805
2019-12-15,7111.2867,1.2873815e+11,1.2682668,1550,18103355
2019-12-16,6882.3958,1.2460796e+11,1.2284118,1962.5,18105317
2019-12-17,6608.962,1.19669e+11,1.1812045,1762.5,18107080
2019-12-18,7284.6255,1.319155e+11,1.3030024,1675,18108755
2019-12-19,7146.1676,1.2942222e+11,1.2783955,1962.5,18110717
2019-12-20,7184.2192,1.3012537e+11,1.2850715,1950,18112667
2019-12-21,7140.298,1.2934555e+11,1.2773154,2200,18114867
2019-12-22,7479.4024,1.3550418e+11,1.3377221,2112.5,18116980
2019-12-23,7321.7487,1.3266106e+11,1.3097411,1787.5,18118767
2019-12-24,7235.6291,1.3111199e+11,1.2943083,1562.5,18120330
2019-12-25,7191.1742,1.3031795e+11,1.2885235,1600,18121930
2019-12-26,7194.6398,1.3039578e+11,1.2894501,2087.5,18124017
2019-12-27,7237.1504,1.3117936e+11,1.2974302,1812.5,18125830
2019-12-28,7306.6433,1.3245258e+11,1.3099122,1862.5,18127692
2019-12-29,7391.5785,1.3400658e+11,1.3266378,1937.5,18129630
2019-12-30,7229.3971,1.3108129e+11,1.2975161,2075,18131705
2019-12-31,7167.3951,1.2997008e+11,1.2868185,1812.5,18133517
2020-01-01,7170.6319,1.3004437e+11,1.2874353,2175,18135692
2020-01-02,6946.8253,1.2599773e+11,1.2475545,1762.5,18137455
2020-01-03,7315.3094,1.3269655e+11,1.3132852,2112.5,18139567
2020-01-04,7343.1642,1.3321724e+11,1.3185072,2100,18141667
2020-01-05,7345.5307,1.3327514e+11,1.3189145,2037.5,18143705
2020-01-06,7765.7977,1.4091345e+11,1.3934324,1687.5,18145392
2020-01-07,8136.0868,1.4765039e+11,1.4587153,2200,18147592
2020-01-08,8059.6995,1.4627845e+11,1.4443494,1775,18149367
2020-01-09,7817.1361,1.4189142e+11,1.4002389,1962.5,18151330
2020-01-10,8129.8179,1.4758215e+11,1.4552018,1862.5,18153192
2020-01-11,8032.0055,1.4582291e+11,1.4375524,2037.5,18155230
2020-01-12,8164.55,1.4824469e+11,1.4608423,1887.5,18157117
2020-01-13,8121.9257,1.4748528e+11,1.452766,1787.5,18158905
2020-01-14,8830.1679,1.6036218e+11,1.5746377,1812.5,18160717
2020-01-15,8811.4482,1.6003885e+11,1.5686837,1887.5,18162605
2020-01-16,8718.687,1.5837139e+11,1.5507863,1987.5,18164592
2020-01-17,8912.5419,1.619104e+11,1.5836831,1987.5,18166580
2020-01-18,8928.1808,1.6220924e+11,1.5858381,1650,18168230
2020-01-19,8687.3548,1.5785015e+11,1.5431416,1875,18170105
2020-01-20,8636.2588,1.5693814e+11,1.5341389,1900,18172005
2020-01-21,8730.8676,1.5867407e+11,1.5503965,1912.5,18173917
2020-01-22,8647.9005,1.5718309e+11,1.5354432,1950,18175867
2020-01-23,8366.3846,1.5208292e+11,1.4854776,1987.5,18177855
2020-01-24,8423.391,1.5313518e+11,1.4949402,1900,18179755
2020-01-25,8344.7746,1.5172306e+11,1.4807681,2050,18181805
2020-01-26,8573.8748,1.5590384e+11,1.5209573,1787.5,18183592
2020-01-27,8901.9593,1.6188395e+11,1.5779271,1612.5,18185205
2020-01-28,9297.3883,1.6909141e+11,1.6458525,1775,18186980
2020-01-29,9311.9475,1.6937483e+11,1.6452866,2000,18188980
2020-01-30,9508.921,1.7297611e+11,1.6770265,1950,18190930
2020-01-31,9357.2848,1.7023455e+11,1.6473269,1800,18192730
2020-02-01,9381.886,1.7069983e+11,1.650978,1887.5,18194617
2020-02-02,9339.3871,1.6994327e+11,1.6435676,1787.5,18196405
2020-02-03,9279.8125,1.6887639e+11,1.6319591,1850,18198255
2020-02-04,9161.6272,1.6674074e+11,1.610698,1650,18199905
2020-02-05,9628.1368,1.7525031e+11,1.6908681,1987.5,18201892
2020-02-06,9739.2804,1.7728977e+11,1.7057167,1687.5,18203580
2020-02-07,9800.2794,1.784172e+11,1.7097118,1737.5,18205317
2020-02-08,9911.2934,1.8045546e+11,1.7266427,1737.5,18207055
2020-02-09,10151.083,1.8484074e+11,1.7664076,1912.5,18208967
2020-02-10,9872.3619,1.7978057e+11,1.7134699,1525,18210492
2020-02-11,10272.223,1.8708123e+11,1.7792319,1850,18212342
2020-02-12,10360.135,1.8870072e+11,1.7920836,1775,18214117
2020-02-13,10235.497,1.8644859e+11,1.7685156,1762.5,18215880
2020-02-14,10361.616,1.8876343e+11,1.7883096,1687.5,18217567
2020-02-15,9911.7243,1.805851e+11,1.7107572,1775,18219342
2020-02-16,9952.0466,1.8133741e+11,1.7169543,1775,18221117
2020-02-17,9683.0796,1.7645553e+11,1.6706178,1962.5,18223080
2020-02-18,10195.304,1.8580895e+11,1.7542543,1875,18224955
2020-02-19,9636.0023,1.7563269e+11,1.6579407,1762.5,18226717
2020-02-20,9614.0301,1.7524735e+11,1.6543522,1575,18228292
2020-02-21,9701.7975,1.7686588e+11,1.6688131,1925,18230217
2020-02-22,9675.2491,1.7639979e+11,1.6637981,1850,18232067
2020-02-23,9972.8424,1.8184324e+11,1.7138413,1775,18233842
2020-02-24,9648.0079,1.7593726e+11,1.6576541,1762.5,18235605
2020-02-25,9344.2871,1.7041555e+11,1.6036904,1800,18237405
2020-02-26,8798.8889,1.6048386e+11,1.5115192,1700,18239105
2020-02-27,8779.0295,1.6013777e+11,1.5090116,1837.5,18240942
2020-02-28,8750.5934,1.5963635e+11,1.504354,1975,18242917
2020-02-29,8582.0903,1.5657728e+11,1.4758157,1737.5,18244655
2020-03-01,8541.7739,1.5586061e+11,1.4692815,2212.5,18246867
2020-03-02,8906.2148,1.6252711e+11,1.5310922,1862.5,18248730
2020-03-03,8768.8106,1.6003643e+11,1.5070435,1912.5,18250642
2020-03-04,8756.3696,1.5982765e+11,1.508597,2087.5,18252730
2020-03-05,9062.6158,1.6543594e+11,1.5609016,2037.5,18254767
2020-03-06,9147.0851,1.6699563e+11,1.5747842,1937.5,18256705
2020-03-07,8898.307,1.6247123e+11,1.5321,1962.5,18258667
2020-03-08,8109.6145,1.4808677e+11,1.3973198,1975,18260642
2020-03-09,7896.3853,1.4420787e+11,1.3629669,1875,18262517
2020-03-10,7909.9279,1.4446825e+11,1.3667676,1650,18264167
2020-03-11,7939.3413,1.4501727e+11,1.3753228,1487.5,18265655
2020-03-12,4959.3134,9.0594468e+10,0.87746909,1887.5,18267542
2020-03-13,5627.6924,1.028129e+11,1.0023084,1562.5,18269105
2020-03-14,5145.1725,9.4005928e+10,0.91943052,1600,18270705
2020-03-15,5358.6107,9.7913565e+10,0.9586443,1487.5,18272192
2020-03-16,5012.9274,9.160463e+10,0.9005596,1487.5,18273680
2020-03-17,5416.7547,9.899237e+10,0.97465625,1537.5,18275217
2020-03-18,5392.4878,9.8555628e+10,0.97098752,1250,18276467
2020-03-19,6203.5516,1.1338731e+11,1.1161248,1337.5,18277805
2020-03-20,6174.1495,1.1285831e+11,1.1127543,1362.5,18279167
2020-03-21,6175.831,1.1289862e+11,1.1131782,1550,18280717
2020-03-22,5830.561,1.0659609e+11,1.0512062,1587.5,18282305
2020-03-23,6486.4087,1.1859558e+11,1.1690897,1400,18283705
2020-03-24,6775.0576,1.2388433e+11,1.2190236,1650,18285355
2020-03-25,6689.969,1.2233615e+11,1.2040586,1150,18286505
2020-03-26,6754.4603,1.2352898e+11,1.2153909,2000,18288505
2020-03-27,6490.7954,1.1871952e+11,1.168733,1937.5,18290442
2020-03-28,6231.8199,1.1399326e+11,1.1227387,1687.5,18292130
2020-03-29,5904.8576,1.0802357e+11,1.0648835,1887.5,18294017
2020-03-30,6436.9057,1.1776869e+11,1.1611193,1837.5,18295855
2020-03-31,6432.3832,1.1769873e+11,1.1608602,1987.5,18297842
2020-04-01,6643.11,1.2156728e+11,1.2023275,1912.5,18299755
2020-04-02,6792.7422,1.2431851e+11,1.2293196,1912.5,18301667
2020-04-03,6751.9026,1.2358221e+11,1.2220759,1650,18303317
2020-04-04,6859.9892,1.2557402e+11,1.2415401,1962.5,18305280
2020-04-05,6790.8125,1.2432258e+11,1.2289648,2187.5,18307467
2020-04-06,7298.1737,1.3362275e+11,1.3187028,1600,18309067
2020-04-07,7187.5933,1.3161322e+11,1.2991978,2100,18311167
2020-04-08,7372.1948,1.3500676e+11,1.3318,1800,18312967
2020-04-09,7299.5792,1.3369101e+11,1.3184332,1925,18314892
2020-04-10,6859.8227,1.2565089e+11,1.2439365,2037.5,18316930
2020-04-11,6883.1822,1.2609245e+11,1.248285,1987.5,18318917
2020-04-12,6978.6663,1.2785496e+11,1.2655414,1912.5,18320830
2020-04-13,6863.5755,1.2576107e+11,1.245002,2137.5,18322967
2020-04-14,6875.5385,1.2599471e+11,1.2472735,2100,18325067
2020-04-15,6625.4758,1.2142629e+11,1.2025246,2112.5,18327180
2020-04-16,7127.7923,1.3064605e+11,1.2932909,1925,18329105
2020-04-17,7081.3952,1.2980688e+11,1.2848303,1587.5,18330692
2020-04-18,7262.7923,1.3314636e+11,1.3173928,1975,18332667
2020-04-19,7150.2442,1.3109663e+11,1.2969956,1900,18334567
2020-04-20,6853.2734,1.256656e+11,1.2439721,2012.5,18336580
2020-04-21,6870.4237,1.2599287e+11,1.2473842,1862.5,18338442
2020-04-22,7123.6569,1.3064844e+11,1.2930152,1637.5,18340080
2020-04-23,7488.6052,1.3735491e+11,1.3579823,1775,18341855
2020-04-24,7506.4433,1.3769561e+11,1.3603772,1800,18343655
2020-04-25,7537.7382,1.3828248e+11,1.3657326,1700,18345355
2020-04-26,7684.0685,1.4098012e+11,1.391824,1712.5,18347067
2020-04-27,7777.4915,1.4270787e+11,1.4059262,1762.5,18348830
2020-04-28,7769.8997,1.4258352e+11,1.4041661,1925,18350755
2020-04-29,8761.8372,1.6080221e+11,1.5712491,1812.5,18352567
2020-04-30,8652.411,1.5880856e+11,1.5478367,1687.5,18354255
2020-05-01,8855.5353,1.6255236e+11,1.5814967,1762.5,18356017
2020-05-02,8977.2817,1.6480375e+11,1.601832,1850,18357867
2020-05-03,8896.7956,1.6334488e+11,1.5863979,2100,18359967
2020-05-04,8881.9543,1.6308993e+11,1.5824107,1975,18361942
2020-05-05,8985.8796,1.6501595e+11,1.5995935,1975,18363917
2020-05-06,9266.8131,1.7019283e+11,1.6457481,1925,18365842
2020-05-07,9993.7532,1.8356206e+11,1.7624661,1837.5,18367680
2020-05-08,9859.3236,1.8110978e+11,1.7350493,1712.5,18369392
2020-05-09,9577.3389,1.7594618e+11,1.6852787,1700,18371092
2020-05-10,8715.0333,1.601232e+11,1.5344439,2125,18373217
2020-05-11,8591.6529,1.5787161e+11,1.5142771,1781.25,18374999
2020-05-12,8817.2507,1.6202501e+11,1.5539856,912.5,18375911
2020-05-13,9322.9972,1.713255e+11,1.6402677,743.75,18376655
2020-05-14,9801.2695,1.8012153e+11,1.7214903,712.5,18377367
2020-05-15,9326.8759,1.7141071e+11,1.6377013,781.25,18378149
2020-05-16,9395.4754,1.7267884e+11,1.649235,787.5,18378936
2020-05-17,9682.5325,1.7796082e+11,1.6985505,637.5,18379574
2020-05-18,9726.85,1.7878314e+11,1.7030904,800,18380374
2020-05-19,9754.2015,1.7929288e+11,1.7054522,718.75,18381092
2020-05-20,9515.7026,1.7491585e+11,1.663377,718.75,18381811
2020-05-21,9068.8012,1.6670842e+11,1.5861117,818.75,18382630
2020-05-22,9161.815,1.6842461e+11,1.602314,693.75,18383324
2020-05-23,9183.6621,1.6883306e+11,1.605685,743.75,18384067
2020-05-24,8806.2307,1.6190072e+11,1.5400868,725,18384792
2020-05-25,8909.1926,1.6380062e+11,1.5590304,781.25,18385574
2020-05-26,8835.1373,1.6244591e+11,1.546249,775,18386349
2020-05-27,9169.0574,1.6859339e+11,1.6035904,862.5,18387211
2020-05-28,9568.2619,1.7594148e+11,1.6722278,818.75,18388030
2020-05-29,9432.4133,1.7345098e+11,1.6477085,793.75,18388824
2020-05-30,9691.6805,1.7822805e+11,1.6921543,975,18389799
2020-05-31,9433.9438,1.7349717e+11,1.6470495,937.5,18390736
2020-06-01,10199.135,1.8757814e+11,1.774563,837.5,18391574
2020-06-02,9512.3465,1.7495469e+11,1.6555586,806.25,18392380
2020-06-03,9642.2734,1.7735273e+11,1.6769965,868.75,18393249
2020-06-04,9813.3607,1.8050884e+11,1.7049893,943.75,18394192
2020-06-05,9641.8916,1.773656e+11,1.6749116,1118.75,18395311
2020-06-06,9668.6705,1.7787005e+11,1.6789597,1225,18396536
2020-06-07,9747.5801,1.793314e+11,1.6921051,993.75,18397530
2020-06-08,9769.3424,1.7974166e+11,1.6929366,1012.5,18398542
2020-06-09,9779.4222,1.7993689e+11,1.6935742,1000,18399542
2020-06-10,9888.4442,1.8195298e+11,1.7112859,1025,18400567
2020-06-11,9277.4512,1.7072109e+11,1.6065197,1156.25,18401724
2020-06-12,9456.1615,1.740193e+11,1.6369556,1018.75,18402742
2020-06-13,9461.3338,1.7412383e+11,1.6375614,987.5,18403730
2020-06-14,9342.9556,1.7195516e+11,1.6168736,1062.5,18404792
2020-06-15,9441.3832,1.7377484e+11,1.633269,862.5,18405655
2020-06-16,9520.0919,1.7523245e+11,1.6460273,937.5,18406592
2020-06-17,9448.6936,1.739264e+11,1.6334731,862.5,18407455
2020-06-18,9389.9908,1.7285305e+11,1.6193029,768.75,18408224
2020-06-19,9285.9916,1.7094691e+11,1.601515,893.75,18409117
2020-06-20,9357.2925,1.7226751e+11,1.6134354,856.25,18409974
2020-06-21,9284.7694,1.7094083e+11,1.6005863,912.5,18410886
2020-06-22,9684.6202,1.7831109e+11,1.6679504,893.75,18411780
2020-06-23,9611.726,1.7697847e+11,1.6545386,987.5,18412767
2020-06-24,9292.9435,1.7111688e+11,1.600438,868.75,18413636
2020-06-25,9247.1214,1.7028128e+11,1.5928358,881.25,18414517
2020-06-26,9159.4378,1.6867601e+11,1.5736956,1025,18415542
2020-06-27,9002.1656,1.6578753e+11,1.5467905,862.5,18416405
2020-06-28,9108.0657,1.6774636e+11,1.5648643,937.5,18417342
2020-06-29,9184.2474,1.6915775e+11,1.5775246,906.25,18418249
2020-06-30,9143.9676,1.6842427e+11,1.5699004,918.75,18419167
2020-07-01,9241.3396,1.7022714e+11,1.5861884,1012.5,18420180
2020-07-02,9094.3873,1.6752957e+11,1.5610658,1025,18421205
2020-07-03,9066.6907,1.670286e+11,1.5561961,1018.75,18422224
2020-07-04,9126.2196,1.6813421e+11,1.5662084,981.25,18423205
2020-07-05,9079.614,1.6728484e+11,1.5581513,1018.75,18424224
2020-07-06,9338.9426,1.7207175e+11,1.6018371,962.5,18425186
2020-07-07,9252.1587,1.7048206e+11,1.5866776,1006.25,18426192
2020-07-08,9434.568,1.7385207e+11,1.615613,943.75,18427136
2020-07-09,9231.5023,1.7011961e+11,1.5805089,1025,18428161
2020-07-10,9285.221,1.7111889e+11,1.5894071,1006.25,18429167
2020-07-11,9237.171,1.7024238e+11,1.5810428,975,18430142
2020-07-12,9289.098,1.7120822e+11,1.5896958,950,18431092
2020-07-13,9236.6225,1.7024953e+11,1.5805788,918.75,18432011
2020-07-14,9260.357,1.7069534e+11,1.5838186,900,18432911
2020-07-15,9196.7256,1.6953036e+11,1.5723411,862.5,18433774
2020-07-16,9132.5923,1.683559e+11,1.5613079,850,18434624
2020-07-17,9156.4687,1.6880281e+11,1.5653663,737.5,18435361
2020-07-18,9175.9053,1.6916858e+11,1.5685407,812.5,18436174
2020-07-19,9218.8423,1.6996772e+11,1.5754486,818.75,18436992
2020-07-20,9167.1906,1.690235e+11,1.5665672,881.25,18437874
2020-07-21,9388.5743,1.7311268e+11,1.6036542,781.25,18438655
2020-07-22,9531.2574,1.7575214e+11,1.6267058,900,18439555
2020-07-23,9609.1667,1.7719692e+11,1.6387837,850,18440405
2020-07-24,9548.1007,1.7608045e+11,1.6277104,1006.25,18441411
2020-07-25,9702.4528,1.7893553e+11,1.6530963,887.5,18442298
2020-07-26,9933.9066,1.8321388e+11,1.6912536,987.5,18443286
2020-07-27,11046.508,2.037442e+11,1.8722294,931.25,18444217
2020-07-28,10944.613,2.0187474e+11,1.8495005,906.25,18445123
2020-07-29,11115.771,2.0504205e+11,1.8748493,925,18446048
2020-07-30,11135.391,2.0541335e+11,1.8747551,843.75,18446892
2020-07-31,11338.197,2.0916535e+11,1.9051763,956.25,18447848
2020-08-01,11797.582,2.1765011e+11,1.9790867,856.25,18448705
2020-08-02,11094.021,2.0468009e+11,1.8599879,881.25,18449586
2020-08-03,11236.096,2.0731269e+11,1.8777234,1012.5,18450598
2020-08-04,11202.652,2.0670578e+11,1.8703865,906.25,18451505
2020-08-05,11721.438,2.1628763e+11,1.9512691,806.25,18452311
2020-08-06,11769.309,2.1718243e+11,1.9515536,975,18453286
2020-08-07,11598.969,2.1405011e+11,1.9176478,950,18454236
2020-08-08,11743.009,2.1671867e+11,1.9374292,887.5,18455123
2020-08-09,11680.517,2.1557678e+11,1.9247074,975,18456098
2020-08-10,11870.37,2.1909087e+11,1.9532063,856.25,18456955
2020-08-11,11392.644,2.1028448e+11,1.8719479,962.5,18457917
2020-08-12,11575.512,2.1367121e+11,1.8998291,981.25,18458898
2020-08-13,11773.448,2.173357e+11,1.9292429,918.75,18459817
2020-08-14,11774.408,2.1736571e+11,1.9265623,1043.75,18460861
2020-08-15,11866.91,2.1908495e+11,1.9398971,975,18461836
2020-08-16,11899.643,2.1970056e+11,1.9436615,950,18462786
2020-08-17,12315.762,2.2739291e+11,2.0043788,781.25,18463567
2020-08-18,11992.696,2.2143844e+11,1.950136,875,18464442
2020-08-19,11736.849,2.1672449e+11,1.9075114,862.5,18465305
2020-08-20,11867.52,2.1914821e+11,1.9266649,912.5,18466217
2020-08-21,11524.699,2.1282876e+11,1.8696564,968.75,18467186
2020-08-22,11682.289,2.1574894e+11,1.8943344,850,18468036
2020-08-23,11665.609,2.1545234e+11,1.8909576,981.25,18469017
2020-08-24,11771.408,2.174173e+11,1.9060329,931.25,18469948
2020-08-25,11358.454,2.0979915e+11,1.8385382,800,18470748
2020-08-26,11472.049,2.1190751e+11,1.8556766,887.5,18471636
2020-08-27,11314.674,2.0900966e+11,1.8296046,806.25,18472442
2020-08-28,11527.883,2.129599e+11,1.8618663,1018.75,18473461
2020-08-29,11490.762,2.1228463e+11,1.8556335,912.5,18474373
2020-08-30,11698.976,2.1614053e+11,1.8876245,793.75,18475167
2020-08-31,11678.348,2.1577038e+11,1.8818773,937.5,18476105
2020-09-01,11970.365,2.2117724e+11,1.9247135,962.5,18477067
2020-09-02,11414.521,2.1091714e+11,1.8347877,900,18477967
2020-09-03,10261.494,1.8961983e+11,1.652129,806.25,18478773
2020-09-04,10471.966,1.9351793e+11,1.6856093,843.75,18479617
2020-09-05,10128.644,1.8718238e+11,1.6313155,881.25,18480498
2020-09-06,10253.3,1.894957e+11,1.6514012,937.5,18481436
2020-09-07,10367.878,1.9162462e+11,1.6700553,1093.75,18482530
2020-09-08,10108.635,1.8684295e+11,1.6289423,968.75,18483498
2020-09-09,10223.111,1.8896838e+11,1.6475774,931.25,18484430
2020-09-10,10334.631,1.9103996e+11,1.6653106,987.5,18485417
2020-09-11,10387.021,1.9201737e+11,1.6738136,862.5,18486280
2020-09-12,10436.978,1.9295198e+11,1.6819008,1062.5,18487342
2020-09-13,10322.524,1.9084648e+11,1.6634175,1012.5,18488355
2020-09-14,10662.72,1.9714788e+11,1.7173568,1100,18489455
2020-09-15,10779.381,1.9931539e+11,1.7348274,975,18490430
2020-09-16,10968.321,2.0281958e+11,1.7629226,968.75,18491398
2020-09-17,10936.293,2.0223951e+11,1.7566771,1112.5,18492511
2020-09-18,10920.113,2.0195157e+11,1.7526952,1031.25,18493542
2020-09-19,11073.78,2.0480372e+11,1.7757369,931.25,18494473
2020-09-20,10921.218,2.0199187e+11,1.7506603,887.5,18495361
2020-09-21,10455.38,1.933855e+11,1.6769082,906.25,18496267
2020-09-22,10519.839,1.9458624e+11,1.6856867,806.25,18497073
2020-09-23,10233.3,1.8929518e+11,1.6406282,887.5,18497961
2020-09-24,10739.043,1.9865959e+11,1.7205347,856.25,18498817
2020-09-25,10683.631,1.9764581e+11,1.7106658,1056.25,18499873
2020-09-26,10742.03,1.9873627e+11,1.7193564,937.5,18500811
2020-09-27,10758.824,1.9905719e+11,1.7216752,950,18501761
2020-09-28,10727.375,1.9848398e+11,1.71622,806.25,18502567
2020-09-29,10841.143,2.0059853e+11,1.7314035,881.25,18503448
2020-09-30,10772.352,1.9933616e+11,1.7199523,975,18504423
2020-10-01,10606.617,1.9627756e+11,1.6935678,775,18505198
2020-10-02,10570.106,1.9561089e+11,1.6874863,850,18506048
2020-10-03,10555.705,1.9535436e+11,1.6850633,943.75,18506992
2020-10-04,10665.619,1.9739905e+11,1.7021695,987.5,18507980
2020-10-05,10772.636,1.9938915e+11,1.7183515,875,18508855
2020-10-06,10596.374,1.9613535e+11,1.6901231,812.5,18509667
2020-10-07,10667.194,1.9745628e+11,1.7003993,943.75,18510611
2020-10-08,10902.529,2.0182352e+11,1.736381,1012.5,18511623
2020-10-09,11074.104,2.0500945e+11,1.7617982,887.5,18512510
2020-10-10,11302.854,2.092543e+11,1.7970004,893.75,18513403
2020-10-11,11378.263,2.1066029e+11,1.8077034,875,18514276
2020-10-12,11548.402,2.1382103e+11,1.8328491,931.25,18515205
2020-10-13,11434.969,2.1173265e+11,1.8134838,1037.5,18516242
2020-10-14,11417.108,2.1141257e+11,1.8088017,931.25,18517173
2020-10-15,11502.581,2.1300615e+11,1.8205046,943.75,18518117
2020-10-16,11338.987,2.0998768e+11,1.7940757,968.75,18519086
2020-10-17,11362.802,2.1043986e+11,1.7973264,981.25,18520067
2020-10-18,11489.623,2.127972e+11,1.8166568,750,18520817
2020-10-19,11745.812,2.1755121e+11,1.8516649,781.25,18521598
2020-10-20,11929.457,2.2096335e+11,1.8769987,900,18522498
2020-10-21,12848.491,2.3799659e+11,2.013415,812.5,18523311
2020-10-22,12997.499,2.4076785e+11,2.0201868,856.25,18524167
2020-10-23,12953.43,2.3996208e+11,2.0084986,818.75,18524984
2020-10-24,13113.867,2.4294663e+11,2.0290277,950,18525934
2020-10-25,13041.641,2.4161812e+11,2.0156883,731.25,18526665
2020-10-26,13080.656,2.4234993e+11,2.0195416,687.5,18527353
2020-10-27,13675.524,2.5337972e+11,2.1037004,618.75,18527971
2020-10-28,13290.329,2.4625114e+11,2.0404932,625,18528596
2020-10-29,13475.217,2.4968596e+11,2.0635707,675,18529271
2020-10-30,13603.296,2.520686e+11,2.0801745,693.75,18529965
2020-10-31,13807.234,2.5585731e+11,2.1074763,706.25,18530671
2020-11-01,13736.899,2.545647e+11,2.0931677,781.25,18531453
2020-11-02,13595.565,2.5195364e+11,2.0658607,593.75,18532046
2020-11-03,13996.915,2.5940373e+11,2.0949753,875,18532921
2020-11-04,14129.148,2.6186843e+11,2.1082343,993.75,18533915
2020-11-05,15606.467,2.8926327e+11,2.3074927,918.75,18534834
2020-11-06,15618.972,2.8951e+11,2.2991917,956.25,18535790
2020-11-07,14866.356,2.7557323e+11,2.1871147,912.5,18536703
2020-11-08,15500.001,2.8733227e+11,2.2697645,862.5,18537565
2020-11-09,15319.82,2.8400988e+11,2.2375168,1156.25,18538721
2020-11-10,15319.276,2.8401386e+11,2.2322869,918.75,18539640
2020-11-11,15731.241,2.91666e+11,2.2856328,918.75,18540559
2020-11-12,16289.815,3.0203856e+11,2.3564301,1000,18541559
2020-11-13,16330.063,3.0279901e+11,2.3545529,868.75,18542428
2020-11-14,16102.01,2.9858465e+11,2.3178668,887.5,18543315
2020-11-15,15986.755,2.9646242e+11,2.2988305,937.5,18544253
2020-11-16,16743.054,3.1050417e+11,2.3997961,1000,18545253
2020-11-17,17682.169,3.2793765e+11,2.5173862,981.25,18546234
2020-11-18,17804.69,3.3022875e+11,2.5102326,1056.25,18547290
2020-11-19,17818.669,3.3050328e+11,2.5044304,856.25,18548146
2020-11-20,18663.782,3.4619816e+11,2.5961274,1050,18549196
2020-11-21,18706.589,3.4701196e+11,2.5899874,1056.25,18550253
2020-11-22,18482.693,3.4287872e+11,2.5537772,1087.5,18551340
2020-11-23,18373.258,3.4086544e+11,2.5277597,918.75,18552259
2020-11-24,19150.251,3.5529669e+11,2.6177456,850,18553109
2020-11-25,18748.394,3.4785915e+11,2.5554781,968.75,18554078
2020-11-26,17113.717,3.1754528e+11,2.3268693,937.5,18555015
2020-11-27,17101.603,3.1733696e+11,2.3195398,962.5,18555978
2020-11-28,17745.377,3.2929991e+11,2.403131,962.5,18556940
2020-11-29,18190.867,3.3758388e+11,2.4585313,937.5,18557878
2020-11-30,19664.408,3.6494356e+11,2.6372187,706.25,18558584
2020-12-01,18820.608,3.4930171e+11,2.5129066,950,18559534
2020-12-02,19214.872,3.5663481e+11,2.5519771,818.75,18560353
2020-12-03,19470.311,3.6139495e+11,2.5749593,981.25,18561334
2020-12-04,18732.967,3.4772572e+11,2.4723012,900,18562234
2020-12-05,19114.633,3.548275e+11,2.5190974,900,18563134
2020-12-06,19356.314,3.593303e+11,2.5472298,850,18563984
2020-12-07,19182.177,3.5611561e+11,2.5174869,937.5,18564921
2020-12-08,18340.978,3.4051533e+11,2.4034129,900,18565821
2020-12-09,18574.697,3.4487064e+11,2.4223607,868.75,18566690
2020-12-10,18294.847,3.3968962e+11,2.3823543,812.5,18567503
2020-12-11,18061.76,3.3537736e+11,2.348037,862.5,18568365
2020-12-12,18813.284,3.4934744e+11,2.438335,825,18569190
2020-12-13,19156.083,3.5573162e+11,2.4641164,975,18570165
2020-12-14,19286.751,3.5817564e+11,2.4742366,906.25,18571071
2020-12-15,19432.588,3.6090099e+11,2.4840719,875,18571946
2020-12-16,21370.72,3.9691497e+11,2.7039511,893.75,18572840
2020-12-17,22789.267,4.232798e+11,2.8389801,806.25,18573646
2020-12-18,23048.765,4.2812222e+11,2.8222179,981.25,18574628
2020-12-19,23856.774,4.4315424e+11,2.9068772,987.5,18575615
2020-12-20,23528.551,4.3707951e+11,2.8508325,943.75,18576559
2020-12-21,22937.418,4.261178e+11,2.7669089,850,18577409
2020-12-22,23756.889,4.4136267e+11,2.8315138,893.75,18578303
2020-12-23,23307.271,4.3303197e+11,2.7518007,962.5,18579265
2020-12-24,23707.633,4.4048907e+11,2.7732047,787.5,18580053
2020-12-25,24669.164,4.5837658e+11,2.8774213,900,18580953
2020-12-26,26478.068,4.920104e+11,3.067328,856.25,18581809
2020-12-27,26430.857,4.9115758e+11,3.0338697,925,18582734
2020-12-28,27039.349,5.0249207e+11,3.0333612,1000,18583734
2020-12-29,27231.203,5.0608331e+11,3.006909,950,18584684
2020-12-30,28844.614,5.3609904e+11,3.1484876,1075,18585759
2020-12-31,29022.671,5.3943849e+11,3.1409964,1037.5,18586796
2021-01-01,29380.694,5.4612033e+11,3.1459228,931.25,18587728
2021-01-02,32022.681,5.952591e+11,3.3618383,943.75,18588671
2021-01-03,33277.835,6.1862361e+11,3.4336047,987.5,18589659
2021-01-04,31802.147,5.9122545e+11,3.2392637,1081.25,18590740
2021-01-05,34013.174,6.3236346e+11,3.4078157,981.25,18591721
2021-01-06,36643.278,6.8130215e+11,3.6009571,1106.25,18592828
2021-01-07,39215.651,7.2917102e+11,3.7420471,1050,18593878
2021-01-08,40775.405,7.582106e+11,3.7886387,925,18594803
2021-01-09,40370.682,7.5071994e+11,3.6883279,868.75,18595671
2021-01-10,38329.34,7.1279791e+11,3.4761524,993.75,18596665
2021-01-11,35269.514,6.5592929e+11,3.1772325,962.5,18597628
2021-01-12,33712.469,6.2700312e+11,3.0245792,925,18598553
2021-01-13,37296.548,6.9369724e+11,3.3189327,950,18599503
2021-01-14,39045.518,7.262631e+11,3.4396857,918.75,18600421
2021-01-15,36710.317,6.8286294e+11,3.2169186,968.75,18601390
2021-01-16,36177.261,6.7298059e+11,3.1600281,918.75,18602309
2021-01-17,36069.939,6.7101414e+11,3.1420898,831.25,18603140
2021-01-18,36594.296,6.8080199e+11,3.1678973,906.25,18604046
2021-01-19,36250.146,6.7443316e+11,3.1277991,931.25,18604978
2021-01-20,35515.48,6.6079601e+11,3.0564083,881.25,18605859
2021-01-21,31022.951,5.7723366e+11,2.6719997,806.25,18606665
2021-01-22,32986.436,6.1379664e+11,2.8357065,881.25,18607546
2021-01-23,32036.282,5.9614785e+11,2.7508042,975,18608521
2021-01-24,32216.104,5.9952206e+11,2.7637703,868.75,18609390
2021-01-25,32419.706,6.0333933e+11,2.7771917,875,18610265
2021-01-26,32640.639,6.074838e+11,2.7916084,1006.25,18611271
2021-01-27,30358.935,5.6504532e+11,2.584167,887.5,18612159
2021-01-28,33511.288,6.2374778e+11,2.8353715,906.25,18613065
2021-01-29,34166.149,6.3596922e+11,2.8712765,950,18614015
2021-01-30,34349.917,6.3941908e+11,2.878188,850,18614865
2021-01-31,33157.833,6.1725843e+11,2.7701297,900,18615765
2021-02-01,33570.272,6.2496127e+11,2.7984741,743.75,18616509
2021-02-02,35596.149,6.6271006e+11,2.9524774,956.25,18617465
2021-02-03,37578.373,6.9964928e+11,3.1016143,937.5,18618403
2021-02-04,37129.203,6.9132358e+11,3.046232,1000,18619403
2021-02-05,38045.414,7.0842306e+11,3.0942867,1056.25,18620459
2021-02-06,39341.727,7.326001e+11,3.1842879,993.75,18621453
2021-02-07,39003.012,7.2633077e+11,3.1412002,975,18622428
2021-02-08,46121.934,8.5894907e+11,3.657417,1012.5,18623440
2021-02-09,46548.162,8.6692851e+11,3.6185502,893.75,18624334
2021-02-10,45078.128,8.395904e+11,3.4668338,893.75,18625228
2021-02-11,47892.841,8.9205367e+11,3.6458517,806.25,18626034
2021-02-12,47525.209,8.8524833e+11,3.5797515,887.5,18626921
2021-02-13,47208.625,8.7939754e+11,3.5477367,981.25,18627900
2021-02-14,48829.828,9.0964213e+11,3.6547528,925,18628821
2021-02-15,48110.242,8.9628271e+11,3.5614812,950,18629769
2021-02-16,49140.383,9.1551112e+11,3.6125173,756.25,18630525
2021-02-17,52224.939,9.73023e+11,3.7943254,862.5,18631386
2021-02-18,51650.07,9.6235649e+11,3.7096906,856.25,18632240
2021-02-19,55820.504,1.0401144e+12,3.9098664,956.25,18633196
2021-02-20,55861.821,1.0409352e+12,3.8779697,912.5,18634109
2021-02-21,57500.716,1.0715252e+12,3.9581004,881.25,18634989
2021-02-22,53952.153,1.0054426e+12,3.6869573,831.25,18635821
2021-02-23,48560.489,9.050031e+11,3.2893319,793.75,18636614
2021-02-24,49567.346,9.2381673e+11,3.329944,993.75,18637607
2021-02-25,47568.131,8.8660253e+11,3.1768265,975,18638582
2021-02-26,46231.768,8.6173477e+11,3.0657214,868.75,18639451
2021-02-27,45834.513,8.5437515e+11,3.044789,981.25,18640432
2021-02-28,45359.464,8.4555716e+11,3.0088645,818.75,18641251
2021-03-01,49634.447,9.2528852e+11,3.269931,812.5,18642064
2021-03-02,48304.705,9.0054257e+11,3.170615,893.75,18642957
2021-03-03,50690.467,9.4506838e+11,3.3135168,950,18643907
2021-03-04,48472.795,9.0376109e+11,3.1619055,800,18644707
2021-03-05,48800.817,9.0992241e+11,3.1710685,931.25,18645639
2021-03-06,48970.524,9.1313323e+11,3.1759298,950,18646589
2021-03-07,51086.468,9.5263497e+11,3.3054996,912.5,18647501
2021-03-08,52088.475,9.7137036e+11,3.3500229,968.75,18648470
2021-03-09,54739.135,1.020849e+12,3.4985556,875,18649345
2021-03-10,56116.041,1.0465797e+12,3.5629333,931.25,18650276
2021-03-11,57847.255,1.078915e+12,3.6317704,825,18651101
2021-03-12,57334.642,1.0694079e+12,3.5705864,937.5,18652039
2021-03-13,61288.794,1.1432157e+12,3.7895763,893.75,18652932
2021-03-14,59905.618,1.1174742e+12,3.6848406,981.25,18653914
2021-03-15,56121.122,1.0469305e+12,3.4373575,925,18654839
2021-03-16,56500.446,1.0540593e+12,3.4423132,931.25,18655770
2021-03-17,58683.066,1.0948277e+12,3.5538388,850,18656620
2021-03-18,57731.48,1.0771291e+12,3.4865166,950,18657570
2021-03-19,58168.122,1.0853296e+12,3.5034188,925,18658495
2021-03-20,58247.885,1.0868739e+12,3.497319,962.5,18659457
2021-03-21,57447.933,1.0720033e+12,3.440164,975,18660432
2021-03-22,54453.137,1.0161705e+12,3.2509233,943.75,18661376
2021-03-23,54563.612,1.018287e+12,3.236143,1006.25,18662382
2021-03-24,52595.411,9.8160564e+11,3.1104189,950,18663332
2021-03-25,51547.125,9.6209074e+11,3.0361221,962.5,18664295
2021-03-26,54817.857,1.0231832e+12,3.2088308,850,18665145
2021-03-27,56019.837,1.045674e+12,3.2689708,993.75,18666139
2021-03-28,55713.038,1.0400027e+12,3.2447299,993.75,18667132
2021-03-29,57571.233,1.0747442e+12,3.3379567,943.75,18668076
2021-03-30,58684.548,1.0955812e+12,3.3833006,912.5,18668989
2021-03-31,58792.195,1.0976485e+12,3.375535,981.25,18669970
2021-04-01,58818.977,1.0982018e+12,3.3559836,906.25,18670876
2021-04-02,59031.534,1.1022221e+12,3.3541304,875,18671751
2021-04-03,57282.39,1.0696094e+12,3.2518751,818.75,18672570
2021-04-04,58202.199,1.0868377e+12,3.2983013,912.5,18673482
2021-04-05,58755.853,1.0972337e+12,3.320234,975,18674457
2021-04-06,58084.066,1.0847407e+12,3.2291432,900,18675357
2021-04-07,56266.835,1.0508585e+12,3.1221409,981.25,18676339
2021-04-08,57963.345,1.0825916e+12,3.2057806,837.5,18677176
2021-04-09,58051.763,1.0842981e+12,3.2035761,950,18678126
2021-04-10,59651.559,1.1142379e+12,3.275651,981.25,18679107
2021-04-11,59932.931,1.119548e+12,3.283537,906.25,18680014
2021-04-12,59905.936,1.1190976e+12,3.2675986,900,18680914
2021-04-13,63445.638,1.1852788e+12,3.4345308,887.5,18681801
2021-04-14,62869.496,1.1745684e+12,3.376224,843.75,18682645
2021-04-15,63231.163,1.1813933e+12,3.3741988,1075,18683720
2021-04-16,61571.11,1.150417e+12,3.2766492,643.75,18684363
2021-04-17,60280.876,1.1263441e+12,3.1996274,568.75,18684932
2021-04-18,56389.558,1.0536788e+12,2.9598419,775,18685707
2021-04-19,55798.137,1.0426615e+12,2.9257546,606.25,18686313
2021-04-20,56474.374,1.055343e+12,2.9553294,800,18687113
2021-04-21,54025.8,1.0096203e+12,2.8265359,631.25,18687745
2021-04-22,51882.06,9.6960505e+11,2.7096071,893.75,18688638
2021-04-23,50954.91,9.5232087e+11,2.6591576,843.75,18689482
2021-04-24,50279.948,9.3975174e+11,2.6191145,906.25,18690388
2021-04-25,48946.941,9.1488045e+11,2.5498887,881.25,18691269
2021-04-26,53943.35,1.0083081e+12,2.7994779,712.5,18691982
2021-04-27,55027.031,1.0286131e+12,2.8425593,887.5,18692869
2021-04-28,54787.379,1.0241819e+12,2.8252045,887.5,18693757
2021-04-29,53567.081,1.0014108e+12,2.7528985,762.5,18694519
2021-04-30,57741.444,1.0795009e+12,2.9509244,906.25,18695425
2021-05-01,57863.59,1.0818347e+12,2.9523281,868.75,18696294
2021-05-02,56572.597,1.0577633e+12,2.8824778,1156.25,18697450
2021-05-03,57243.042,1.0703623e+12,2.9091869,1106.25,18698557
2021-05-04,53724.109,1.0046241e+12,2.7267631,1131.25,18699688
2021-05-05,57342.026,1.0723342e+12,2.9006801,981.25,18700669
2021-05-06,56527.353,1.0571594e+12,2.8456444,1062.5,18701732
2021-05-07,57341.068,1.0724389e+12,2.8691151,1075,18702807
2021-05-08,58736.126,1.0985932e+12,2.9338916,1068.75,18703875
2021-05-09,58288.426,1.0902872e+12,2.9047247,1162.5,18705038
2021-05-10,55902.928,1.0457293e+12,2.7820887,1125,18706163
2021-05-11,56612.103,1.0590561e+12,2.8128064,1075,18707238
2021-05-12,50972.355,9.5360676e+11,2.5287102,1075,18708313
2021-05-13,49368.614,9.2365316e+11,2.4489477,1006.25,18709319
2021-05-14,49997.396,9.354591e+11,2.4793402,837.5,18710157
2021-05-15,47047.963,8.8031093e+11,2.333814,768.75,18710925
2021-05-16,46022.504,8.611616e+11,2.2838578,825,18711750
2021-05-17,43492.395,8.1385174e+11,2.1642888,756.25,18712507
2021-05-18,42789.809,8.0073133e+11,2.1317976,625,18713132
2021-05-19,37642.52,7.0443884e+11,1.8889208,781.25,18713913
2021-05-20,40799.402,7.6354501e+11,2.0520564,700,18714613
2021-05-21,37174.331,6.9572877e+11,1.8744877,687.5,18715300
2021-05-22,37643.42,7.045352e+11,1.9016294,725,18716025
2021-05-23,34774.207,6.5086081e+11,1.7589028,743.75,18716769
2021-05-24,38630.409,7.2306686e+11,1.9486793,787.5,18717556
2021-05-25,38269.771,7.1634601e+11,1.9332901,768.75,18718325
2021-05-26,39194.859,7.3369199e+11,1.9788637,762.5,18719088
2021-05-27,38510.857,7.2091627e+11,1.9463617,731.25,18719819
2021-05-28,35596.718,6.6639058e+11,1.8027908,743.75,18720563
2021-05-29,34681.818,6.4928829e+11,1.7581951,725,18721288
2021-05-30,35652.169,6.6748659e+11,1.8057395,900,18722188
2021-05-31,37312.975,6.986134e+11,1.8893904,881.25,18723069
2021-06-01,36661.378,6.8644604e+11,1.8549076,887.5,18723956
2021-06-02,37639.456,7.0479857e+11,1.905099,1037.5,18724994
2021-06-03,39160.15,7.3330955e+11,1.9791401,918.75,18725913
2021-06-04,36884.374,6.9072375e+11,1.8668536,818.75,18726731
2021-06-05,35409.567,6.6313444e+11,1.7937837,818.75,18727550
2021-06-06,35720.604,6.6899289e+11,1.8103893,937.5,18728488
2021-06-07,33724.908,6.3164455e+11,1.7125558,831.25,18729319
2021-06-08,33475.049,6.2699604e+11,1.7042113,931.25,18730250
2021-06-09,37372.989,7.0003486e+11,1.8976602,787.5,18731038
2021-06-10,36826.002,6.8981639e+11,1.8712073,737.5,18731775
2021-06-11,37185.393,6.9657282e+11,1.8886066,656.25,18732431
2021-06-12,35669.171,6.6819973e+11,1.8125407,825,18733256
2021-06-13,38925.419,7.2923197e+11,1.976225,825,18734081
2021-06-14,40455.596,7.5793256e+11,2.0498451,843.75,18734925
2021-06-15,40254.651,7.5420084e+11,2.0379869,818.75,18735744
2021-06-16,38265.544,7.1696284e+11,1.9378901,768.75,18736513
2021-06-17,38018.643,7.1236768e+11,1.9274868,812.5,18737325
2021-06-18,35714.312,6.6921835e+11,1.8124587,775,18738100
2021-06-19,35555.976,6.6627433e+11,1.8050385,643.75,18738744
2021-06-20,35599.942,6.6712155e+11,1.8074597,656.25,18739400
2021-06-21,31715.16,5.9434388e+11,1.6154985,656.25,18740056
2021-06-22,32394.556,6.0709422e+11,1.6514998,568.75,18740625
2021-06-23,33610.497,6.2990293e+11,1.7136982,631.25,18741256
2021-06-24,34658.973,6.4957544e+11,1.7666722,656.25,18741913
2021-06-25,31683.503,5.9383123e+11,1.6309172,687.5,18742600
2021-06-26,31890.676,5.9773193e+11,1.6430339,556.25,18743156
2021-06-27,34506.491,6.4677307e+11,1.7762559,362.5,18743519
2021-06-28,34376.189,6.4434964e+11,1.769776,550,18744069
2021-06-29,35933.778,6.7356542e+11,1.8496759,562.5,18744631
2021-06-30,35065.466,6.5730852e+11,1.8055863,550,18745181
2021-07-01,33505.08,6.2807891e+11,1.7273682,600,18745781
2021-07-02,33782.946,6.3330672e+11,1.7461412,562.5,18746344
2021-07-03,34588.224,6.484302e+11,1.787452,793.75,18747138
2021-07-04,35355.608,6.6284186e+11,1.8265447,718.75,18747856
2021-07-05,33911.754,6.3580066e+11,1.7524922,825,18748681
2021-07-06,34123.982,6.3980994e+11,1.7637857,887.5,18749569
2021-07-07,33931.619,6.362293e+11,1.7537966,768.75,18750338
2021-07-08,32819.66,6.1540821e+11,1.6979896,868.75,18751206
2021-07-09,33914.881,6.359727e+11,1.754049,818.75,18752025
2021-07-10,33610.946,6.3030712e+11,1.738517,1006.25,18753031
2021-07-11,34258.441,6.4247639e+11,1.7717502,781.25,18753813
2021-07-12,33135.236,6.214381e+11,1.7131165,787.5,18754600
2021-07-13,32641.976,6.1221495e+11,1.6888115,850,18755450
2021-07-14,32798.285,6.1518143e+11,1.697935,1062.5,18756513
2021-07-15,31707.69,5.9475105e+11,1.6436492,800,18757313
2021-07-16,31455.718,5.9005422e+11,1.6322145,937.5,18758250
2021-07-17,31547.951,5.9181255e+11,1.6304004,893.75,18759144
2021-07-18,31707.704,5.9483791e+11,1.6392582,900,18760044
2021-07-19,30883.47,5.7940806e+11,1.5977258,1062.5,18761106
2021-07-20,29766.658,5.5847813e+11,1.5406482,762.5,18761869
2021-07-21,32119.657,6.026539e+11,1.6617214,906.25,18762775
2021-07-22,32306.961,6.0619914e+11,1.6704926,956.25,18763731
2021-07-23,33439.596,6.274798e+11,1.7324067,843.75,18764575
2021-07-24,34166.915,6.4116052e+11,1.7696063,962.5,18765538
2021-07-25,35119.937,6.5907809e+11,1.8184849,956.25,18766494
2021-07-26,37444.783,7.0274238e+11,1.9301095,937.5,18767431
2021-07-27,39126.54,7.3434623e+11,2.0017912,1062.5,18768494
2021-07-28,39939.194,7.4963771e+11,2.0338331,981.25,18769475
2021-07-29,40086.164,7.5243635e+11,2.0174073,1000,18770475
2021-07-30,41789.667,7.8445526e+11,2.0991622,1037.5,18771513
2021-07-31,41793.314,7.8456498e+11,2.0981531,987.5,18772500
2021-08-01,39968.969,7.5035594e+11,2.0068385,962.5,18773463
2021-08-02,39304.186,7.379108e+11,1.9729336,893.75,18774356
2021-08-03,38288.825,7.1888849e+11,1.922865,1056.25,18775413
2021-08-04,39773.911,7.468054e+11,1.9956979,850,18776263
2021-08-05,40941.65,7.6877212e+11,2.0522748,1000,18777263
2021-08-06,42790.357,8.035283e+11,2.1408278,993.75,18778256
2021-08-07,44484.901,8.353953e+11,2.2228901,1043.75,18779300
2021-08-08,43972.301,8.2581246e+11,2.1958214,987.5,18780288
2021-08-09,46265.642,8.6892602e+11,2.3036844,950,18781238
2021-08-10,45488.791,8.543827e+11,2.2614885,1031.25,18782269
2021-08-11,45676.326,8.57947e+11,2.268173,918.75,18783188
2021-08-12,44405.748,8.3412341e+11,2.203437,943.75,18784131
2021-08-13,47717.485,8.9637386e+11,2.3625901,887.5,18785019
2021-08-14,47124.205,8.8527738e+11,2.3278095,1025,18786044
2021-08-15,47074.371,8.8439474e+11,2.3239858,1137.5,18787181
2021-08-16,45984.72,8.6396954e+11,2.2681931,1006.25,18788188
2021-08-17,44714.097,8.401449e+11,2.2047089,1075,18789263
2021-08-18,44954.364,8.4469727e+11,2.2136807,843.75,18790106
2021-08-19,46646.862,8.7654438e+11,2.2931297,962.5,18791069
2021-08-20,49240.836,9.2533717e+11,2.4144993,1000,18792069
2021-08-21,49070.241,9.2218348e+11,2.4032614,1062.5,18793131
2021-08-22,49363.316,9.2774188e+11,2.4149966,1025,18794156
2021-08-23,49590.876,9.3207974e+11,2.4200401,1231.25,18795388
2021-08-24,47925.862,9.0083128e+11,2.3379464,962.5,18796350
2021-08-25,49002.317,9.211137e+11,2.3790195,1000,18797350
2021-08-26,47190.345,8.8709649e+11,2.2877868,912.5,18798263
2021-08-27,49048.476,9.2207088e+11,2.3751475,912.5,18799175
2021-08-28,48852.469,9.1842916e+11,2.3639617,881.25,18800056
2021-08-29,48948.348,9.2027942e+11,2.3672779,975,18801031
2021-08-30,47125.769,8.8605281e+11,2.2779611,843.75,18801875
2021-08-31,47219.244,8.8785283e+11,2.2801109,900,18802775
2021-09-01,48688.538,9.1552131e+11,2.3463846,856.25,18803631
2021-09-02,49369.586,9.2837347e+11,2.3750351,931.25,18804563
2021-09-03,49860.534,9.3765165e+11,2.3953904,925,18805488
2021-09-04,49919.578,9.3881035e+11,2.3957723,968.75,18806456
2021-09-05,51747.644,9.7324284e+11,2.4809467,1025,18807481
2021-09-06,52640.588,9.9009347e+11,2.5193138,1075,18808556
2021-09-07,46854.401,8.8130844e+11,2.2457425,956.25,18809513
2021-09-08,46187.976,8.688143e+11,2.2135727,887.5,18810400
2021-09-09,46448.775,8.7375981e+11,2.2220943,856.25,18811256
2021-09-10,44765.276,8.4212912e+11,2.1424543,850,18812106
2021-09-11,45098.592,8.4844122e+11,2.1578083,925,18813031
2021-09-12,46180.612,8.6883974e+11,2.208217,918.75,18813950
2021-09-13,44991.522,8.4651296e+11,2.1518635,993.75,18814944
2021-09-14,47022.618,8.8477728e+11,2.2451753,1050,18815994
2021-09-15,48167.189,9.0635628e+11,2.2937612,887.5,18816881
2021-09-16,47797.328,8.9943728e+11,2.2739819,850,18817731
2021-09-17,47213.794,8.8849987e+11,2.2449495,918.75,18818650
2021-09-18,48204.014,9.0718116e+11,2.2904267,968.75,18819619
2021-09-19,47218.474,8.886809e+11,2.2429417,1000,18820619
2021-09-20,42855.51,8.0661115e+11,2.0405863,1025,18821644
2021-09-21,40526.489,7.628063e+11,1.9332332,768.75,18822413
2021-09-22,43577.572,8.2027154e+11,2.0759445,837.5,18823250
2021-09-23,44861.298,8.4448169e+11,2.1353089,1031.25,18824281
2021-09-24,42803.308,8.057811e+11,2.0389398,925,18825206
2021-09-25,42735.266,8.0453866e+11,2.0356665,900,18826106
2021-09-26,43131.294,8.120318e+11,2.0405295,868.75,18826975
2021-09-27,42496.785,8.0012708e+11,2.0104256,968.75,18827944
2021-09-28,41223.786,7.7619829e+11,1.951689,950,18828894
2021-09-29,41453.947,7.8056565e+11,1.9626654,812.5,18829706
2021-09-30,43781.546,8.2444044e+11,2.0698643,1068.75,18830775
2021-10-01,48078.132,9.0539055e+11,2.2656563,875,18831650
2021-10-02,47792.439,9.0006665e+11,2.248711,1175,18832825
2021-10-03,48202.623,9.0783675e+11,2.2663977,937.5,18833763
2021-10-04,49288.501,9.2833599e+11,2.3128426,975,18834738
2021-10-05,51558.049,9.7113517e+11,2.4118451,1025,18835763
2021-10-06,55419.8,1.0439196e+12,2.5729443,818.75,18836581
2021-10-07,53805.157,1.0135526e+12,2.4900267,881.25,18837463
2021-10-08,53933.528,1.0160113e+12,2.4920008,750,18838213
2021-10-09,55010.922,1.036359e+12,2.5382386,937.5,18839150
2021-10-10,54701.28,1.03058e+12,2.5201237,993.75,18840144
2021-10-11,57289.186,1.0793888e+12,2.6315586,912.5,18841056
2021-10-12,56196.181,1.0588425e+12,2.5744187,837.5,18841894
2021-10-13,57348.893,1.0806223e+12,2.6200983,1056.25,18842950
2021-10-14,57384.037,1.0813337e+12,2.6139224,856.25,18843806
2021-10-15,61446.084,1.1579323e+12,2.7837865,881.25,18844688
2021-10-16,60932.063,1.1482963e+12,2.7550618,831.25,18845519
2021-10-17,61462.222,1.1583489e+12,2.7750392,1000,18846519
2021-10-18,61977.058,1.1681091e+12,2.7782765,925,18847444
2021-10-19,64290.898,1.2117814e+12,2.8684385,968.75,18848413
2021-10-20,66061.797,1.2452215e+12,2.9283173,931.25,18849344
2021-10-21,62373.886,1.1757645e+12,2.7565923,925,18850269
2021-10-22,60750.967,1.1452321e+12,2.6830219,987.5,18851256
2021-10-23,61250.083,1.1546965e+12,2.702489,906.25,18852163
2021-10-24,60865.447,1.1475035e+12,2.6790807,956.25,18853119
2021-10-25,63031.673,1.1884153e+12,2.7619454,1137.5,18854256
2021-10-26,60393.98,1.1387402e+12,2.643401,937.5,18855194
2021-10-27,58563.336,1.1042805e+12,2.5637311,981.25,18856175
2021-10-28,60564.572,1.1420741e+12,2.6444756,956.25,18857131
2021-10-29,62230.806,1.173561e+12,2.7092316,1068.75,18858200
2021-10-30,61742.917,1.1644201e+12,2.6854484,968.75,18859169
2021-10-31,61432.97,1.1586281e+12,2.6600313,868.75,18860038
2021-11-01,61092.095,1.1522557e+12,2.6393135,925,18860963
2021-11-02,63024.747,1.1887696e+12,2.7056468,987.5,18861950
2021-11-03,62955.982,1.1875359e+12,2.6926677,1006.25,18862956
2021-11-04,61393.89,1.1581251e+12,2.6244359,893.75,18863850
2021-11-05,61005.841,1.1508641e+12,2.6017706,968.75,18864819
2021-11-06,61455.054,1.1593976e+12,2.6174916,962.5,18865781
2021-11-07,63043.829,1.1894314e+12,2.6823046,956.25,18866738
2021-11-08,67541.756,1.2743496e+12,2.8546496,843.75,18867581
2021-11-09,67095.586,1.2659952e+12,2.8253488,950,18868531
2021-11-10,64756.078,1.2219124e+12,2.7210546,931.25,18869463
2021-11-11,64962.931,1.2258797e+12,2.7232364,987.5,18870450
2021-11-12,64078.968,1.2092558e+12,2.6502425,887.5,18871338
2021-11-13,64397.791,1.215334e+12,2.661046,956.25,18872294
2021-11-14,65032.226,1.2273711e+12,2.6848801,981.25,18873275
2021-11-15,63753.503,1.2032976e+12,2.6260684,943.75,18874219
2021-11-16,60322.498,1.1385966e+12,2.4811737,937.5,18875156
2021-11-17,60154.308,1.135478e+12,2.4706579,931.25,18876088
2021-11-18,56794.156,1.0721026e+12,2.3376404,900,18876988
2021-11-19,58014.073,1.0951806e+12,2.386217,856.25,18877844
2021-11-20,59749.474,1.1279954e+12,2.4550178,906.25,18878750
2021-11-21,59032.624,1.1145109e+12,2.4248799,825,18879575
2021-11-22,56383.566,1.0645475e+12,2.3190188,881.25,18880456
2021-11-23,57642.266,1.0883598e+12,2.3687658,825,18881281
2021-11-24,57141.83,1.078967e+12,2.346843,981.25,18882263
2021-11-25,59008.655,1.1142649e+12,2.4049232,812.5,18883075
2021-11-26,53800.618,1.0159655e+12,2.198436,825,18883900
2021-11-27,54635.882,1.0317874e+12,2.2327297,893.75,18884794
2021-11-28,57248.57,1.0811772e+12,2.336712,868.75,18885663
2021-11-29,57920.711,1.0939228e+12,2.3594391,893.75,18886556
2021-11-30,57097.013,1.0784138e+12,2.3245787,837.5,18887394
2021-12-01,57180.61,1.0800417e+12,2.3242862,856.25,18888250
2021-12-02,56582.894,1.0688067e+12,2.3001966,968.75,18889219
2021-12-03,53671.616,1.0138713e+12,2.1849915,1050,18890269
2021-12-04,49159.736,9.2868825e+11,2.009167,968.75,18891238
2021-12-05,49327.094,9.3190102e+11,2.0168183,1037.5,18892275
2021-12-06,50535.425,9.5478348e+11,2.0675375,1075,18893350
2021-12-07,50574.473,9.555699e+11,2.0643772,962.5,18894313
2021-12-08,50500.654,9.5422817e+11,2.0617187,1050,18895363
2021-12-09,47937.823,9.0585138e+11,1.9605466,1018.75,18896381
2021-12-10,47437.229,8.9643822e+11,1.9413737,975,18897356
2021-12-11,49321.769,9.320976e+11,2.0169106,943.75,18898300
2021-12-12,50136.572,9.4753986e+11,2.0497512,875,18899175
2021-12-13,46785.328,8.8424533e+11,1.9152999,881.25,18900056
2021-12-14,48292.682,9.1277908e+11,1.9748775,925,18900981
2021-12-15,48830.622,9.2298971e+11,1.995927,881.25,18901863
2021-12-16,47663.469,9.009626e+11,1.9487197,718.75,18902581
2021-12-17,46334.484,8.7588449e+11,1.8965269,931.25,18903513
2021-12-18,46904.874,8.8670439e+11,1.9195259,800,18904313
2021-12-19,46876.427,8.8621028e+11,1.9182492,931.25,18905244
2021-12-20,46954.763,8.8773351e+11,1.9221873,900,18906144
2021-12-21,49082.062,9.2800192e+11,2.0072054,1006.25,18907150
2021-12-22,48692.099,9.2067386e+11,1.9908703,925,18908075
2021-12-23,50712.971,9.5893283e+11,2.0701506,950,18909025
2021-12-24,50783.834,9.6032072e+11,2.0716346,943.75,18909969
2021-12-25,50590.451,9.5671033e+11,2.0640577,918.75,18910888
2021-12-26,50798.307,9.6068361e+11,2.0715423,837.5,18911725
2021-12-27,50796.378,9.6069411e+11,2.0707184,925,18912650
2021-12-28,47673.044,9.0166352e+11,1.9458246,837.5,18913488
2021-12-29,46470.322,8.7895796e+11,1.89846,906.25,18914394
2021-12-30,47102.463,8.9094957e+11,1.9236093,743.75,18915138
2021-12-31,46355.117,8.7685659e+11,1.8933856,931.25,18916069
2022-01-01,47560.009,8.9969954e+11,1.941966,1075,18917144
2022-01-02,47352.558,8.958219e+11,1.9334971,987.5,18918131
2022-01-03,46453.432,8.7885278e+11,1.8975024,875,18919006
2022-01-04,45905.961,8.6853734e+11,1.8768862,918.75,18919925
2022-01-05,43530.944,8.2364301e+11,1.7822772,937.5,18920863
2022-01-06,43144.965,8.1637933e+11,1.7680578,912.5,18921775
2022-01-07,41512.785,7.8553189e+11,1.7045713,875,18922650
2022-01-08,41799.813,7.9100085e+11,1.716993,900,18923550
2022-01-09,41886.499,7.9267816e+11,1.7208207,881.25,18924431
2022-01-10,41816.951,7.9139913e+11,1.7186386,887.5,18925319
2022-01-11,42768.179,8.0944365e+11,1.7580399,987.5,18926306
2022-01-12,43961.027,8.3205804e+11,1.8055971,868.75,18927175
2022-01-13,42626.865,8.0685383e+11,1.7520416,1118.75,18928294
2022-01-14,43102.648,8.1590241e+11,1.7716752,993.75,18929288
2022-01-15,43206.674,8.1791639e+11,1.7757523,1037.5,18930325
2022-01-16,43168.86,8.1724776e+11,1.7740154,1093.75,18931419
2022-01-17,42211.27,7.9916171e+11,1.7363068,1006.25,18932425
2022-01-18,42431.232,8.0336219e+11,1.7459115,850,18933275
2022-01-19,41787.722,7.9122362e+11,1.7219815,1081.25,18934356
2022-01-20,40756.126,7.7173406e+11,1.6815746,1056.25,18935413
2022-01-21,36492.287,6.9102708e+11,1.5147908,837.5,18936250
2022-01-22,34996.391,6.6272972e+11,1.4551659,837.5,18937088
2022-01-23,36271.05,6.8690002e+11,1.508379,881.25,18937969
2022-01-24,36659.725,6.942951e+11,1.5263431,937.5,18938906
2022-01-25,36952.587,6.9987668e+11,1.5388805,950,18939856
2022-01-26,36825.825,6.9750575e+11,1.53466,812.5,18940669
2022-01-27,37021.937,7.0125056e+11,1.5437639,818.75,18941488
2022-01-28,37768.847,7.1543451e+11,1.5765779,962.5,18942450
2022-01-29,38088.291,7.2152102e+11,1.5924851,931.25,18943381
2022-01-30,37983.506,7.195707e+11,1.5894864,912.5,18944294
2022-01-31,38462.672,7.2868254e+11,1.6096901,893.75,18945188
2022-02-01,38787.964,7.3488259e+11,1.6145277,962.5,18946150
2022-02-02,36942.331,6.9995027e+11,1.5391791,956.25,18947106
2022-02-03,37057.652,7.0216932e+11,1.5447713,918.75,18948025
2022-02-04,41079.906,7.7841647e+11,1.7090534,812.5,18948838
2022-02-05,41508.582,7.8657024e+11,1.72616,743.75,18949581
2022-02-06,42358.225,8.0271193e+11,1.7608741,975,18950556
2022-02-07,43888.98,8.3175789e+11,1.8216098,850,18951406
2022-02-08,44167.445,8.370777e+11,1.8315297,962.5,18952369
2022-02-09,44405.073,8.4162018e+11,1.840095,875,18953244
2022-02-10,43614.343,8.2667334e+11,1.8066678,918.75,18954163
2022-02-11,42357.322,8.0288515e+11,1.7542369,887.5,18955050
2022-02-12,42173.459,7.9944917e+11,1.7459506,1168.75,18956215
2022-02-13,42195.595,7.9991044e+11,1.7467046,987.5,18957203
2022-02-14,42646.162,8.0849271e+11,1.7651317,956.25,18958159
2022-02-15,44511.908,8.4391252e+11,1.839747,1093.75,18959253
2022-02-16,44065.709,8.3549588e+11,1.8207602,975,18960228
2022-02-17,40610.024,7.7001515e+11,1.6807502,981.25,18961209
2022-02-18,40044.22,7.593202e+11,1.6583934,837.5,18962042
2022-02-19,40095.887,7.6033725e+11,1.6606328,931.25,18962973
2022-02-20,38551.622,7.3108809e+11,1.5976724,900,18963873
2022-02-21,37098.036,7.0355098e+11,1.5393596,768.75,18964642
2022-02-22,38202.594,7.2453482e+11,1.5852559,950,18965592
2022-02-23,37308.269,7.0760839e+11,1.5485597,937.5,18966530
2022-02-24,38283.79,7.2614223e+11,1.5890058,825,18967355
2022-02-25,39323.77,7.4590083e+11,1.6321205,837.5,18968192
2022-02-26,39056.578,7.4086319e+11,1.6215801,781.25,18968973
2022-02-27,37664.779,7.1449421e+11,1.5647337,850,18969823
2022-02-28,43179.255,8.1914439e+11,1.7858867,962.5,18970786
2022-03-01,44334.458,8.4110439e+11,1.8310882,1012.5,18971798
2022-03-02,43984.585,8.3450407e+11,1.8158561,850,18972648
2022-03-03,42492.774,8.0623978e+11,1.7534877,925,18973573
2022-03-04,39106.405,7.4202222e+11,1.6171606,868.75,18974442
2022-03-05,39383.885,7.4731752e+11,1.6286286,768.75,18975211
2022-03-06,38399.343,7.2866707e+11,1.5882846,818.75,18976030
2022-03-07,38146.734,7.2390885e+11,1.5787545,925,18976955
2022-03-08,38725.477,7.3492745e+11,1.6038383,925,18977880
2022-03-09,41989.403,7.9690605e+11,1.7356541,862.5,18978742
2022-03-10,39482.258,7.4935938e+11,1.6306306,906.25,18979648
2022-03-11,38825.364,7.3692525e+11,1.6052991,862.5,18980511
2022-03-12,38951.13,7.3935033e+11,1.610487,975,18981486
2022-03-13,37808.317,7.1769373e+11,1.563583,943.75,18982430
2022-03-14,39649.045,7.5267313e+11,1.6389236,956.25,18983386
2022-03-15,39356.814,7.4715978e+11,1.6273918,868.75,18984255
2022-03-16,41101.769,7.8032626e+11,1.6973481,968.75,18985223
2022-03-17,40966.417,7.7779729e+11,1.6930804,993.75,18986217
2022-03-18,41826.116,7.9415711e+11,1.7274906,893.75,18987111
2022-03-19,42193.162,8.0116711e+11,1.7420213,968.75,18988080
2022-03-20,41294.724,7.8414725e+11,1.7050718,962.5,18989042
2022-03-21,41064.43,7.7981345e+11,1.6953514,956.25,18989998
2022-03-22,42383.17,8.0489579e+11,1.7481095,931.25,18990930
2022-03-23,42734.2,8.1160092e+11,1.7614288,906.25,18991836
2022-03-24,43974.594,8.3519757e+11,1.8106516,893.75,18992730
2022-03-25,44347.034,8.4231447e+11,1.8168638,975,18993705
2022-03-26,44519.927,8.4564314e+11,1.8234416,1006.25,18994711
2022-03-27,46777.206,8.885578e+11,1.9129289,818.75,18995530
2022-03-28,47223.653,8.9708523e+11,1.9260697,993.75,18996523
2022-03-29,47463.71,9.0169027e+11,1.9318573,943.75,18997467
2022-03-30,47123.297,8.9526305e+11,1.916463,843.75,18998311
2022-03-31,45562.211,8.6564434e+11,1.8542114,862.5,18999173
2022-04-01,46250.336,8.7875892e+11,1.8801796,881.25,19000055
2022-04-02,45939.897,8.7289932e+11,1.8676664,843.75,19000898
2022-04-03,46440.544,8.824524e+11,1.886983,868.75,19001767
2022-04-04,46663.004,8.8672562e+11,1.8945866,987.5,19002755
2022-04-05,45693.035,8.6833495e+11,1.8552189,906.25,19003661
2022-04-06,43304.937,8.2299294e+11,1.7609168,937.5,19004598
2022-04-07,43569.047,8.2804982e+11,1.7718229,862.5,19005461
2022-04-08,42222.069,8.0248524e+11,1.7186997,837.5,19006298
2022-04-09,42680.995,8.1124854e+11,1.7371092,956.25,19007255
2022-04-10,42264.463,8.033684e+11,1.7204981,875,19008130
2022-04-11,39544.025,7.5169182e+11,1.6125327,856.25,19008986
2022-04-12,40096.367,7.6222962e+11,1.63303,956.25,19009942
2022-04-13,41152.755,7.8234751e+11,1.6754482,875,19010817
2022-04-14,39916.496,7.5887964e+11,1.6241002,862.5,19011680
2022-04-15,40527.332,7.7053267e+11,1.6486155,987.5,19012667
2022-04-16,40439.588,7.688983e+11,1.6451987,837.5,19013505
2022-04-17,39704.784,7.5496804e+11,1.6155632,1031.25,19014536
2022-04-18,40818.879,7.7618622e+11,1.6605873,837.5,19015373
2022-04-19,41489.664,7.8897361e+11,1.687159,775,19016148
2022-04-20,41395.645,7.8722712e+11,1.6830566,1000,19017148
2022-04-21,40457.496,7.6942894e+11,1.6421924,1056.25,19018205
2022-04-22,39737.974,7.5577844e+11,1.6144794,843.75,19019048
2022-04-23,39582.455,7.5286095e+11,1.6082601,1018.75,19020067
2022-04-24,39511.646,7.5155638e+11,1.6055088,1068.75,19021136
2022-04-25,40473.748,7.6989765e+11,1.6446016,1012.5,19022148
2022-04-26,38072.801,7.2425978e+11,1.5496271,875,19023023
2022-04-27,39218.538,7.4609683e+11,1.5960956,1062.5,19024086
2022-04-28,39747.989,7.5620196e+11,1.6175078,825,19024911
2022-04-29,38609.506,7.3457861e+11,1.5726351,937.5,19025848
2022-04-30,37714.095,7.1757801e+11,1.5372929,937.5,19026786
2022-05-01,38459.227,7.3179562e+11,1.5673819,1043.75,19027830
2022-05-02,38566.063,7.3386704e+11,1.5739831,1000,19028830
2022-05-03,37704.405,7.1750605e+11,1.5409834,937.5,19029767
2022-05-04,39641.852,7.5441139e+11,1.6187706,912.5,19030680
2022-05-05,36502.025,6.9469415e+11,1.4933505,981.25,19031661
2022-05-06,36043,6.8599013e+11,1.476078,887.5,19032548
2022-05-07,35508.711,6.75853e+11,1.4548667,893.75,19033442
2022-05-08,34058.907,6.4829123e+11,1.3970533,968.75,19034411
2022-05-09,30457.922,5.7977811e+11,1.2574637,968.75,19035380
2022-05-10,30990.735,5.8995005e+11,1.2821999,956.25,19036336
2022-05-11,28796.557,5.4820703e+11,1.1988989,906.25,19037242
2022-05-12,29030.707,5.526891e+11,1.2115745,843.75,19038086
2022-05-13,29285.935,5.5757596e+11,1.2245809,950,19039036
2022-05-14,30051.936,5.7218637e+11,1.2545281,881.25,19039917
2022-05-15,31182.621,5.937383e+11,1.3013712,762.5,19040680
2022-05-16,29889.612,5.6914917e+11,1.2488166,1025,19041705
2022-05-17,30438.194,5.7962307e+11,1.2726353,918.75,19042623
2022-05-18,28771.22,5.4790361e+11,1.2048979,837.5,19043461
2022-05-19,30257.885,5.7623793e+11,1.2682656,762.5,19044223
2022-05-20,29224.246,5.5657645e+11,1.2267853,800,19045023
2022-05-21,29420.078,5.603309e+11,1.2352859,843.75,19045867
2022-05-22,30331.875,5.7771999e+11,1.2733311,762.5,19046630
2022-05-23,29088.252,5.5406224e+11,1.2229387,1000,19047630
2022-05-24,29643.684,5.6466414e+11,1.2464316,750,19048380
2022-05-25,29577.26,5.634255e+11,1.2442373,900,19049280
2022-05-26,29332.486,5.5878858e+11,1.2351009,881.25,19050161
2022-05-27,28612.041,5.4508867e+11,1.2068882,862.5,19051023
2022-05-28,29045.521,5.5337376e+11,1.2251634,925,19051948
2022-05-29,29430.069,5.6072756e+11,1.2412345,931.25,19052880
2022-05-30,31735.955,6.0469188e+11,1.3375573,962.5,19053842
2022-05-31,31831.41,6.065397e+11,1.3403273,912.5,19054755
2022-06-01,29825.922,5.6835098e+11,1.2582038,850,19055605
2022-06-02,30504.268,5.813011e+11,1.2895063,781.25,19056386
2022-06-03,29662.671,5.6528982e+11,1.2552777,893.75,19057280
2022-06-04,29792.408,5.6778813e+11,1.2619626,868.75,19058148
2022-06-05,29915.409,5.7015961e+11,1.2674693,912.5,19059061
2022-06-06,31333.677,5.9721983e+11,1.3279469,937.5,19059998
2022-06-07,31175.032,5.9422763e+11,1.3227409,1012.5,19061011
2022-06-08,30228.465,5.7621873e+11,1.2834187,1112.5,19062123
2022-06-09,30064.486,5.7312037e+11,1.2781933,912.5,19063036
2022-06-10,29070.4,5.5419679e+11,1.237117,918.75,19063955
2022-06-11,28360.79,5.4069611e+11,1.2082491,962.5,19064917
2022-06-12,26830.284,5.1153844e+11,1.1446141,793.75,19065711
2022-06-13,22316.257,4.2549386e+11,0.96238696,831.25,19066542
2022-06-14,22072.866,4.2087338e+11,0.95874942,912.5,19067455
2022-06-15,22520.791,4.2943739e+11,0.98257164,1031.25,19068486
2022-06-16,20310.177,3.8729943e+11,0.89010384,743.75,19069230
2022-06-17,20464.929,3.9026425e+11,0.90044953,675,19069905
2022-06-18,19013.867,3.6261117e+11,0.83976107,975,19070880
2022-06-19,20492.295,3.9082313e+11,0.90512291,831.25,19071711
2022-06-20,20571.629,3.9235314e+11,0.9094139,825,19072536
2022-06-21,20688.465,3.9460089e+11,0.91620126,937.5,19073473
2022-06-22,20003.168,3.8154603e+11,0.88762794,806.25,19074280
2022-06-23,21097.103,4.0243208e+11,0.93639238,950,19075230
2022-06-24,21299.077,4.0630196e+11,0.94626067,806.25,19076036
2022-06-25,21468.343,4.0955115e+11,0.9535418,943.75,19076980
2022-06-26,21066.621,4.0190567e+11,0.93595364,862.5,19077842
2022-06-27,20751.052,3.9590293e+11,0.92317585,850,19078692
2022-06-28,20263.22,3.8661422e+11,0.90242706,912.5,19079605
2022-06-29,20080.948,3.831555e+11,0.89526518,943.75,19080548
2022-06-30,19332.912,3.6890323e+11,0.86501598,1068.75,19081617
2022-07-01,19341.863,3.6909023e+11,0.86681001,837.5,19082455
2022-07-02,19231.832,3.6700714e+11,0.86232203,862.5,19083317
2022-07-03,19276.515,3.6787852e+11,0.86490832,968.75,19084286
2022-07-04,20226.298,3.8602254e+11,0.90744595,893.75,19085180
2022-07-05,20193.343,3.8540847e+11,0.9063881,737.5,19085917
2022-07-06,20560.844,3.9243888e+11,0.92459231,793.75,19086711
2022-07-07,21651.419,4.1327562e+11,0.97364652,981.25,19087692
2022-07-08,21813.787,4.1639503e+11,0.98137495,925,19088617
2022-07-09,21585.132,4.120484e+11,0.97256586,837.5,19089455
2022-07-10,20831.273,3.9767757e+11,0.93893783,956.25,19090411
2022-07-11,19971.329,3.8127624e+11,0.90325715,768.75,19091180
2022-07-12,19339.153,3.6922551e+11,0.87546408,943.75,19092123
2022-07-13,20155.528,3.8482568e+11,0.91248167,687.5,19092811
2022-07-14,20552.899,3.9242854e+11,0.93126748,775,19093586
2022-07-15,20831.723,3.9777078e+11,0.94740473,887.5,19094473
2022-07-16,21196.509,4.0475579e+11,0.96394295,925,19095398
2022-07-17,20827.889,3.9773297e+11,0.94738832,775,19096173
2022-07-18,22305.707,4.2597191e+11,1.0143804,818.75,19096992
2022-07-19,23371.203,4.4633983e+11,1.064016,862.5,19097855
2022-07-20,23280.936,4.4463426e+11,1.0595458,787.5,19098642
2022-07-21,23152.409,4.4219969e+11,1.055572,868.75,19099511
2022-07-22,22706.084,4.3369382e+11,1.0372024,825,19100336
2022-07-23,22484.459,4.2948237e+11,1.027768,962.5,19101298
2022-07-24,22653.357,4.3273076e+11,1.0356931,981.25,19102280
2022-07-25,21510.126,4.1091153e+11,0.98474411,887.5,19103167
2022-07-26,21181.659,4.0465796e+11,0.97049394,1000,19104167
2022-07-27,22898.415,4.3747876e+11,1.0485309,1031.25,19105198
2022-07-28,23838.557,4.5546137e+11,1.0909747,881.25,19106080
2022-07-29,23950.74,4.5762661e+11,1.0961216,912.5,19106992
2022-07-30,23623.435,4.5139183e+11,1.0811969,806.25,19107798
2022-07-31,23356.172,4.4630722e+11,1.0693079,950,19108748
2022-08-01,23331.443,4.458545e+11,1.0680818,850,19109598
2022-08-02,23031.427,4.4014363e+11,1.0548272,968.75,19110567
2022-08-03,22809.747,4.3592788e+11,1.0449766,906.25,19111473
2022-08-04,22628.332,4.3247944e+11,1.0375376,825,19112298
2022-08-05,23248.972,4.4436308e+11,1.0658995,937.5,19113236
2022-08-06,22996.275,4.3955637e+11,1.0543677,1006.25,19114242
2022-08-07,23153.658,4.4258764e+11,1.0615858,993.75,19115236
2022-08-08,23803.651,4.5503382e+11,1.0912089,900,19116136
2022-08-09,23186.292,4.4325303e+11,1.0643227,893.75,19117030
2022-08-10,23923.058,4.5735995e+11,1.0973499,925,19117955
2022-08-11,23934.439,4.5759846e+11,1.0981031,875,19118830
2022-08-12,24396.309,4.6645236e+11,1.1189134,962.5,19119792
2022-08-13,24426.223,4.6704552e+11,1.120303,868.75,19120661
2022-08-14,24314.202,4.6492383e+11,1.1152866,831.25,19121492
2022-08-15,24083.954,4.6054296e+11,1.1051252,906.25,19122398
2022-08-16,23868.819,4.5645115e+11,1.0953363,925,19123323
2022-08-17,23336.349,4.4628736e+11,1.0715757,806.25,19124130
2022-08-18,23221.171,4.4410558e+11,1.0664803,900,19125030
2022-08-19,20906.766,3.9986578e+11,0.96222352,1112.5,19126142
2022-08-20,21146.655,4.0447362e+11,0.97348633,931.25,19127073
2022-08-21,21553.996,4.1228454e+11,0.99226379,912.5,19127986
2022-08-22,21301.084,4.0746614e+11,0.98122539,906.25,19128892
2022-08-23,21534.514,4.1195455e+11,0.99229351,1075,19129967
2022-08-24,21424.973,4.0987858e+11,0.98763731,912.5,19130880
2022-08-25,21587.84,4.1301581e+11,0.99554329,993.75,19131873
2022-08-26,20246.166,3.8736935e+11,0.93452403,1100,19132973
2022-08-27,20043.991,3.8351931e+11,0.92575666,906.25,19133880
2022-08-28,19673.541,3.7645097e+11,0.90875198,1006.25,19134886
2022-08-29,20270.96,3.8790241e+11,0.93630003,981.25,19135867
2022-08-30,19825.463,3.793975e+11,0.9169154,1012.5,19136880
2022-08-31,20024.672,3.83228e+11,0.9265402,912.5,19137792
2022-09-01,20105.463,3.8479151e+11,0.9308191,862.5,19138655
2022-09-02,19948.857,3.8181036e+11,0.92434652,806.25,19139461
2022-09-03,19803.833,3.7905289e+11,0.91778132,918.75,19140380
2022-09-04,19961.912,3.8209953e+11,0.92499651,1050,19141430
2022-09-05,19797.797,3.7897707e+11,0.91768218,956.25,19142386
2022-09-06,18846.151,3.6077701e+11,0.87485854,887.5,19143273
2022-09-07,19292.907,3.69347e+11,0.89597045,912.5,19144186
2022-09-08,19319.125,3.6986425e+11,0.89768643,793.75,19144980
2022-09-09,21363.314,4.0901746e+11,0.99199011,918.75,19145898
2022-09-10,21715.211,4.1578593e+11,1.0082768,981.25,19146880
2022-09-11,21732.771,4.161414e+11,1.0092621,1143.75,19148023
2022-09-12,22365.215,4.2826164e+11,1.0384459,956.25,19148980
2022-09-13,20165.042,3.8615725e+11,0.93937035,856.25,19149836
2022-09-14,20246.366,3.8773066e+11,0.94413428,793.75,19150630
2022-09-15,19696.87,3.7722556e+11,0.91979427,918.75,19151548
2022-09-16,19741.578,3.7809757e+11,0.92217231,800,19152348
2022-09-17,20120.702,3.8538008e+11,0.93999904,1062.5,19153411
2022-09-18,19427.1,3.7211393e+11,0.9079535,962.5,19154373
2022-09-19,19557.977,3.7463668e+11,0.91468411,812.5,19155186
2022-09-20,18872.95,3.6153279e+11,0.88338247,950,19156136
2022-09-21,18506.761,3.5453433e+11,0.86699154,881.25,19157017
2022-09-22,19414.54,3.719402e+11,0.90951059,800,19157817
2022-09-23,19326.865,3.7027685e+11,0.90563544,843.75,19158661
2022-09-24,18924.768,3.6259048e+11,0.88697501,912.5,19159573
2022-09-25,18793.156,3.6008612e+11,0.881057,918.75,19160492
2022-09-26,19201.132,3.6792114e+11,0.90032254,937.5,19161430
2022-09-27,19106.739,3.6612784e+11,0.89656172,806.25,19162236
2022-09-28,19454.937,3.7281834e+11,0.91348755,937.5,19163173
2022-09-29,19540.866,3.7448248e+11,0.91787061,893.75,19164067
2022-09-30,19435.195,3.724779e+11,0.91356154,1056.25,19165123
2022-10-01,19311.862,3.7013606e+11,0.90791267,1131.25,19166255
2022-10-02,19015.293,3.644706e+11,0.89419008,981.25,19167236
2022-10-03,19633.433,3.7633753e+11,0.92330811,962.5,19168198
2022-10-04,20339.971,3.8990133e+11,0.9565685,1018.75,19169217
2022-10-05,20155.1,3.8637953e+11,0.94816337,1093.75,19170311
2022-10-06,19950.548,3.8247803e+11,0.93886661,993.75,19171305
2022-10-07,19539.144,3.7461176e+11,0.91998325,1068.75,19172373
2022-10-08,19416.177,3.7227544e+11,0.91459587,1093.75,19173467
2022-10-09,19428.367,3.7252834e+11,0.91526274,987.5,19174455
2022-10-10,19154.404,3.6729537e+11,0.90277357,1050,19175505
2022-10-11,19039.282,3.6510652e+11,0.89769776,981.25,19176486
2022-10-12,19156.912,3.6737865e+11,0.90419709,856.25,19177342
2022-10-13,19387.834,3.7182445e+11,0.91529959,893.75,19178236
2022-10-14,19177.694,3.6781304e+11,0.90569788,975,19179211
2022-10-15,19069.875,3.6576327e+11,0.90072872,950,19180161
2022-10-16,19261.75,3.694608e+11,0.90991091,900,19181061
2022-10-17,19557.022,3.7514276e+11,0.92467814,937.5,19181998
2022-10-18,19341.408,3.7102401e+11,0.91398574,887.5,19182886
2022-10-19,19132.154,3.6702799e+11,0.90461071,943.75,19183830
2022-10-20,19033.376,3.6515029e+11,0.90024254,906.25,19184736
2022-10-21,19174.876,3.6788363e+11,0.90714336,975,19185711
2022-10-22,19207.629,3.6852833e+11,0.90931807,850,19186561
2022-10-23,19565.412,3.7541193e+11,0.92626163,968.75,19187530
2022-10-24,19341.46,3.7113128e+11,0.9157848,850,19188380
2022-10-25,20094.961,3.8560507e+11,0.95119531,762.5,19189142
2022-10-26,20797.031,3.9909733e+11,0.98393948,968.75,19190111
2022-10-27,20280.175,3.8919592e+11,0.95962451,843.75,19190955
2022-10-28,20604.614,3.9544269e+11,0.97500403,993.75,19191948
2022-10-29,20803.9,3.9928597e+11,0.98443455,893.75,19192842
2022-10-30,20616.703,3.9571053e+11,0.9758321,843.75,19193686
2022-10-31,20490.858,3.9331725e+11,0.97009675,1081.25,19194767
2022-11-01,20483.967,3.932034e+11,0.97004969,900,19195667
2022-11-02,20148.285,3.8677513e+11,0.95449098,762.5,19196430
2022-11-03,20198.111,3.8775232e+11,0.95698602,1025,19197455
2022-11-04,21157.245,4.0618231e+11,1.0009818,806.25,19198261
2022-11-05,21283.472,4.0862573e+11,1.0071113,943.75,19199205
2022-11-06,20946.803,4.0217989e+11,0.99140928,856.25,19200061
2022-11-07,20568.565,3.9493621e+11,0.97608873,900,19200961
2022-11-08,18520.971,3.5563931e+11,0.88074487,1018.75,19201980
2022-11-09,15758.291,3.0260506e+11,0.7539587,931.25,19202911
2022-11-10,17541.56,3.3686514e+11,0.83990371,918.75,19203830
2022-11-11,16916.851,3.2488249e+11,0.81134014,837.5,19204667
2022-11-12,16771.243,3.2210364e+11,0.80637835,1043.75,19205711
2022-11-13,16320.498,3.1345993e+11,0.78527366,806.25,19206517
2022-11-14,16629.478,3.1940715e+11,0.80136174,768.75,19207286
2022-11-15,16855.594,3.2376654e+11,0.81368543,968.75,19208255
2022-11-16,16659.606,3.2001758e+11,0.80608982,937.5,19209192
2022-11-17,16675.179,3.203311e+11,0.81024033,862.5,19210055
2022-11-18,16661.523,3.2008324e+11,0.81850964,868.75,19210923
2022-11-19,16696.004,3.2076099e+11,0.82061037,918.75,19211842
2022-11-20,16246.845,3.1214695e+11,0.79918443,931.25,19212773
2022-11-21,15778.017,3.0315219e+11,0.7775927,806.25,19213580
2022-11-22,16172.889,3.1075183e+11,0.79805211,787.5,19214367
2022-11-23,16574.062,3.1847471e+11,0.81745145,881.25,19215248
2022-11-24,16583.524,3.1866991e+11,0.81837142,806.25,19216055
2022-11-25,16522.389,3.1750783e+11,0.81601128,768.75,19216823
2022-11-26,16448.641,3.1610184e+11,0.81274044,681.25,19217505
2022-11-27,16436.071,3.1587424e+11,0.81233275,850,19218355
2022-11-28,16212.581,3.1159322e+11,0.80234988,868.75,19219223
2022-11-29,16443.037,3.1603586e+11,0.81414781,818.75,19220042
2022-11-30,17176.899,3.3015553e+11,0.85080146,862.5,19220905
2022-12-01,16961.292,3.2602759e+11,0.84052929,956.25,19221861
2022-12-02,17075.109,3.2822871e+11,0.84670016,781.25,19222642
2022-12-03,16899.507,3.2486702e+11,0.83823239,818.75,19223461
2022-12-04,17121.715,3.291536e+11,0.84968362,875,19224336
2022-12-05,16961.352,3.260862e+11,0.844686,912.5,19225248
2022-12-06,17070.516,3.2819931e+11,0.8503842,843.75,19226092
2022-12-07,16848.252,3.2394415e+11,0.83950393,1075,19227167
2022-12-08,17231.456,3.3133008e+11,0.85894588,1043.75,19228211
2022-12-09,17136.149,3.2951377e+11,0.85497859,950,19229161
2022-12-10,17124.215,3.2930076e+11,0.85441545,962.5,19230123
2022-12-11,17094.361,3.2874237e+11,0.85321151,918.75,19231042
2022-12-12,17195.525,3.3070323e+11,0.85853939,893.75,19231936
2022-12-13,17774.917,3.4186439e+11,0.8877293,1031.25,19232967
2022-12-14,17809.724,3.4255031e+11,0.89025435,925,19233892
2022-12-15,17344.054,3.3360874e+11,0.86728278,868.75,19234761
2022-12-16,16606.11,3.1942805e+11,0.83099295,812.5,19235573
2022-12-17,16774.385,3.2267938e+11,0.83965777,862.5,19236436
2022-12-18,16776.116,3.2272788e+11,0.83987577,906.25,19237342
2022-12-19,16424.131,3.1597059e+11,0.82353606,850,19238192
2022-12-20,16901.817,3.2517518e+11,0.84763308,875,19239067
2022-12-21,16800.533,3.2324159e+11,0.84319562,893.75,19239960
2022-12-22,16814.223,3.2351916e+11,0.84419433,843.75,19240804
2022-12-23,16780.517,3.2288448e+11,0.8428866,825,19241629
2022-12-24,16837.612,3.2399245e+11,0.84590101,556.25,19242185
2022-12-25,16824.839,3.237615e+11,0.84570656,881.25,19243067
2022-12-26,16879.938,3.2483538e+11,0.84859101,806.25,19243873
2022-12-27,16698.911,3.2136373e+11,0.83993596,718.75,19244592
2022-12-28,16536.294,3.1825159e+11,0.83299278,1050,19245642
2022-12-29,16630.593,3.2008109e+11,0.83852688,881.25,19246523
2022-12-30,16593.689,3.1938719e+11,0.83696526,987.5,19247510
2022-12-31,16524.218,3.1806616e+11,0.835246,975,19248485
2023-01-01,16606.752,3.1967091e+11,0.83954283,968.75,19249454
2023-01-02,16688.719,3.21265e+11,0.84378009,975,19250429
2023-01-03,16670.077,3.2092218e+11,0.84321125,962.5,19251391
2023-01-04,16848.366,3.2436954e+11,0.85269535,893.75,19252285
2023-01-05,16824.8,3.2393236e+11,0.85181812,981.25,19253266
2023-01-06,16957.862,3.2651331e+11,0.85899853,1125,19254391
2023-01-07,16942.629,3.262363e+11,0.8584465,962.5,19255354
2023-01-08,17059.24,3.2849801e+11,0.86444319,956.25,19256310
2023-01-09,17182.32,3.308844e+11,0.87077767,950,19257260
2023-01-10,17433.915,3.3574784e+11,0.88395164,1056.25,19258316
2023-01-11,17833.711,3.4346362e+11,0.90488615,918.75,19259235
2023-01-12,18869.704,3.6343388e+11,0.9569154,943.75,19260178
2023-01-13,19868.725,3.8269493e+11,1.0067373,993.75,19261172
2023-01-14,21010.923,4.0471745e+11,1.0639232,1068.75,19262241
2023-01-15,20876.009,4.0213997e+11,1.0569453,1018.75,19263260
2023-01-16,21180.412,4.0802323e+11,1.0718867,918.75,19264178
2023-01-17,21178.299,4.0800318e+11,1.0712747,975,19265153
2023-01-18,20709.669,3.9899306e+11,1.0477389,875,19266028
2023-01-19,21071.833,4.0598963e+11,1.0662962,906.25,19266934
2023-01-20,22660.717,4.3662124e+11,1.1454459,825,19267759
2023-01-21,22803.173,4.3938571e+11,1.1521476,862.5,19268622
2023-01-22,22716.277,4.3773279e+11,1.1474159,943.75,19269566
2023-01-23,22929.025,4.4185499e+11,1.1579463,987.5,19270553
2023-01-24,22611.127,4.3574715e+11,1.1416858,806.25,19271359
2023-01-25,23109.085,4.4536875e+11,1.1662385,1093.75,19272453
2023-01-26,23008.689,4.4345618e+11,1.1618207,968.75,19273422
2023-01-27,23070.496,4.4466961e+11,1.1656359,962.5,19274384
2023-01-28,23008.809,4.4350479e+11,1.1623751,1050,19275434
2023-01-29,23774.996,4.582973e+11,1.2006184,1006.25,19276440
2023-01-30,22799.427,4.3951146e+11,1.1513777,862.5,19277303
2023-01-31,23130.052,4.4590164e+11,1.1676097,718.75,19278022
2023-02-01,23727.203,4.5743384e+11,1.1962419,856.25,19278878
2023-02-02,23505.605,4.5318298e+11,1.1847959,906.25,19279784
2023-02-03,23445.813,4.520497e+11,1.1814157,831.25,19280615
2023-02-04,23355.524,4.5032873e+11,1.1764377,850,19281465
2023-02-05,22957.225,4.4267075e+11,1.1564084,950,19282415
2023-02-06,22745.165,4.3860275e+11,1.1456793,925,19283340
2023-02-07,23266.269,4.4867203e+11,1.1716525,887.5,19284228
2023-02-08,22937.58,4.423533e+11,1.1549867,862.5,19285090
2023-02-09,21818.199,4.2078802e+11,1.0990406,1012.5,19286103
2023-02-10,21620.567,4.1699633e+11,1.0894461,918.75,19287021
2023-02-11,21864.863,4.2172829e+11,1.1017704,925,19287946
2023-02-12,21772.137,4.1996186e+11,1.0972106,1012.5,19288959
2023-02-13,21798.716,4.2049578e+11,1.0986667,975,19289934
2023-02-14,22222.415,4.286903e+11,1.1199232,962.5,19290896
2023-02-15,24304.613,4.6888252e+11,1.2236432,1018.75,19291915
2023-02-16,23742.449,4.5806386e+11,1.195012,1118.75,19293033
2023-02-17,24607.336,4.7477553e+11,1.2377678,1031.25,19294065
2023-02-18,24636.527,4.753646e+11,1.2390586,1050,19295115
2023-02-19,24366.991,4.7018855e+11,1.2253478,1012.5,19296127
2023-02-20,24797.843,4.7852511e+11,1.2466581,918.75,19297046
2023-02-21,24400.389,4.708809e+11,1.2265448,1043.75,19298089
2023-02-22,24163.739,4.6633514e+11,1.2148984,875,19298964
2023-02-23,23910.034,4.6146445e+11,1.2019679,1068.75,19300033
2023-02-24,23175.824,4.4731372e+11,1.1654474,843.75,19300877
2023-02-25,23159.815,4.4702023e+11,1.1647714,668.75,19301545
2023-02-26,23542.096,4.5442356e+11,1.1838653,1050,19302595
2023-02-27,23504.189,4.5371242e+11,1.1817512,875,19303470
2023-02-28,23145.949,4.4681695e+11,1.1650882,856.25,19304326
2023-03-01,23610.659,4.5581295e+11,1.1888921,1062.5,19305389
2023-03-02,23470.025,4.5311908e+11,1.1819292,900,19306289
2023-03-03,22350.096,4.3152087e+11,1.1260168,1050,19307338
2023-03-04,22334.285,4.3123682e+11,1.1252315,950,19308288
2023-03-05,22419.817,4.3291001e+11,1.1302208,968.75,19309257
2023-03-06,22414.703,4.3282976e+11,1.1302233,825,19310082
2023-03-07,22174.648,4.2821714e+11,1.1220355,1031.25,19311113
2023-03-08,21701.385,4.1909593e+11,1.0984603,831.25,19311944
2023-03-09,20349.814,3.9301164e+11,1.0310921,843.75,19312788
2023-03-10,20240.407,3.9091588e+11,1.0261713,850,19313638
2023-03-11,20585.234,3.9759699e+11,1.0437812,1031.25,19314669
2023-03-12,22065.98,4.262193e+11,1.1184533,1006.25,19315675
2023-03-13,24154.429,4.665828e+11,1.2224771,981.25,19316656
2023-03-14,24769.018,4.784772e+11,1.2520171,912.5,19317569
2023-03-15,24409.802,4.7156044e+11,1.2332591,918.75,19318487
2023-03-16,25043.239,4.8381846e+11,1.2643182,837.5,19319325
2023-03-17,27450.628,5.3035282e+11,1.3817095,918.75,19320243
2023-03-18,26985.736,5.2139831e+11,1.3579271,1012.5,19321256
2023-03-19,28185.204,5.4459961e+11,1.4171843,925,19322181
2023-03-20,27834.336,5.3784686e+11,1.3983488,962.5,19323143
2023-03-21,28172.795,5.4441249e+11,1.4138892,906.25,19324049
2023-03-22,27341.557,5.2837677e+11,1.3717005,993.75,19325043
2023-03-23,28387.89,5.4862966e+11,1.4218869,1143.75,19326187
2023-03-24,27464.125,5.3080462e+11,1.3752314,1012.5,19327199
2023-03-25,27488.955,5.3130943e+11,1.3762801,906.25,19328106
2023-03-26,28049.392,5.4216685e+11,1.4036716,900,19329006
2023-03-27,27154.996,5.249042e+11,1.3570984,925,19329931
2023-03-28,27283.963,5.2741997e+11,1.3630669,837.5,19330768
2023-03-29,28389.292,5.488129e+11,1.4170715,918.75,19331687
2023-03-30,28021.558,5.4173114e+11,1.4204415,968.75,19332656
2023-03-31,28514.681,5.5128964e+11,1.4438207,881.25,19333537
2023-04-01,28494.564,5.5092564e+11,1.4422115,875,19334412
2023-04-02,28161.998,5.445219e+11,1.4252063,931.25,19335343
2023-04-03,27850.98,5.3853106e+11,1.4091,818.75,19336162
2023-04-04,28113.959,5.4364452e+11,1.4219431,1012.5,19337174
2023-04-05,28190.312,5.4514546e+11,1.4249604,868.75,19338043
2023-04-06,28049.074,5.4244226e+11,1.4172624,1000,19339043
2023-04-07,27936.804,5.4029586e+11,1.4118913,887.5,19339931
2023-04-08,27964.051,5.4084851e+11,1.4131112,918.75,19340849
2023-04-09,28357.807,5.4848996e+11,1.4327803,912.5,19341762
2023-04-10,29687.565,5.7423264e+11,1.4984106,768.75,19342531
2023-04-11,30247.096,5.8508449e+11,1.5240076,962.5,19343493
2023-04-12,29913.004,5.7865189e+11,1.5067732,1000,19344493
2023-04-13,30370.822,5.8753512e+11,1.5285895,887.5,19345381
2023-04-14,30458.97,5.8926702e+11,1.53145,875,19346256
2023-04-15,30342.059,5.870352e+11,1.5252865,987.5,19347243
2023-04-16,30312.931,5.8649514e+11,1.5234874,775,19348018
2023-04-17,29469.505,5.7020507e+11,1.4811998,968.75,19348987
2023-04-18,30366.872,5.8759972e+11,1.5248989,1037.5,19350024
2023-04-19,28796.744,5.5724272e+11,1.445557,868.75,19350893
2023-04-20,28251.276,5.4671092e+11,1.4182964,831.25,19351724
2023-04-21,27292.021,5.2817241e+11,1.3701387,906.25,19352631
2023-04-22,27827.548,5.3856217e+11,1.396814,931.25,19353562
2023-04-23,27604.686,5.3427435e+11,1.3853755,918.75,19354481
2023-04-24,27520.2,5.3266343e+11,1.3811783,881.25,19355362
2023-04-25,28302.694,5.47831e+11,1.4200277,781.25,19356143
2023-04-26,28384.234,5.4943236e+11,1.4235484,812.5,19356956
2023-04-27,29465.551,5.7038731e+11,1.4770247,812.5,19357768
2023-04-28,29350.812,5.6819318e+11,1.4702125,918.75,19358687
2023-04-29,29221.515,5.6571517e+11,1.4635343,856.25,19359543
2023-04-30,29362.087,5.6846375e+11,1.4704023,925,19360468
2023-05-01,28114.953,5.4435064e+11,1.4082723,1137.5,19361606
2023-05-02,28690.581,5.5551885e+11,1.4365925,806.25,19362412
2023-05-03,29045.043,5.6240768e+11,1.4518163,881.25,19363293
2023-05-04,28855.857,5.5877076e+11,1.4422322,912.5,19364206
2023-05-05,29552.97,5.7229176e+11,1.4764666,743.75,19364949
2023-05-06,28899.463,5.5966355e+11,1.4438432,931.25,19365881
2023-05-07,28761.738,5.5702138e+11,1.4298771,868.75,19366749
2023-05-08,27727.285,5.3701113e+11,1.3780675,856.25,19367606
2023-05-09,27642.428,5.3539374e+11,1.3740904,943.75,19368549
2023-05-10,27646.005,5.3549239e+11,1.3744369,1062.5,19369612
2023-05-11,26986.271,5.2273907e+11,1.3419129,943.75,19370556
2023-05-12,26773.344,5.1863815e+11,1.3312645,881.25,19371437
2023-05-13,26841.398,5.1998078e+11,1.3346698,906.25,19372343
2023-05-14,26918.262,5.2149908e+11,1.3383389,1087.5,19373431
2023-05-15,27231.622,5.2759495e+11,1.3524694,918.75,19374349
2023-05-16,27025.718,5.2363155e+11,1.3418035,956.25,19375306
2023-05-17,27401.044,5.3093101e+11,1.3601829,1000,19376306
2023-05-18,26843.235,5.2014638e+11,1.3327985,881.25,19377187
2023-05-19,26889.504,5.2106815e+11,1.3352853,937.5,19378124
2023-05-20,27100.858,5.2518599e+11,1.3456685,818.75,19378943
2023-05-21,26777.098,5.1893713e+11,1.3295846,943.75,19379887
2023-05-22,26858.737,5.2054346e+11,1.3317962,900,19380787
2023-05-23,27226.856,5.277041e+11,1.3497567,962.5,19381749
2023-05-24,26341.431,5.1056622e+11,1.306149,881.25,19382631
2023-05-25,26484.836,5.1337079e+11,1.3123026,943.75,19383574
2023-05-26,26720.384,5.179621e+11,1.3239511,956.25,19384531
2023-05-27,26854.54,5.20587e+11,1.3305592,906.25,19385437
2023-05-28,28097.521,5.4471082e+11,1.391561,1000,19386437
2023-05-29,27765.073,5.3829395e+11,1.374801,1012.5,19387449
2023-05-30,27712.492,5.373012e+11,1.3716626,962.5,19388412
2023-05-31,27217.683,5.2773164e+11,1.3471225,881.25,19389293
2023-06-01,26825.371,5.2014712e+11,1.3275582,825,19390118
2023-06-02,27255.228,5.2851003e+11,1.3484997,1025,19391143
2023-06-03,27079.408,5.2512269e+11,1.3398454,812.5,19391956
2023-06-04,27158.255,5.2667679e+11,1.3437165,925,19392881
2023-06-05,25785.851,5.0008418e+11,1.2764178,862.5,19393743
2023-06-06,27213.771,5.2780256e+11,1.3462357,943.75,19394687
2023-06-07,26339.579,5.1087011e+11,1.3032281,843.75,19395531
2023-06-08,26521.694,5.1442785e+11,1.3121705,962.5,19396493
2023-06-09,26470.678,5.1346628e+11,1.3096276,1056.25,19397549
2023-06-10,25863.214,5.0170786e+11,1.2799062,962.5,19398512
2023-06-11,25906.828,5.0258031e+11,1.282204,1018.75,19399531
2023-06-12,25906.752,5.0260425e+11,1.2824151,981.25,19400512
2023-06-13,25880.86,5.0212571e+11,1.2812885,918.75,19401431
2023-06-14,25097.585,4.8694804e+11,1.2427581,756.25,19402187
2023-06-15,25559.143,4.9592692e+11,1.2657947,925,19403112
2023-06-16,26331.82,5.1094443e+11,1.303742,956.25,19404068
2023-06-17,26514.171,5.1450599e+11,1.3128061,875,19404943
2023-06-18,26353.963,5.1142202e+11,1.3044855,943.75,19405887
2023-06-19,26778.063,5.1967584e+11,1.3260023,887.5,19406774
2023-06-20,28305.42,5.4934097e+11,1.4010583,850,19407624
2023-06-21,30099.515,5.8418285e+11,1.4876882,756.25,19408381
2023-06-22,29952.511,5.8135539e+11,1.4792248,856.25,19409237
2023-06-23,30638.354,5.94691e+11,1.511461,781.25,19410018
2023-06-24,30549.016,5.9298484e+11,1.5062662,912.5,19410931
2023-06-25,30467.44,5.9143051e+11,1.5017255,956.25,19411887
2023-06-26,30255.886,5.8735145e+11,1.4904772,912.5,19412799
2023-06-27,30667.076,5.9536063e+11,1.5089931,875,19413674
2023-06-28,30104.043,5.8445041e+11,1.480048,675,19414349
2023-06-29,30460.793,5.9140427e+11,1.4974352,912.5,19415262
2023-06-30,30484.503,5.9189472e+11,1.4974041,987.5,19416249
2023-07-01,30581.689,5.9380712e+11,1.5000714,831.25,19417081
2023-07-02,30594.216,5.9408307e+11,1.5002951,1068.75,19418149
2023-07-03,31135.358,6.0461768e+11,1.5259224,856.25,19419006
2023-07-04,30799.947,5.981315e+11,1.5091484,881.25,19419887
2023-07-05,30497.822,5.9229399e+11,1.4940375,975,19420862
2023-07-06,29979.73,5.8225824e+11,1.4704917,868.75,19421731
2023-07-07,30329.883,5.8909199e+11,1.4872088,1093.75,19422824
2023-07-08,30263.62,5.8783864e+11,1.4837881,1112.5,19423937
2023-07-09,30163.221,5.8592036e+11,1.4786605,1056.25,19424993
2023-07-10,30394.656,5.9044523e+11,1.4895254,962.5,19425956
2023-07-11,30616.247,5.9477569e+11,1.4995365,843.75,19426799
2023-07-12,30385.609,5.9032247e+11,1.4877553,900,19427699
2023-07-13,31434.735,6.1072817e+11,1.5385001,750,19428449
2023-07-14,30310.672,5.889155e+11,1.4834572,862.5,19429312
2023-07-15,30290.891,5.8855729e+11,1.4824031,862.5,19430174
2023-07-16,30249.773,5.8778767e+11,1.4802533,968.75,19431143
2023-07-17,30143.746,5.8575307e+11,1.4753997,850,19431993
2023-07-18,29835.747,5.7979825e+11,1.4598558,1012.5,19433006
2023-07-19,29913.029,5.8132774e+11,1.4630372,925,19433931
2023-07-20,29805.607,5.7926393e+11,1.4575344,800,19434731
2023-07-21,29919.693,5.8150213e+11,1.4634426,700,19435431
2023-07-22,29726.01,5.7776269e+11,1.4539369,837.5,19436268
2023-07-23,30066.572,5.8440959e+11,1.4703196,918.75,19437187
2023-07-24,29178.36,5.6717258e+11,1.4271385,937.5,19438124
2023-07-25,29221.255,5.6803159e+11,1.4292386,862.5,19438987
2023-07-26,29361.592,5.7078602e+11,1.4360807,900,19439887
2023-07-27,29201.687,5.6770267e+11,1.4296321,862.5,19440749
2023-07-28,29316.313,5.6995675e+11,1.440165,875,19441624
2023-07-29,29360.376,5.7083763e+11,1.4422116,825,19442449
2023-07-30,29262.837,5.6897195e+11,1.4373844,1050,19443499
2023-07-31,29219.82,5.681613e+11,1.4354824,881.25,19444381
2023-08-01,29499.588,5.7362683e+11,1.449024,868.75,19445249
2023-08-02,29143.152,5.6672391e+11,1.4320486,962.5,19446212
2023-08-03,29192.345,5.6770807e+11,1.4343678,943.75,19447156
2023-08-04,29057.253,5.651029e+11,1.427653,756.25,19447912
2023-08-05,29053.096,5.6505001e+11,1.4274084,962.5,19448874
2023-08-06,29048.043,5.6498152e+11,1.427044,1025,19449899
2023-08-07,29164.359,5.6727045e+11,1.4327104,912.5,19450812
2023-08-08,29779.511,5.7925894e+11,1.4626727,781.25,19451593
2023-08-09,29582.944,5.7546535e+11,1.4527507,1012.5,19452606
2023-08-10,29430.16,5.7251665e+11,1.445222,793.75,19453399
2023-08-11,29399.785,5.719535e+11,1.4434601,943.75,19454343
2023-08-12,29415.734,5.7229448e+11,1.4440022,1043.75,19455387
2023-08-13,29286.118,5.6979746e+11,1.4374809,843.75,19456231
2023-08-14,29408.972,5.7221917e+11,1.4433119,1068.75,19457299
2023-08-15,29167.597,5.6755384e+11,1.4314031,1068.75,19458368
2023-08-16,28754.292,5.595409e+11,1.4112512,1018.75,19459387
2023-08-17,26660.563,5.188242e+11,1.3095978,975,19460362
2023-08-18,26037.366,5.0671918e+11,1.2799553,868.75,19461231
2023-08-19,26093.982,5.0784383e+11,1.2828758,875,19462106
2023-08-20,26176.472,5.0947577e+11,1.2870262,1012.5,19463118
2023-08-21,26128.905,5.0857691e+11,1.2852094,1031.25,19464149
2023-08-22,25978.21,5.0566697e+11,1.2782344,893.75,19465043
2023-08-23,26452.194,5.1491656e+11,1.3016405,887.5,19465931
2023-08-24,26126.794,5.0860506e+11,1.2862645,868.75,19466799
2023-08-25,26040.881,5.0695458e+11,1.2825309,843.75,19467643
2023-08-26,26006.174,5.0630118e+11,1.2809105,856.25,19468499
2023-08-27,26086.361,5.0788122e+11,1.2847197,725,19469224
2023-08-28,26103.277,5.082298e+11,1.285786,737.5,19469962
2023-08-29,27672.222,5.3880443e+11,1.3631929,987.5,19470949
2023-08-30,27298.998,5.315589e+11,1.3448663,787.5,19471737
2023-08-31,25954.867,5.0540969e+11,1.2792943,900,19472637
2023-09-01,25802.789,5.0247268e+11,1.2721424,943.75,19473581
2023-09-02,25868.296,5.0377292e+11,1.2754292,950,19474531
2023-09-03,25962.548,5.0563406e+11,1.2801787,987.5,19475518
2023-09-04,25799.526,5.0248315e+11,1.2722957,931.25,19476449
2023-09-05,25782.362,5.0216885e+11,1.2717975,775,19477224
2023-09-06,25754.79,5.0165356e+11,1.2706663,843.75,19478068
2023-09-07,26210.605,5.1055586e+11,1.2931534,912.5,19478981
2023-09-08,25904.698,5.0461865e+11,1.278231,831.25,19479812
2023-09-09,25894.621,5.0444677e+11,1.2778718,943.75,19480756
2023-09-10,25831.465,5.0324018e+11,1.2748057,918.75,19481674
2023-09-11,25135.039,4.8969763e+11,1.2409988,993.75,19482668
2023-09-12,25859.702,5.0383878e+11,1.2768498,881.25,19483549
2023-09-13,26226.867,5.1101655e+11,1.2949299,918.75,19484468
2023-09-14,26556.057,5.1745753e+11,1.3107246,1012.5,19485481
2023-09-15,26672.616,5.1976008e+11,1.3162477,1175,19486656
2023-09-16,26555.636,5.1750626e+11,1.3104523,968.75,19487624
2023-09-17,26502.432,5.1649412e+11,1.3077836,931.25,19488556
2023-09-18,26764.632,5.2163011e+11,1.3203211,975,19489531
2023-09-19,27215.05,5.304322e+11,1.3414913,868.75,19490399
2023-09-20,27133.404,5.2886563e+11,1.3375318,912.5,19491312
2023-09-21,26571.595,5.1793817e+11,1.3100463,862.5,19492174
2023-09-22,26581.148,5.1814579e+11,1.3105295,806.25,19492981
2023-09-23,26575.776,5.18067e+11,1.310251,975,19493956
2023-09-24,26286.641,5.124546e+11,1.2960585,912.5,19494868
2023-09-25,26288.81,5.125207e+11,1.2961878,906.25,19495774
2023-09-26,26194.538,5.1070506e+11,1.2916444,850,19496624
2023-09-27,26336.083,5.1349055e+11,1.2987114,981.25,19497606
2023-09-28,27033.425,5.2711173e+11,1.3328268,912.5,19498518
2023-09-29,26911.251,5.2475425e+11,1.3266533,918.75,19499437
2023-09-30,26977.693,5.2607309e+11,1.3297428,862.5,19500299
2023-10-01,27950.145,5.4506083e+11,1.3773314,881.25,19501181
2023-10-02,27565.889,5.3759443e+11,1.3584352,981.25,19502162
2023-10-03,27439.142,5.3515072e+11,1.3519571,1025,19503187
2023-10-04,27797.251,5.4215774e+11,1.3690356,818.75,19504006
2023-10-05,27426.345,5.3494776e+11,1.350982,881.25,19504887
2023-10-06,27941.963,5.4503277e+11,1.3758106,1000,19505887
2023-10-07,27972.752,5.4566322e+11,1.3769216,1068.75,19506956
2023-10-08,27936.326,5.4497851e+11,1.375035,925,19507881
2023-10-09,27591.347,5.382756e+11,1.3576435,975,19508856
2023-10-10,27419.797,5.3495662e+11,1.3492249,1012.5,19509868
2023-10-11,26828.173,5.2344093e+11,1.3202674,1000,19510868
2023-10-12,26741.341,5.2177434e+11,1.3161519,1031.25,19511899
2023-10-13,26842.447,5.2377027e+11,1.3212206,862.5,19512762
2023-10-14,26861.989,5.2417611e+11,1.3215597,912.5,19513674
2023-10-15,27130.307,5.2944029e+11,1.334645,1043.75,19514718
2023-10-16,28506.794,5.5632716e+11,1.4014847,881.25,19515599
2023-10-17,28433.205,5.5491983e+11,1.3975698,1012.5,19516612
2023-10-18,28328.075,5.5289372e+11,1.3921472,906.25,19517518
2023-10-19,28690.358,5.5998968e+11,1.4101632,875,19518393
2023-10-20,29704.985,5.7981846e+11,1.4588476,837.5,19519231
2023-10-21,29922.546,5.8409313e+11,1.4691575,937.5,19520168
2023-10-22,29984.159,5.853245e+11,1.4718604,956.25,19521124
2023-10-23,32954.169,6.4333477e+11,1.6135006,981.25,19522106
2023-10-24,33880.957,6.6145429e+11,1.6543976,787.5,19522893
2023-10-25,34488.659,6.7334944e+11,1.6816018,900,19523793
2023-10-26,34181.492,6.6738443e+11,1.6636629,937.5,19524731
2023-10-27,33896.939,6.6186122e+11,1.6487935,962.5,19525693
2023-10-28,34091.589,6.6569599e+11,1.6573895,1000,19526693
2023-10-29,34574.338,6.7515208e+11,1.6799879,856.25,19527549
2023-10-30,34495.105,6.736385e+11,1.6747005,975,19528524
2023-10-31,34636.426,6.7643185e+11,1.6799862,968.75,19529493
2023-11-01,35431.979,6.9200159e+11,1.7153313,931.25,19530424
2023-11-02,34882.917,6.8130957e+11,1.6874328,900,19531324
2023-11-03,34708.222,6.7792704e+11,1.6774733,850,19532174
2023-11-04,35091.076,6.8544186e+11,1.695198,1050,19533224
2023-11-05,35105.042,6.8575042e+11,1.6953136,1018.75,19534243
2023-11-06,35017.715,6.8407235e+11,1.6900628,793.75,19535037
2023-11-07,35418.477,6.9193069e+11,1.7076933,831.25,19535868
2023-11-08,35797.895,6.9937628e+11,1.7244775,931.25,19536799
2023-11-09,36675.326,7.1655127e+11,1.762201,893.75,19537693
2023-11-10,37367.494,7.301106e+11,1.7928537,962.5,19538656
2023-11-11,36979.931,7.2257512e+11,1.7735811,1000,19539656
2023-11-12,37053.341,7.2404681e+11,1.7764984,1006.25,19540662
2023-11-13,36543.268,7.1410728e+11,1.7512217,756.25,19541418
2023-11-14,35590.684,6.9552312e+11,1.7054021,862.5,19542281
2023-11-15,37840.553,7.3952571e+11,1.8101529,925,19543206
2023-11-16,36160.404,7.0672366e+11,1.7292371,925,19544131
2023-11-17,36569.712,7.1475751e+11,1.7478065,937.5,19545068
2023-11-18,36577.425,7.1494232e+11,1.7476969,931.25,19545999
2023-11-19,37442.729,7.3189533e+11,1.7881458,1062.5,19547062
2023-11-20,37516.05,7.3336748e+11,1.7897325,1037.5,19548099
2023-11-21,36035.033,7.0445064e+11,1.717721,950,19549049
2023-11-22,37403.035,7.3122696e+11,1.7806551,887.5,19549937
2023-11-23,37311.719,7.2947603e+11,1.7755708,918.75,19550856
2023-11-24,37718.784,7.374741e+11,1.7936646,1050,19551906
2023-11-25,37800.126,7.3910206e+11,1.7969383,993.75,19552899
2023-11-26,37482.706,7.3292977e+11,1.7812471,912.5,19553812
2023-11-27,37229.245,7.280039e+11,1.7686999,812.5,19554624
2023-11-28,37828.466,7.3975619e+11,1.795695,918.75,19555543
2023-11-29,37846.853,7.4014793e+11,1.7944432,850,19556393
2023-11-30,37712.711,7.3755619e+11,1.7877907,837.5,19557231
2023-12-01,38703.554,7.569752e+11,1.8319584,1056.25,19558287
2023-12-02,39462.28,7.7184591e+11,1.8665626,793.75,19559081
2023-12-03,39978.223,7.819785e+11,1.8895715,1031.25,19560112
2023-12-04,41910.299,8.1981074e+11,1.9741577,968.75,19561081
2023-12-05,44067.005,8.6203625e+11,2.0702101,862.5,19561943
2023-12-06,43745.834,8.557907e+11,2.049005,850,19562793
2023-12-07,43282.618,8.4676001e+11,2.0241928,718.75,19563512
2023-12-08,44205.052,8.6484336e+11,2.0635541,843.75,19564356
2023-12-09,43740.006,8.5578796e+11,2.0406038,981.25,19565337
2023-12-10,43732.712,8.5568351e+11,2.0391265,875,19566212
2023-12-11,41209.895,8.0636222e+11,1.9204216,987.5,19567199
2023-12-12,41467.274,8.1143573e+11,1.9284036,900,19568099
2023-12-13,42939.061,8.4027579e+11,1.9945075,931.25,19569031
2023-12-14,43033.137,8.4215604e+11,1.997076,912.5,19569943
2023-12-15,41978.097,8.2155173e+11,1.9455842,1018.75,19570962
2023-12-16,42203.214,8.2599758e+11,1.9545876,950,19571912
2023-12-17,41428.666,8.1087703e+11,1.9184329,937.5,19572849
2023-12-18,42635.733,8.3454755e+11,1.9709976,1050,19573899
2023-12-19,42271.863,8.2746799e+11,1.9522667,1012.5,19574912
2023-12-20,43605.156,8.5360659e+11,2.0103552,906.25,19575818
2023-12-21,43870.238,8.5883583e+11,2.0205535,912.5,19576731
2023-12-22,44009.502,8.6160836e+11,2.0243492,1050,19577781
2023-12-23,43768.807,8.5693986e+11,2.012047,1000,19578781
2023-12-24,43097.809,8.4384861e+11,1.9789938,1068.75,19579849
2023-12-25,43623.75,8.5418436e+11,2.0021681,868.75,19580718
2023-12-26,42491.123,8.3204361e+11,1.9476664,868.75,19581587
2023-12-27,43436.959,8.5059961e+11,1.9845428,806.25,19582393
2023-12-28,42670.68,8.3562629e+11,1.9481911,756.25,19583149
2023-12-29,41998.603,8.2250455e+11,1.9152892,943.75,19584093
2023-12-30,42204.492,8.2657494e+11,1.923526,906.25,19584999
2023-12-31,42217.159,8.2686418e+11,1.9231471,975,19585974
2024-01-01,44049.474,8.6279453e+11,2.0050114,968.75,19586943
2024-01-02,44941.16,8.8029674e+11,2.0418437,818.75,19587762
2024-01-03,42773.652,8.3788233e+11,1.9416078,987.5,19588749
2024-01-04,44250.745,8.6686377e+11,1.9912805,1062.5,19589812
2024-01-05,44146.322,8.6485622e+11,1.9837544,862.5,19590674
2024-01-06,43917.98,8.6042126e+11,1.9726268,875,19591549
2024-01-07,43844.196,8.5900806e+11,1.9685894,737.5,19592287
2024-01-08,46981.324,9.2050769e+11,2.1051996,768.75,19593055
2024-01-09,46084.006,9.0297026e+11,2.0611118,950,19594005
2024-01-10,46818.159,9.1739419e+11,2.0904375,831.25,19594837
2024-01-11,46380.871,9.0887574e+11,2.0675531,1081.25,19595918
2024-01-12,42817.431,8.3909182e+11,1.9101571,1050,19596968
2024-01-13,42846.954,8.3971297e+11,1.9110173,993.75,19597962
2024-01-14,41888.151,8.209559e+11,1.8680727,800,19598762
2024-01-15,42528.919,8.3354446e+11,1.895817,712.5,19599474
2024-01-16,43171.447,8.461714e+11,1.9151315,781.25,19600255
2024-01-17,42689.304,8.3675356e+11,1.8929207,756.25,19601012
2024-01-18,41261.908,8.0881176e+11,1.8264055,887.5,19601899
2024-01-19,41606.854,8.1560768e+11,1.8403265,825,19602724
2024-01-20,41668.69,8.1685709e+11,1.8428283,893.75,19603618
2024-01-21,41537.112,8.1431403e+11,1.8367874,875,19604493
2024-01-22,39577.1,7.7592855e+11,1.7507031,1000,19605493
2024-01-23,39737.314,7.7910789e+11,1.7568524,962.5,19606455
2024-01-24,40101.857,7.8629287e+11,1.7693985,937.5,19607393
2024-01-25,39917.661,7.8272643e+11,1.7599129,1131.25,19608524
2024-01-26,41860.731,8.2086693e+11,1.843658,950,19609474
2024-01-27,42125.301,8.2610003e+11,1.8545382,1068.75,19610543
2024-01-28,41983.02,8.2335181e+11,1.8478239,1000,19611543
2024-01-29,43218.347,8.4762061e+11,1.9002814,975,19612518
2024-01-30,42950.054,8.4239736e+11,1.8844546,900,19613418
2024-01-31,42589.471,8.3535996e+11,1.8657766,818.75,19614237
2024-02-01,43020.36,8.4385266e+11,1.8836927,956.25,19615193
2024-02-02,43155.385,8.4655192e+11,1.8884791,1175,19616368
2024-02-03,42982.379,8.4319873e+11,1.8806474,943.75,19617312
2024-02-04,42576.291,8.3527363e+11,1.8624237,968.75,19618280
2024-02-05,42619.274,8.3615843e+11,1.8633256,975,19619255
2024-02-06,43102.706,8.456888e+11,1.8817773,1062.5,19620318
2024-02-07,44253.031,8.683028e+11,1.9299059,1000,19621318
2024-02-08,45332.092,8.8951448e+11,1.9742447,862.5,19622180
2024-02-09,47176.967,9.257639e+11,2.0508943,1037.5,19623218
2024-02-10,47792.897,9.3789584e+11,2.0757436,950,19624168
2024-02-11,48200.799,9.4594184e+11,2.0916793,856.25,19625024
2024-02-12,49989.804,9.8110704e+11,2.1634511,1118.75,19626143
2024-02-13,49628.094,9.7404995e+11,2.1445718,843.75,19626987
2024-02-14,51844.293,1.0175923e+12,2.2274816,868.75,19627855
2024-02-15,51939.147,1.019505e+12,2.2276729,981.25,19628837
2024-02-16,52157.312,1.0238311e+12,2.2333611,837.5,19629674
2024-02-17,51674.816,1.0144082e+12,2.2111086,937.5,19630612
2024-02-18,52148.065,1.0237378e+12,2.2292091,756.25,19631368
2024-02-19,51804.805,1.0170432e+12,2.20772,850,19632218
2024-02-20,52308.053,1.0269692e+12,2.2264112,881.25,19633099
2024-02-21,51744.322,1.015946e+12,2.1992233,862.5,19633962
2024-02-22,51292.325,1.0071148e+12,2.1762568,843.75,19634805
2024-02-23,50789.143,9.9728542e+11,2.1510442,993.75,19635799
2024-02-24,51578.235,1.012824e+12,2.1828746,856.25,19636655
2024-02-25,51746.479,1.0161808e+12,2.1887233,1025,19637680
2024-02-26,54551.826,1.0713167e+12,2.3003558,831.25,19638512
2024-02-27,57049.888,1.1204209e+12,2.3929675,806.25,19639318
2024-02-28,62460.741,1.2267445e+12,2.5788045,931.25,19640249
2024-02-29,61394.782,1.2058599e+12,2.5236256,831.25,19641080
2024-03-01,62524.402,1.228107e+12,2.5521938,962.5,19642043
2024-03-02,62049.615,1.2188304e+12,2.5305151,793.75,19642837
2024-03-03,62991.442,1.2373916e+12,2.5649124,968.75,19643805
2024-03-04,68091.839,1.3376377e+12,2.7511989,806.25,19644612
2024-03-05,63950.524,1.25635e+12,2.5657819,1043.75,19645655
2024-03-06,66103.722,1.2987088e+12,2.6122264,875,19646530
2024-03-07,67070.379,1.3177757e+12,2.6306943,1125,19647655
2024-03-08,68343.715,1.3428595e+12,2.6637738,962.5,19648618
2024-03-09,68502.505,1.3460493e+12,2.6644467,1018.75,19649637
2024-03-10,68882.251,1.3535728e+12,2.6733246,893.75,19650530
2024-03-11,72198.088,1.4188074e+12,2.7760426,1062.5,19651593
2024-03-12,71432.728,1.4038299e+12,2.7328317,881.25,19652474
2024-03-13,73081.576,1.4363069e+12,2.7468365,1000,19653474
2024-03-14,71505.273,1.4053901e+12,2.6766371,881.25,19654355
2024-03-15,69424.914,1.364557e+12,2.593182,793.75,19655149
2024-03-16,65433.682,1.2861677e+12,2.4433635,900,19656049
2024-03-17,68285.089,1.3422774e+12,2.541969,912.5,19656962
2024-03-18,67770.887,1.3322307e+12,2.5187535,900,19657862
2024-03-19,61969.308,1.2182449e+12,2.306498,981.25,19658843
2024-03-20,67848.108,1.3338785e+12,2.5174321,931.25,19659774
2024-03-21,65454.736,1.2868744e+12,2.4250565,750,19660524
2024-03-22,63486.485,1.2482311e+12,2.3472428,843.75,19661368
2024-03-23,64361.243,1.2654928e+12,2.3551309,975,19662343
2024-03-24,67289.566,1.323142e+12,2.459089,1062.5,19663405
2024-03-25,70042.02,1.3773224e+12,2.5319733,825,19664230
2024-03-26,70071.047,1.3779519e+12,2.529858,837.5,19665068
2024-03-27,69267.888,1.3622166e+12,2.4973056,850,19665918
2024-03-28,70826.897,1.3929432e+12,2.54232,950,19666868
2024-03-29,69917.043,1.3751122e+12,2.5068143,900,19667768
2024-03-30,69663.012,1.3701834e+12,2.4959801,968.75,19668737
2024-03-31,71227.452,1.401015e+12,2.5494727,856.25,19669593
2024-04-01,69791.628,1.3728383e+12,2.4838652,937.5,19670530
2024-04-02,65533.755,1.2891443e+12,2.3258249,925,19671455
2024-04-03,66130.216,1.3009363e+12,2.3435747,887.5,19672343
2024-04-04,68438.135,1.3463975e+12,2.4223403,862.5,19673205
2024-04-05,67904.909,1.3359701e+12,2.4018397,925,19674130
2024-04-06,69136.071,1.3602591e+12,2.4423275,968.75,19675099
2024-04-07,69392.683,1.3653817e+12,2.4497751,1062.5,19676162
2024-04-08,71712.797,1.4111034e+12,2.5259427,987.5,19677149
2024-04-09,69074.542,1.3592531e+12,2.4311518,912.5,19678062
2024-04-10,70579.446,1.3889333e+12,2.4808879,943.75,19679005
2024-04-11,70046.554,1.3785043e+12,2.4599309,825,19679830
2024-04-12,67098.114,1.3205365e+12,2.3556998,850,19680680
2024-04-13,64551.648,1.2704865e+12,2.2667246,1025,19681705
2024-04-14,65648.81,1.292145e+12,2.3037975,981.25,19682687
2024-04-15,63393.325,1.2478068e+12,2.2246536,881.25,19683568
2024-04-16,63784.82,1.2555786e+12,2.2355831,1031.25,19684599
2024-04-17,61324.218,1.2071952e+12,2.1501155,856.25,19685455
2024-04-18,63510.145,1.2502837e+12,2.2236571,906.25,19686362
2024-04-19,63762.631,1.2553136e+12,2.2295218,931.25,19687293
2024-04-20,64907.993,1.277889e+12,2.2688742,406.25,19687699
2024-04-21,64968.193,1.2791027e+12,2.2701786,437.5,19688137
2024-04-22,66944.596,1.3180462e+12,2.3363714,475,19688612
2024-04-23,66385.3,1.3070693e+12,2.3154306,525,19689137
2024-04-24,64189.968,1.2638761e+12,2.2291864,484.375,19689621
2024-04-25,64515.387,1.2703124e+12,2.2394126,446.875,19690068
2024-04-26,63777.472,1.2558093e+12,2.2133959,415.625,19690484
2024-04-27,63429.31,1.2489815e+12,2.2002933,437.5,19690921
2024-04-28,62978.577,1.2401337e+12,2.1827395,437.5,19691359
2024-04-29,63908.389,1.2584692e+12,2.21305,409.375,19691768
2024-04-30,60636.326,1.1940632e+12,2.0994917,440.625,19692209
2024-05-01,58141.777,1.144964e+12,2.015163,412.5,19692621
2024-05-02,59170.109,1.1652413e+12,2.0509015,453.125,19693074
2024-05-03,62983.655,1.2403672e+12,2.1806782,403.125,19693477
2024-05-04,63881.131,1.2580697e+12,2.2107257,440.625,19693918
2024-05-05,64067.596,1.2617698e+12,2.2166551,434.375,19694352
2024-05-06,63228.103,1.2452606e+12,2.1862029,381.25,19694734
2024-05-07,62397,1.2289161e+12,2.1572055,381.25,19695115
2024-05-08,61079.274,1.2029876e+12,2.1105409,396.875,19695512
2024-05-09,62998.49,1.2408161e+12,2.1752236,453.125,19695965
2024-05-10,60896.642,1.1994457e+12,2.1029887,453.125,19696418
2024-05-11,60843.573,1.1984307e+12,2.1004487,496.875,19696915
2024-05-12,61431.275,1.2100319e+12,2.1197458,412.5,19697327
2024-05-13,62886.939,1.2387335e+12,2.1682333,459.375,19697787
2024-05-14,61555.567,1.2125346e+12,2.1214066,425,19698212
2024-05-15,66281.532,1.3056569e+12,2.2757055,440.625,19698652
2024-05-16,65269.26,1.2857454e+12,2.2388137,443.75,19699096
2024-05-17,66956.441,1.3190138e+12,2.2935329,484.375,19699580
2024-05-18,66977.601,1.3194574e+12,2.2933518,400,19699980
2024-05-19,66259.47,1.3053422e+12,2.2677414,481.25,19700462
2024-05-20,71202.203,1.402751e+12,2.4307326,487.5,19700949
2024-05-21,70217.255,1.3833769e+12,2.3921771,431.25,19701380
2024-05-22,69074.914,1.3609042e+12,2.3505085,478.125,19701859
2024-05-23,67758.731,1.3350087e+12,2.303426,528.125,19702387
2024-05-24,68608.998,1.3517953e+12,2.3299424,500,19702887
2024-05-25,69282.793,1.3651057e+12,2.3517552,500,19703387
2024-05-26,68445.007,1.3486344e+12,2.3218573,525,19703912
2024-05-27,69347.815,1.3664499e+12,2.349289,384.375,19704296
2024-05-28,68342.82,1.3466758e+12,2.2760254,418.75,19704715
2024-05-29,67584.263,1.3317576e+12,2.2496668,428.125,19705143
2024-05-30,68375.476,1.3473748e+12,2.2745939,384.375,19705527
2024-05-31,67377.763,1.3277455e+12,2.2404346,462.5,19705990
2024-06-01,67714.353,1.3344082e+12,2.2508117,440.625,19706430
2024-06-02,67805.486,1.3362338e+12,2.2528906,437.5,19706868
2024-06-03,68833.303,1.3565226e+12,2.2828441,490.625,19707359
2024-06-04,70554.089,1.3904643e+12,2.336035,418.75,19707777
2024-06-05,71087.443,1.4010028e+12,2.3500516,384.375,19708162
2024-06-06,70788.501,1.3951407e+12,2.3338071,415.625,19708577
2024-06-07,69338.157,1.3665872e+12,2.2837675,443.75,19709021
2024-06-08,69310.109,1.3660717e+12,2.2817537,537.5,19709559
2024-06-09,69644.019,1.3726862e+12,2.2917837,478.125,19710037
2024-06-10,69465.936,1.3692063e+12,2.2844302,434.375,19710471
2024-06-11,67368.264,1.3278861e+12,2.2107971,384.375,19710855
2024-06-12,68213.835,1.3445842e+12,2.2365289,456.25,19711312
2024-06-13,66783.49,1.3164205e+12,2.1891939,453.125,19711765
2024-06-14,65982.187,1.3006517e+12,2.1622889,400,19712165
2024-06-15,66204.904,1.3050697e+12,2.1685743,418.75,19712584
2024-06-16,66622.6,1.3133375e+12,2.1817008,509.375,19713093
2024-06-17,66483.879,1.310632e+12,2.1760077,437.5,19713530
2024-06-18,65112.123,1.2836208e+12,2.1311701,475,19714005
2024-06-19,64878.714,1.2790471e+12,2.1225273,428.125,19714434
2024-06-20,64897.701,1.2794484e+12,2.1228243,415.625,19714849
2024-06-21,64086.049,1.2634748e+12,2.0948419,437.5,19715287
2024-06-22,64258.136,1.2668981e+12,2.0943936,475,19715762
2024-06-23,63345.022,1.2489175e+12,2.0646298,350,19716112
2024-06-24,60258.955,1.1881009e+12,1.9658526,475,19716587
2024-06-25,61739.666,1.2173194e+12,2.0138248,387.5,19716974
2024-06-26,60794.476,1.1987061e+12,1.9831428,378.125,19717352
2024-06-27,61569.923,1.2140209e+12,2.0044961,406.25,19717759
2024-06-28,60303.315,1.1890716e+12,1.9633236,421.875,19718180
2024-06-29,60889.33,1.2006567e+12,1.9820901,490.625,19718671
2024-06-30,62763.28,1.2376322e+12,2.0422454,378.125,19719049
2024-07-01,62835.4,1.239082e+12,2.0431459,440.625,19719490
2024-07-02,62028.617,1.2232014e+12,2.0170792,462.5,19719952
2024-07-03,60216.392,1.1874917e+12,1.9564959,453.125,19720405
2024-07-04,57418.242,1.1323361e+12,1.8671311,437.5,19720843
2024-07-05,56720.988,1.1186071e+12,1.8421671,378.125,19721221
2024-07-06,58259.222,1.148973e+12,1.8917151,515.625,19721737
2024-07-07,56112.573,1.1066621e+12,1.8221287,440.625,19722177
2024-07-08,56691.915,1.1181162e+12,1.842315,496.875,19722674
2024-07-09,57981.432,1.1435768e+12,1.8828261,481.25,19723155
2024-07-10,57722.011,1.1384847e+12,1.8736715,425,19723580
2024-07-11,57307.713,1.1303384e+12,1.8603917,437.5,19724018
2024-07-12,57859.12,1.1412415e+12,1.8776967,468.75,19724487
2024-07-13,59329.037,1.1702634e+12,1.9244611,481.25,19724968
2024-07-14,61015.034,1.2035514e+12,1.9782522,521.875,19725490
2024-07-15,64734.761,1.2769558e+12,2.0943372,478.125,19725968
2024-07-16,65118.827,1.2845618e+12,2.102495,459.375,19726427
2024-07-17,64201.371,1.2664956e+12,2.0722142,496.875,19726924
2024-07-18,63984.302,1.2622393e+12,2.0632846,403.125,19727327
2024-07-19,66755.783,1.3169439e+12,2.1467949,459.375,19727787
2024-07-20,67185.498,1.3254558e+12,2.1595446,515.625,19728302
2024-07-21,68056.62,1.3426775e+12,2.1861854,528.125,19728830
2024-07-22,67535.198,1.3324282e+12,2.1674824,559.375,19729390
2024-07-23,65916.408,1.3005253e+12,2.1095946,528.125,19729918
2024-07-24,65353.386,1.2894455e+12,2.0910765,437.5,19730355
2024-07-25,65722.061,1.2967531e+12,2.1010523,509.375,19730865
2024-07-26,67912.243,1.3400013e+12,2.1679889,500,19731365
2024-07-27,68077.373,1.3432922e+12,2.1714952,481.25,19731846
2024-07-28,68170.669,1.3451647e+12,2.1736895,462.5,19732309
2024-07-29,66867.167,1.3194808e+12,2.1303513,556.25,19732865
2024-07-30,66186.915,1.3060885e+12,2.1075366,468.75,19733334
2024-07-31,64690.634,1.2765904e+12,2.0601046,440.625,19733774
2024-08-01,65178.055,1.2862375e+12,2.0734467,437.5,19734212
2024-08-02,61506.77,1.2138116e+12,1.9581295,390.625,19734602
2024-08-03,60688.244,1.197684e+12,1.9319109,421.875,19735024
2024-08-04,58306.264,1.1507016e+12,1.8565811,446.875,19735471
2024-08-05,54343.628,1.0725236e+12,1.7346148,487.5,19735959
2024-08-06,56047.471,1.1061751e+12,1.7901059,437.5,19736396
2024-08-07,55129.741,1.0880834e+12,1.7610267,381.25,19736777
2024-08-08,61908.79,1.221905e+12,1.9740275,403.125,19737180
2024-08-09,60720.941,1.1984848e+12,1.9348472,406.25,19737587
2024-08-10,60871.555,1.2014821e+12,1.9370941,403.125,19737990
2024-08-11,58836.104,1.161336e+12,1.8727422,503.125,19738493
2024-08-12,59394.163,1.1723767e+12,1.890144,428.125,19738921
2024-08-13,60536.246,1.1949484e+12,1.9264172,465.625,19739387
2024-08-14,58840.647,1.1615026e+12,1.8735005,412.5,19739799
2024-08-15,57644.188,1.1379135e+12,1.8357938,500,19740299
2024-08-16,58927.277,1.1632682e+12,1.8765083,443.75,19740743
2024-08-17,59414.674,1.1729175e+12,1.8919032,465.625,19741209
2024-08-18,58793.206,1.1606776e+12,1.8719996,487.5,19741696
2024-08-19,59411.519,1.1729083e+12,1.8912794,406.25,19742102
2024-08-20,59123.3,1.167246e+12,1.8824266,468.75,19742571
2024-08-21,61133.026,1.2069512e+12,1.9452338,459.375,19743030
2024-08-22,60394.474,1.1924001e+12,1.9211707,500,19743530
2024-08-23,64106.803,1.2657275e+12,2.035904,512.5,19744043
2024-08-24,64023.227,1.264108e+12,2.0320468,478.125,19744521
2024-08-25,64498.018,1.2735093e+12,2.046583,415.625,19744937
2024-08-26,62983.443,1.2436305e+12,1.9980014,418.75,19745355
2024-08-27,59548.008,1.175823e+12,1.8919718,443.75,19745799
2024-08-28,59100.775,1.1670218e+12,1.8758271,503.125,19746302
2024-08-29,59339.791,1.1717659e+12,1.8833492,412.5,19746715
2024-08-30,59142.94,1.167905e+12,1.8769827,443.75,19747159
2024-08-31,58959.926,1.1643181e+12,1.870737,459.375,19747618
2024-09-01,57349.081,1.1325332e+12,1.820019,443.75,19748062
2024-09-02,59159.024,1.1683069e+12,1.8771433,521.875,19748584
2024-09-03,57637.775,1.1382913e+12,1.8297297,465.625,19749049
2024-09-04,58033.399,1.1461318e+12,1.8418614,471.875,19749521
2024-09-05,56112.953,1.1082311e+12,1.7819307,484.375,19750005
2024-09-06,53838.953,1.063344e+12,1.7108115,453.125,19750459
2024-09-07,54066.44,1.0678637e+12,1.7182066,493.75,19750952
2024-09-08,54859.258,1.0835512e+12,1.7434693,521.875,19751474
2024-09-09,57135.781,1.1285418e+12,1.8140728,453.125,19751927
2024-09-10,57664.5,1.1390097e+12,1.8308506,428.125,19752355
2024-09-11,57409.195,1.1339862e+12,1.8228025,337.5,19752693
2024-09-12,58124.642,1.1481458e+12,1.8449237,475,19753168
2024-09-13,60536.881,1.1958185e+12,1.9181664,384.375,19753552
2024-09-14,60007.17,1.1853808e+12,1.9010615,434.375,19753987
2024-09-15,59129.92,1.1680796e+12,1.8731896,471.875,19754459
2024-09-16,58227.464,1.1502748e+12,1.8442091,390.625,19754849
2024-09-17,60238.218,1.1900251e+12,1.9065556,468.75,19755318
2024-09-18,61306.234,1.2111506e+12,1.938487,431.25,19755749
2024-09-19,62994.61,1.2445297e+12,1.9894074,381.25,19756130
2024-09-20,63153.952,1.2477063e+12,1.9912515,453.125,19756584
2024-09-21,63367.73,1.2519566e+12,1.9972247,421.875,19757005
2024-09-22,63571.952,1.2560184e+12,2.003095,425,19757430
2024-09-23,63336.013,1.2513858e+12,1.9932107,456.25,19757887
2024-09-24,64342.789,1.2713067e+12,2.0232281,453.125,19758340
2024-09-25,63059.627,1.2459819e+12,1.9808285,450,19758790
2024-09-26,65057.786,1.2854896e+12,2.0409098,406.25,19759196
2024-09-27,65767.713,1.2995453e+12,2.0611336,428.125,19759624
2024-09-28,65770.528,1.2996274e+12,2.0597349,403.125,19760027
2024-09-29,65617.761,1.2966405e+12,2.0543778,484.375,19760512
2024-09-30,63260.043,1.2500779e+12,1.980656,428.125,19760940
2024-10-01,60858.249,1.2026461e+12,1.9063068,490.625,19761430
2024-10-02,60686.099,1.1992735e+12,1.9011356,484.375,19761915
2024-10-03,60765.237,1.2008674e+12,1.9036678,493.75,19762409
2024-10-04,62052.51,1.2263398e+12,1.942653,528.125,19762937
2024-10-05,62030.454,1.2259332e+12,1.9416,471.875,19763409
2024-10-06,62789.881,1.2409719e+12,1.9647362,475,19763884
2024-10-07,62416.509,1.2336228e+12,1.9524556,484.375,19764368
2024-10-08,62126.327,1.22792e+12,1.9267802,521.875,19764890
2024-10-09,60615.258,1.198078e+12,1.8801583,396.875,19765287
2024-10-10,60221.117,1.1903168e+12,1.8686507,484.375,19765771
2024-10-11,62462.54,1.2346476e+12,1.9319117,437.5,19766209
2024-10-12,63202.881,1.2493096e+12,1.9539703,446.875,19766655
2024-10-13,62759.431,1.2405711e+12,1.9395474,431.25,19767087
2024-10-14,66089.759,1.3064307e+12,2.0395222,434.375,19767521
2024-10-15,66933.975,1.3231514e+12,2.0601812,487.5,19768009
2024-10-16,67662.953,1.3375917e+12,2.0798526,440.625,19768449
2024-10-17,67337.908,1.331199e+12,2.0678234,490.625,19768940
2024-10-18,68390.538,1.3520375e+12,2.0977516,425,19769365
2024-10-19,68357.898,1.3514292e+12,2.0952937,540.625,19769905
2024-10-20,69012.353,1.364405e+12,2.1103073,540.625,19770446
2024-10-21,67440.463,1.3333641e+12,2.0569285,534.375,19770980
2024-10-22,67425.755,1.3331024e+12,2.0548573,431.25,19771412
2024-10-23,66647.287,1.3177424e+12,2.03015,471.875,19771884
2024-10-24,68130.995,1.3471094e+12,2.0735534,459.375,19772343
2024-10-25,66261.538,1.3101775e+12,2.0158824,478.125,19772821
2024-10-26,67023.34,1.3252711e+12,2.0383854,456.25,19773277
2024-10-27,68000.148,1.34462e+12,2.0672451,503.125,19773780
2024-10-28,69862.521,1.3814828e+12,2.1207966,525,19774305
2024-10-29,72678.787,1.4372082e+12,2.1993876,490.625,19774796
2024-10-30,72450.284,1.4327279e+12,2.1895049,528.125,19775324
2024-10-31,70367.082,1.3915666e+12,2.1253164,493.75,19775818
2024-11-01,69483.583,1.3741279e+12,2.0967171,478.125,19776296
2024-11-02,69241.679,1.3693745e+12,2.0884695,440.625,19776737
2024-11-03,68742.755,1.3595357e+12,2.0729961,412.5,19777149
2024-11-04,67779.097,1.3405093e+12,2.0421716,471.875,19777621
2024-11-05,69538.024,1.3753269e+12,2.0934036,434.375,19778055
2024-11-06,75696.037,1.4971566e+12,2.2653839,478.125,19778534
2024-11-07,75972.296,1.5026576e+12,2.2680791,487.5,19779021
2024-11-08,76507.447,1.5132764e+12,2.2784564,443.75,19779465
2024-11-09,76799.253,1.5190815e+12,2.2854908,434.375,19779899
2024-11-10,80409.287,1.5905248e+12,2.3862992,462.5,19780362
2024-11-11,88859.998,1.7577207e+12,2.6147362,425,19780787
2024-11-12,88048.749,1.7417137e+12,2.5744027,456.25,19781243
2024-11-13,90369.382,1.7876577e+12,2.6237625,431.25,19781674
2024-11-14,87204.257,1.7250808e+12,2.5169171,396.875,19782071
2024-11-15,91139.084,1.8029626e+12,2.6166282,468.75,19782540
2024-11-16,90567.696,1.7917035e+12,2.5963252,490.625,19783030
2024-11-17,89732.97,1.7752322e+12,2.570046,468.75,19783499
2024-11-18,90587.697,1.7921858e+12,2.5867674,487.5,19783987
2024-11-19,92254.139,1.8252051e+12,2.6160967,546.875,19784534
2024-11-20,94160.041,1.8629557e+12,2.6545841,459.375,19784993
2024-11-21,98545.569,1.9497677e+12,2.7357035,450,19785443
2024-11-22,98938.35,1.9575833e+12,2.7268625,446.875,19785890
2024-11-23,97707.048,1.933263e+12,2.6824758,431.25,19786321
2024-11-24,97980.208,1.9387089e+12,2.6841901,418.75,19786740
2024-11-25,93343.029,1.8470035e+12,2.5509369,528.125,19787268
2024-11-26,91875.57,1.8180064e+12,2.5041718,434.375,19787702
2024-11-27,95989.08,1.8994432e+12,2.6069535,415.625,19788118
2024-11-28,95737.94,1.8945161e+12,2.5937388,443.75,19788562
2024-11-29,97398.942,1.9274218e+12,2.6309948,378.125,19788940
2024-11-30,96463.625,1.9089623e+12,2.6035103,512.5,19789452
2024-12-01,97469.604,1.9289182e+12,2.62759,493.75,19789946
2024-12-02,95726.442,1.8944591e+12,2.5726103,396.875,19790343
2024-12-03,96010.877,1.9001353e+12,2.5714581,490.625,19790834
2024-12-04,98920.253,1.9577597e+12,2.6375375,459.375,19791293
2024-12-05,96949.664,1.9188062e+12,2.5624396,484.375,19791777
2024-12-06,99953.106,1.9782921e+12,2.6197014,425,19792202
2024-12-07,99977.7,1.9788232e+12,2.6172417,443.75,19792646
2024-12-08,100798.98,1.9951246e+12,2.6358303,456.25,19793102
2024-12-09,97390.199,1.927705e+12,2.5283216,521.875,19793624
2024-12-10,96835.502,1.9167721e+12,2.504256,481.25,19794105
2024-12-11,101310.2,2.0053897e+12,2.607826,443.75,19794549
2024-12-12,100090.89,1.9813003e+12,2.572509,462.5,19795011
2024-12-13,101289.82,2.005087e+12,2.5964144,531.25,19795542
2024-12-14,101366.87,2.0066626e+12,2.5956011,496.875,19796039
2024-12-15,104551.37,2.0697477e+12,2.6715796,428.125,19796467
2024-12-16,105855.67,2.0956173e+12,2.690487,462.5,19796930
2024-12-17,106115.91,2.1008143e+12,2.6825053,425,19797355
2024-12-18,100469.77,1.9890809e+12,2.5337669,450,19797805
2024-12-19,97697.046,1.9342313e+12,2.4492507,453.125,19798258
2024-12-20,97617.442,1.9327014e+12,2.4389237,471.875,19798730
2024-12-21,97093.019,1.9223624e+12,2.4247953,453.125,19799183
2024-12-22,95149.106,1.8839206e+12,2.3683247,484.375,19799667
2024-12-23,94800.756,1.8770646e+12,2.3466031,434.375,19800102
2024-12-24,98637.733,1.9530778e+12,2.4325473,412.5,19800514
2024-12-25,99235.368,1.9649581e+12,2.4457574,471.875,19800986
2024-12-26,95628.303,1.8935738e+12,2.3548964,409.375,19801395
2024-12-27,94219.982,1.8657336e+12,2.316536,493.75,19801889
2024-12-28,95123.581,1.8836691e+12,2.3373922,446.875,19802336
2024-12-29,93457.578,1.8507245e+12,2.2939806,493.75,19802830
2024-12-30,92523.163,1.8322664e+12,2.2644472,496.875,19803327
2024-12-31,93389.733,1.849465e+12,2.2808124,403.125,19803730
2025-01-01,94455.797,1.8706184e+12,2.3030405,437.5,19804167
2025-01-02,96851.394,1.9181117e+12,2.3578841,521.875,19804689
2025-01-03,98120.685,1.9432932e+12,2.3862906,443.75,19805133
2025-01-04,98230.048,1.9455049e+12,2.387516,465.625,19805598
2025-01-05,98414.812,1.9492122e+12,2.3909659,487.5,19806086
2025-01-06,102179.56,2.0238196e+12,2.4770628,415.625,19806501
2025-01-07,96974.996,1.920776e+12,2.3467028,418.75,19806920
2025-01-08,95039.281,1.8824726e+12,2.2986659,390.625,19807311
2025-01-09,92346.169,1.8291731e+12,2.2338202,475,19807786
2025-01-10,94759.12,1.8770104e+12,2.2900825,443.75,19808229
2025-01-11,94606.508,1.8740282e+12,2.2855017,431.25,19808661
2025-01-12,94353.775,1.8690726e+12,2.2786578,537.5,19809198
2025-01-13,94375.73,1.8695453e+12,2.2779845,400,19809598
2025-01-14,96569.476,1.913049e+12,2.3280581,481.25,19810079
2025-01-15,100172.41,1.9844668e+12,2.4095411,434.375,19810514
2025-01-16,99977.73,1.9806502e+12,2.3989108,400,19810914
2025-01-17,104296.59,2.0662596e+12,2.4959132,468.75,19811383
2025-01-18,104398.16,2.0683142e+12,2.4946786,406.25,19811789
2025-01-19,100954.57,2.000138e+12,2.4106729,468.75,19812258
2025-01-20,102589,2.0325684e+12,2.4450561,475,19812733
2025-01-21,105987.89,2.0999537e+12,2.5188589,415.625,19813148
2025-01-22,103791.13,2.0564777e+12,2.4590185,468.75,19813617
2025-01-23,104184.62,2.0643184e+12,2.4554473,425,19814042
2025-01-24,104716.12,2.0748955e+12,2.4651832,437.5,19814479
2025-01-25,104866.09,2.0779088e+12,2.4670205,400,19814879
2025-01-26,102833.37,2.0376748e+12,2.4183617,428.125,19815308
2025-01-27,101907.45,2.0193771e+12,2.3934125,487.5,19815795
2025-01-28,101138.14,2.0041795e+12,2.3732871,462.5,19816258
2025-01-29,103918.8,2.0593319e+12,2.436319,484.375,19816742
2025-01-30,104987.45,2.0805567e+12,2.4577562,453.125,19817195
2025-01-31,102263.04,2.0266066e+12,2.3926272,390.625,19817586
2025-02-01,100610.29,1.9939109e+12,2.3532962,575,19818161
2025-02-02,97424.781,1.930832e+12,2.2785883,534.375,19818695
2025-02-03,101582.41,2.0132793e+12,2.3717271,478.125,19819173
2025-02-04,97848.15,1.9393095e+12,2.2807501,409.375,19819582
2025-02-05,96559.333,1.9138091e+12,2.2465356,450,19820032
2025-02-06,96541.301,1.9134955e+12,2.2433142,453.125,19820486
2025-02-07,96384.111,1.910432e+12,2.23876,540.625,19821026
2025-02-08,96603.318,1.9148252e+12,2.2429886,500,19821526
2025-02-09,96309.753,1.9090493e+12,2.2325322,446.875,19821973
2025-02-10,97375.225,1.9302114e+12,2.2560105,434.375,19822407
2025-02-11,95806.258,1.8991478e+12,2.2178405,387.5,19822795
2025-02-12,97756.498,1.9378476e+12,2.2614665,415.625,19823211
2025-02-13,96534.741,1.9136762e+12,2.2326518,493.75,19823704
2025-02-14,97414.359,1.9311597e+12,2.2516623,475,19824179
2025-02-15,97583.243,1.9345565e+12,2.2544838,500,19824679
2025-02-16,96182.266,1.906828e+12,2.2219615,471.875,19825151
2025-02-17,95790.511,1.8991024e+12,2.212551,428.125,19825579
2025-02-18,95444.032,1.892275e+12,2.2037234,437.5,19826017
2025-02-19,96647.913,1.9161812e+12,2.2304732,393.75,19826410
2025-02-20,98392.22,1.9508045e+12,2.2691634,406.25,19826817
2025-02-21,96048.994,1.9043845e+12,2.2145338,403.125,19827220
2025-02-22,96605.709,1.9154646e+12,2.2259723,434.375,19827654
2025-02-23,96091.633,1.9053104e+12,2.213617,403.125,19828057
2025-02-24,91869.654,1.8216341e+12,2.1164195,406.25,19828464
2025-02-25,88769.736,1.7602082e+12,2.0450572,459.375,19828923
2025-02-26,83987.896,1.6654307e+12,1.9371569,490.625,19829414
2025-02-27,84625.419,1.6781121e+12,1.9512523,468.75,19829882
2025-02-28,84243.778,1.6705853e+12,1.9428822,487.5,19830370
2025-03-01,85844.369,1.7023642e+12,1.9797722,450,19830820
2025-03-02,94328.009,1.8706389e+12,2.1723353,393.75,19831214
2025-03-03,86315.931,1.7117901e+12,1.9890488,468.75,19831682
2025-03-04,87323.691,1.7318155e+12,2.0119266,456.25,19832139
2025-03-05,90619.409,1.7972146e+12,2.0854997,418.75,19832557
2025-03-06,90222.069,1.7893823e+12,2.074588,531.25,19833088
2025-03-07,86553.592,1.7166635e+12,1.9906055,443.75,19833532
2025-03-08,86171.279,1.7091177e+12,1.9817026,428.125,19833960
2025-03-09,80647.796,1.5996053e+12,1.8553174,496.875,19834457
2025-03-10,79005.96,1.5670784e+12,1.8183075,481.25,19834938
2025-03-11,82747.16,1.6413205e+12,1.9029558,431.25,19835370
2025-03-12,83630.158,1.6588751e+12,1.9218834,478.125,19835848
2025-03-13,81110.289,1.6089317e+12,1.8643346,496.875,19836345
2025-03-14,84105.834,1.6683896e+12,1.9320355,443.75,19836788
2025-03-15,84352.877,1.673325e+12,1.9374873,412.5,19837201
2025-03-16,82492.103,1.6364498e+12,1.8947461,453.125,19837654
2025-03-17,84013.948,1.6666764e+12,1.9296029,437.5,19838092
2025-03-18,82680.807,1.6402661e+12,1.898906,443.75,19838535
2025-03-19,86774.235,1.7215149e+12,1.9911932,475,19839010
2025-03-20,84124.971,1.6689935e+12,1.9298268,443.75,19839454
2025-03-21,84069.408,1.6679293e+12,1.9281652,453.125,19839907
2025-03-22,83821.22,1.6630445e+12,1.9223588,468.75,19840376
2025-03-23,85760.881,1.7015699e+12,1.966381,487.5,19840863
2025-03-24,87322.572,1.7325972e+12,2.0008794,481.25,19841345
2025-03-25,87422.843,1.7346275e+12,2.0026741,465.625,19841810
2025-03-26,86836.676,1.7230381e+12,1.9885114,475,19842285
2025-03-27,87211.324,1.7305123e+12,1.9967091,462.5,19842748
2025-03-28,84309.078,1.6729644e+12,1.9282823,481.25,19843229
2025-03-29,82497.179,1.6370468e+12,1.8872434,440.625,19843670
2025-03-30,82216.467,1.6315116e+12,1.8812162,428.125,19844098
2025-03-31,82461.45,1.6364112e+12,1.887088,462.5,19844560
2025-04-01,85226.714,1.6913226e+12,1.9500767,421.875,19844982
2025-04-02,82555.631,1.6383594e+12,1.8882774,537.5,19845520
2025-04-03,82931.697,1.645862e+12,1.8941543,475,19845995
2025-04-04,83774.18,1.662629e+12,1.9126673,562.5,19846557
2025-04-05,83302.172,1.653304e+12,1.9016833,512.5,19847070
2025-04-06,77949.088,1.5470963e+12,1.7801241,453.125,19847523
2025-04-07,79421.804,1.5763621e+12,1.8128169,453.125,19847976
2025-04-08,76351.43,1.5154578e+12,1.7439656,478.125,19848454
2025-04-09,82720.603,1.64191e+12,1.887231,409.375,19848863
2025-04-10,79558.956,1.5791906e+12,1.8147281,450,19849313
2025-04-11,83359.9,1.6546753e+12,1.9005276,462.5,19849776
2025-04-12,85269.25,1.6926139e+12,1.9432833,450,19850226
2025-04-13,83568.954,1.6589075e+12,1.9039219,537.5,19850763
2025-04-14,84589.032,1.6791963e+12,1.9262023,465.625,19851229
2025-04-15,83671.344,1.6610167e+12,1.9071371,450,19851679
2025-04-16,84151.536,1.6705882e+12,1.9172708,462.5,19852142
2025-04-17,84940.584,1.6862931e+12,1.9396574,478.125,19852620
2025-04-18,84434.773,1.6762873e+12,1.9277993,425,19853045
2025-04-19,85124.721,1.6900219e+12,1.9434573,434.375,19853479
2025-04-20,85101.746,1.6895984e+12,1.9426378,384.375,19853863
2025-04-21,87360.72,1.7344822e+12,1.9927996,393.75,19854257
2025-04-22,93495.611,1.8563312e+12,2.1282639,484.375,19854742
2025-04-23,93695.74,1.8603381e+12,2.1261099,356.25,19855098
2025-04-24,93849.882,1.8634399e+12,2.126194,440.625,19855538
2025-04-25,94771.413,1.8817801e+12,2.1396892,450,19855988
2025-04-26,94694.511,1.8802925e+12,2.1368455,415.625,19856404
2025-04-27,93812.877,1.862826e+12,2.1163031,421.875,19856826
2025-04-28,95066.021,1.8877513e+12,2.1414599,440.625,19857266
2025-04-29,94102.84,1.8686681e+12,2.1164916,456.25,19857723
2025-04-30,94236.733,1.8713658e+12,2.1176644,412.5,19858135
2025-05-01,96411.742,1.9145981e+12,2.1635057,421.875,19858557
2025-05-02,96842.102,1.9231925e+12,2.1700257,496.875,19859054
2025-05-03,95943.611,1.9053985e+12,2.1488276,512.5,19859566
2025-05-04,94377.79,1.874343e+12,2.113616,434.375,19860001
2025-05-05,94853.73,1.883847e+12,2.1198315,546.875,19860548
2025-05-06,96677.925,1.9201182e+12,2.156603,431.25,19860979
2025-05-07,97137.376,1.9292892e+12,2.1641776,471.875,19861451
2025-05-08,103069.54,2.0471618e+12,2.2908346,496.875,19861948
2025-05-09,102940.8,2.0446499e+12,2.2831069,437.5,19862385
2025-05-10,104582.82,2.0773133e+12,2.317993,468.75,19862854
2025-05-11,103976.14,2.0653113e+12,2.3031485,465.625,19863320
2025-05-12,102920.07,2.044381e+12,2.2765475,453.125,19863773
2025-05-13,104145.71,2.0687691e+12,2.2970209,406.25,19864179
2025-05-14,103572.72,2.0574336e+12,2.2817352,450,19864629
2025-05-15,103716.28,2.0603328e+12,2.2793299,456.25,19865085
2025-05-16,103566.27,2.0573968e+12,2.272926,425,19865510
2025-05-17,103190.04,2.0499689e+12,2.2639714,446.875,19865957
2025-05-18,106015.69,2.1061568e+12,2.3240705,506.25,19866463
2025-05-19,105615.83,2.0982595e+12,2.309463,440.625,19866904
2025-05-20,106893.33,2.123689e+12,2.3328188,462.5,19867366
2025-05-21,109704.86,2.1795959e+12,2.3871325,450,19867816
2025-05-22,111477.01,2.2148571e+12,2.4191149,468.75,19868285
2025-05-23,107291.89,2.1317578e+12,2.3252442,484.375,19868770
2025-05-24,107917.33,2.1442321e+12,2.3375231,440.625,19869210
2025-05-25,108914.88,2.164104e+12,2.3575884,471.875,19869682
2025-05-26,109371.99,2.1732389e+12,2.361541,478.125,19870160
2025-05-27,109066.35,2.1672138e+12,2.348323,440.625,19870601
2025-05-28,107895.4,2.1440018e+12,2.3195658,512.5,19871113
2025-05-29,105732.96,2.1010841e+12,2.2695159,496.875,19871610
2025-05-30,103981.3,2.0663263e+12,2.230171,484.375,19872095
2025-05-31,104708.96,2.0808391e+12,2.2453195,503.125,19872598
2025-06-01,105750.16,2.1015743e+12,2.2668245,415.625,19873013
2025-06-02,105899.7,2.1045901e+12,2.263174,415.625,19873429
2025-06-03,105483.99,2.096376e+12,2.2490499,450,19873879
2025-06-04,104782.84,2.0824828e+12,2.2306295,393.75,19874273
2025-06-05,101669.19,2.0206438e+12,2.164422,418.75,19874691
2025-06-06,104421.05,2.0753799e+12,2.2213773,418.75,19875110
2025-06-07,105685.25,2.1005532e+12,2.2468572,446.875,19875557
2025-06-08,105727.74,2.1014483e+12,2.2465927,478.125,19876035
2025-06-09,110198.16,2.1903507e+12,2.3383291,437.5,19876473
2025-06-10,110074.12,2.1879434e+12,2.3319943,528.125,19877001
2025-06-11,108645.79,2.1596002e+12,2.2994649,440.625,19877441
2025-06-12,105998.99,2.1070377e+12,2.241962,462.5,19877904
2025-06-13,106024.82,2.1075993e+12,2.2394272,453.125,19878357
2025-06-14,105467.11,2.0965626e+12,2.2271438,471.875,19878829
2025-06-15,105512.8,2.0975157e+12,2.22722,425,19879254
2025-06-16,107243.93,2.1319783e+12,2.2587719,456.25,19879710
2025-06-17,104628.4,2.0800208e+12,2.2032072,368.75,19880079
2025-06-18,104813.37,2.0837439e+12,2.2058173,437.5,19880516
2025-06-19,104709.72,2.0817249e+12,2.2023081,396.875,19880913
2025-06-20,103274.96,2.0532492e+12,2.1712341,471.875,19881385
2025-06-21,101548.2,2.0189636e+12,2.1341088,440.625,19881826
2025-06-22,100899.23,2.0060947e+12,2.1199152,334.375,19882160
2025-06-23,105496.95,2.0975425e+12,2.213487,334.375,19882495
2025-06-24,105964.07,2.1068687e+12,2.2203497,365.625,19882860
2025-06-25,107305.07,2.1335796e+12,2.2450664,446.875,19883307
2025-06-26,107012.82,2.1278213e+12,2.2341438,490.625,19883798
2025-06-27,107090.96,2.1294135e+12,2.2307258,359.375,19884157
2025-06-28,107357.62,2.1347644e+12,2.2355963,453.125,19884610
2025-06-29,108360.9,2.1547715e+12,2.2551488,528.125,19885138
2025-06-30,107153.1,2.1308028e+12,2.2244492,453.125,19885591
2025-07-01,105566.36,2.0992936e+12,2.1903714,418.75,19886010
2025-07-02,108927.13,2.1661782e+12,2.2572933,478.125,19886488
2025-07-03,109632.16,2.1802504e+12,2.2682211,471.875,19886960
2025-07-04,108081.4,2.1494641e+12,2.2153451,496.875,19887457
2025-07-05,108244.79,2.1527667e+12,2.2180746,490.625,19887948
2025-07-06,109180.01,2.1714208e+12,2.236334,500,19888448
2025-07-07,108249.4,2.1529636e+12,2.2137003,471.875,19888920
2025-07-08,108956.63,2.167078e+12,2.2241472,443.75,19889363
2025-07-09,111416.81,2.2160665e+12,2.2682306,512.5,19889876
2025-07-10,115873.9,2.3047795e+12,2.3546018,534.375,19890410
2025-07-11,117618.61,2.3395374e+12,2.3821229,468.75,19890879
2025-07-12,117382.37,2.3348932e+12,2.3734115,465.625,19891345
2025-07-13,118899.74,2.3651265e+12,2.4017092,428.125,19891773
2025-07-14,119871.1,2.3845029e+12,2.4125084,453.125,19892226
2025-07-15,117710.89,2.341592e+12,2.3641951,512.5,19892738
2025-07-16,118730.19,2.3619172e+12,2.3688751,409.375,19893148
2025-07-17,119501.66,2.377315e+12,2.3749858,425,19893573
2025-07-18,117958.51,2.3466693e+12,2.340384,450,19894023
2025-07-19,117908.52,2.3457272e+12,2.3364142,443.75,19894466
2025-07-20,117305.68,2.3337886e+12,2.3233701,465.625,19894932
2025-07-21,117432.44,2.3363654e+12,2.321844,468.75,19895401
2025-07-22,120068.01,2.3888574e+12,2.3670956,468.75,19895870
2025-07-23,118650.59,2.3607085e+12,2.3344004,437.5,19896307
2025-07-24,118377.08,2.3553212e+12,2.3257902,459.375,19896766
2025-07-25,117520.17,2.3383302e+12,2.3040272,500,19897266
2025-07-26,117983.2,2.3475997e+12,2.3118305,478.125,19897745
2025-07-27,119438.16,2.3766012e+12,2.338854,428.125,19898173
2025-07-28,118022.64,2.3484883e+12,2.3084821,453.125,19898626
2025-07-29,117871.37,2.3455196e+12,2.3014237,350,19898976
2025-07-30,117732.64,2.3428094e+12,2.2955728,428.125,19899404
2025-07-31,115848.34,2.3053687e+12,2.2576735,481.25,19899885
2025-08-01,113282.14,2.2543551e+12,2.2070884,471.875,19900357
2025-08-02,112545.67,2.2397501e+12,2.192315,453.125,19900810
2025-08-03,114263.69,2.2739954e+12,2.2240971,484.375,19901295
2025-08-04,115199.93,2.2926894e+12,2.2406311,534.375,19901829
2025-08-05,114111.36,2.271074e+12,2.2179,431.25,19902260
2025-08-06,115034.68,2.2895019e+12,2.2349724,450,19902710
2025-08-07,117444.91,2.3375312e+12,2.2781309,503.125,19903213
2025-08-08,116740.69,2.3235648e+12,2.2621481,428.125,19903641
2025-08-09,116511.66,2.3190485e+12,2.2569921,362.5,19904004
2025-08-10,119189.2,2.3723926e+12,2.3074196,421.875,19904426
2025-08-11,118742.04,2.3635467e+12,2.296377,459.375,19904885
2025-08-12,120154.32,2.3917095e+12,2.3206476,428.125,19905313
2025-08-13,123442.68,2.4572254e+12,2.3797391,487.5,19905801
2025-08-14,118510.27,2.3591019e+12,2.282416,506.25,19906307
2025-08-15,117311.21,2.3352821e+12,2.2576929,418.75,19906726
2025-08-16,117462.43,2.3383481e+12,2.2532742,475,19907201
2025-08-17,117601.95,2.3411815e+12,2.255305,475,19907676
2025-08-18,116312.91,2.3155758e+12,2.2296562,481.25,19908157
2025-08-19,112886.1,2.2474015e+12,2.162406,418.75,19908576
2025-08-20,114277.32,2.2751491e+12,2.1875934,440.625,19909016
2025-08-21,112347.1,2.2367726e+12,2.1500922,465.625,19909482
2025-08-22,116800.98,2.3255002e+12,2.2309603,456.25,19909938
2025-08-23,115280.44,2.2952813e+12,2.2012722,475,19910413
2025-08-24,113516.12,2.2602101e+12,2.1673285,512.5,19910917
2025-08-25,110089.53,2.192032e+12,2.1016089,440.625,19911357
2025-08-26,111895.3,2.2280397e+12,2.1348986,468.75,19911826
2025-08-27,111252.31,2.2152888e+12,2.1218251,468.75,19912295
2025-08-28,112481.15,2.2398138e+12,2.1427891,496.875,19912792
2025-08-29,108473.33,2.1600628e+12,2.058524,515.625,19913307
2025-08-30,108746.15,2.1655492e+12,2.0630223,493.75,19913801
2025-08-31,108316.45,2.1570369e+12,2.054654,412.5,19914214
2025-09-01,108992.32,2.1705513e+12,2.0664723,503.125,19914717
2025-09-02,111140.95,2.2133971e+12,2.1061332,509.375,19915226
2025-09-03,111780.74,2.2261866e+12,2.1173529,428.125,19915654
2025-09-04,110900.63,2.2087072e+12,2.09884,437.5,19916092
2025-09-05,110711.23,2.2049845e+12,2.0909911,446.875,19916539
2025-09-06,110243.65,2.1957202e+12,2.0815475,437.5,19916976
2025-09-07,111307.78,2.2169681e+12,2.1007955,481.25,19917457
2025-09-08,112112.31,2.2330482e+12,2.1144854,500,19917957
2025-09-09,111486.4,2.2206395e+12,2.1019,521.875,19918479
2025-09-10,113930.75,2.2693878e+12,2.1459244,531.25,19919011
2025-09-11,115445.81,2.2996205e+12,2.1718284,468.75,19919479
2025-09-12,116149.17,2.3136746e+12,2.1834524,375,19919854
2025-09-13,115965.63,2.3100695e+12,2.1786789,440.625,19920295
2025-09-14,115395.93,2.2987762e+12,2.1673601,478.125,19920773
2025-09-15,115420.93,2.299333e+12,2.1656665,509.375,19921282
2025-09-16,116798.87,2.3268416e+12,2.1888797,500,19921782
2025-09-17,116575.78,2.3224439e+12,2.181807,400,19922182
2025-09-18,117014.43,2.3312405e+12,2.1884253,493.75,19922676
2025-09-19,115612.37,2.3033686e+12,2.1584516,525,19923201
2025-09-20,115753.17,2.306229e+12,2.1600825,478.125,19923679
2025-09-21,115320.86,2.2976742e+12,2.1511992,506.25,19924186
2025-09-22,112727.71,2.2460606e+12,2.1030843,468.75,19924654
2025-09-23,112052.39,2.2326556e+12,2.0884208,450,19925104
2025-09-24,113324.62,2.2580591e+12,2.1098438,478.125,19925582
2025-09-25,109166.35,2.1752512e+12,2.0312425,440.625,19926023
2025-09-26,109669.1,2.1853143e+12,2.0392977,412.5,19926436
2025-09-27,109644.73,2.1848818e+12,2.0384097,484.375,19926920
2025-09-28,112170.01,2.2352606e+12,2.0843982,515.625,19927436
2025-09-29,114341.14,2.2785758e+12,2.1227209,437.5,19927873
2025-09-30,113971.74,2.2712718e+12,2.1128072,503.125,19928376
2025-10-01,118393.27,2.3594415e+12,2.186155,471.875,19928848
2025-10-02,120558.59,2.4026451e+12,2.2217722,425,19929273
2025-10-03,122348.13,2.4383544e+12,2.2492029,368.75,19929642
2025-10-04,122379.74,2.4390357e+12,2.247639,418.75,19930061
2025-10-05,123523.77,2.4618937e+12,2.2667666,465.625,19930526
2025-10-06,124824.45,2.487865e+12,2.2871454,384.375,19930911
2025-10-07,121587.7,2.423406e+12,2.2193474,431.25,19931342
2025-10-08,123390.35,2.4593924e+12,2.2486061,462.5,19931804
2025-10-09,121603.33,2.4238194e+12,2.2125534,375,19932179
2025-10-10,113754.85,2.267429e+12,2.0705628,412.5,19932592
2025-10-11,110940.11,2.211375e+12,2.019479,459.375,19933051
2025-10-12,115152.92,2.2954012e+12,2.0951257,453.125,19933504
2025-10-13,115332.25,2.2990307e+12,2.0974632,475,19933979
2025-10-14,113327.08,2.2591195e+12,2.0568293,528.125,19934507
2025-10-15,110862.87,2.2100466e+12,2.005891,450,19934957
2025-10-16,108135.05,2.1557193e+12,1.9578568,478.125,19935436
2025-10-17,106625.67,2.1256821e+12,1.929283,496.875,19935932
2025-10-18,107143.91,2.1360691e+12,1.9381495,515.625,19936448
2025-10-19,108706.66,2.167272e+12,1.9659297,434.375,19936882
2025-10-20,110640.25,2.2058732e+12,2.0002412,465.625,19937348
2025-10-21,108700.38,2.1672483e+12,1.9642553,468.75,19937817
2025-10-22,107667.63,2.146709e+12,1.9422694,478.125,19938295
2025-10-23,110060.94,2.1944763e+12,1.9838506,443.75,19938739
2025-10-24,111024.94,2.2137594e+12,2.00024,559.375,19939298
2025-10-25,111614.54,2.2255713e+12,2.010123,500,19939798
2025-10-26,114557.1,2.2842981e+12,2.061142,459.375,19940257
2025-10-27,114087.77,2.274992e+12,2.0506487,459.375,19940717
2025-10-28,112980.69,2.2529731e+12,2.0269853,506.25,19941223
2025-10-29,110206.35,2.1976917e+12,1.9748571,384.375,19941607
2025-10-30,108019.72,2.1541409e+12,1.9325248,500,19942107
2025-10-31,109554.24,2.1847903e+12,1.9596274,437.5,19942545
2025-11-01,110005.3,2.193833e+12,1.9663441,431.25,19942976
2025-11-02,110389.17,2.201542e+12,1.9727765,484.375,19943461
2025-11-03,106495.8,2.1239421e+12,1.9020883,443.75,19943904
2025-11-04,101349.74,2.0213509e+12,1.8116856,409.375,19944314
2025-11-05,103915.88,2.0725758e+12,1.8570557,431.25,19944745
2025-11-06,101241.57,2.0192817e+12,1.8097202,437.5,19945182
2025-11-07,103428.47,2.0629456e+12,1.8428465,443.75,19945626
2025-11-08,102335.02,2.0411745e+12,1.8227584,375,19946001
2025-11-09,104685.55,2.0881041e+12,1.8641652,440.625,19946442
2025-11-10,106082.48,2.1160144e+12,1.8875444,437.5,19946879
2025-11-11,102974.41,2.0540673e+12,1.8318882,478.125,19947357
2025-11-12,101682.13,2.0283345e+12,1.8085099,440.625,19947798
2025-11-13,100035.31,1.9955311e+12,1.7800126,468.75,19948267
2025-11-14,94502.548,1.8852046e+12,1.6842607,450,19948717
2025-11-15,95541.316,1.9059693e+12,1.70251,446.875,19949164
2025-11-16,94182.313,1.8789052e+12,1.6785526,496.875,19949661
2025-11-17,91911.471,1.8336383e+12,1.6392867,387.5,19950048
2025-11-18,92836.442,1.8521301e+12,1.654517,415.625,19950464
2025-11-19,91320.481,1.821925e+12,1.6287396,428.125,19950892
2025-11-20,86911.298,1.7339935e+12,1.551562,409.375,19951301
2025-11-21,84948.046,1.6948641e+12,1.5202474,471.875,19951773
2025-11-22,84775.002,1.6914495e+12,1.5063202,446.875,19952220
2025-11-23,86872.455,1.7333369e+12,1.5408129,443.75,19952664
2025-11-24,88377.602,1.7634081e+12,1.5674036,446.875,19953111
2025-11-25,87434.551,1.7446227e+12,1.5507098,359.375,19953470
2025-11-26,90449.277,1.8048233e+12,1.601918,512.5,19953982
2025-11-27,91336.2,1.8225617e+12,1.618011,446.875,19954429
2025-11-28,90990.127,1.8156987e+12,1.6124044,468.75,19954898
2025-11-29,90842.074,1.8127832e+12,1.6098124,428.125,19955326
2025-11-30,90607.702,1.8081535e+12,1.6059368,521.875,19955848
2025-12-01,86504.637,1.7263093e+12,1.5339587,415.625,19956264
2025-12-02,91528.025,1.8265937e+12,1.6233866,396.875,19956661
2025-12-03,93609.094,1.8681635e+12,1.6594398,412.5,19957073
2025-12-04,92205.593,1.8401918e+12,1.6346861,412.5,19957486
2025-12-05,89279.834,1.7818342e+12,1.5845511,371.875,19957857
2025-12-06,89169.557,1.7796787e+12,1.5825975,509.375,19958367
2025-12-07,90067.847,1.7976522e+12,1.5985005,500,19958867
2025-12-08,90673.144,1.8097751e+12,1.6096177,462.5,19959329
2025-12-09,92808.852,1.8524398e+12,1.6469895,403.125,19959732
2025-12-10,92102.93,1.8383945e+12,1.6325771,484.375,19960217
2025-12-11,92623.72,1.8488358e+12,1.6416454,500,19960717
2025-12-12,90331.608,1.8031246e+12,1.6020027,453.125,19961170
2025-12-13,90245.267,1.8014414e+12,1.6004071,446.875,19961617
2025-12-14,88096.383,1.7585815e+12,1.5625993,400,19962017
2025-12-15,86352.58,1.7238078e+12,1.5334508,418.75,19962436
2025-12-16,87752.429,1.7517925e+12,1.5583001,459.375,19962895
2025-12-17,86059.552,1.7180349e+12,1.5291045,431.25,19963326
2025-12-18,85434.193,1.7055891e+12,1.5183951,450,19963776
2025-12-19,88168.074,1.7602076e+12,1.5669393,453.125,19964229
2025-12-20,88292.454,1.7627313e+12,1.5699331,459.375,19964689
2025-12-21,88533.431,1.7675806e+12,1.5740329,431.25,19965120
2025-12-22,88474.462,1.7664417e+12,1.5730377,434.375,19965554
2025-12-23,87365.994,1.7443501e+12,1.5534927,453.125,19966007
2025-12-24,87625.671,1.7495783e+12,1.5586264,496.875,19966504
2025-12-25,87231.305,1.7417418e+12,1.5515779,431.25,19966936
2025-12-26,87334.808,1.7438511e+12,1.5547999,487.5,19967423
2025-12-27,87695.416,1.7510887e+12,1.5611305,425,19967848
2025-12-28,87747.649,1.7521742e+12,1.5623714,484.375,19968332
2025-12-29,87133.51,1.7399528e+12,1.5518437,481.25,19968814
2025-12-30,88428.492,1.765845e+12,1.5751947,371.875,19969186
2025-12-31,87516.978,1.7476791e+12,1.5599369,415.625,19969601
2026-01-01,88684.218,1.7710303e+12,1.5805667,471.875,19970073
2026-01-02,89940.18,1.7961524e+12,1.6028335,450,19970523
2026-01-03,90598.13,1.8093359e+12,1.6144428,484.375,19971007
2026-01-04,91359.764,1.8245879e+12,1.6278234,453.125,19971461
2026-01-05,93948.582,1.8763292e+12,1.6729656,412.5,19971873
2026-01-06,93574.287,1.8688918e+12,1.6656982,406.25,19972279
2026-01-07,91208.956,1.8216926e+12,1.6234736,459.375,19972739
2026-01-08,91096.916,1.8194925e+12,1.6216948,412.5,19973151
2026-01-09,90539.603,1.8084014e+12,1.6124074,443.75,19973595
2026-01-10,90406.142,1.8057814e+12,1.6100132,506.25,19974101
2026-01-11,90717.206,1.8120292e+12,1.6158564,381.25,19974482
2026-01-12,91141.15,1.8205377e+12,1.6235117,443.75,19974926
2026-01-13,95304.498,1.9037405e+12,1.6956457,421.875,19975348
2026-01-14,97043.993,1.9385251e+12,1.7252583,387.5,19975736
2026-01-15,95546.14,1.9086459e+12,1.6982513,434.375,19976170
2026-01-16,95489.13,1.9075459e+12,1.6967501,406.25,19976576
2026-01-17,95106.98,1.8999561e+12,1.6895599,465.625,19977042
2026-01-18,94261.329,1.8831038e+12,1.6743923,437.5,19977479
2026-01-19,92526.242,1.8484845e+12,1.6436869,468.75,19977948
2026-01-20,88236.563,1.7628221e+12,1.5689224,415.625,19978364
2026-01-21,89599.362,1.790087e+12,1.5933664,428.125,19978792
2026-01-22,89395.701,1.7860631e+12,1.5900557,503.125,19979295
2026-01-23,89439.772,1.7869827e+12,1.5972277,437.5,19979732
2026-01-24,89185.039,1.7819205e+12,1.5927055,306.25,19980039
2026-01-25,86445.671,1.727217e+12,1.5441682,337.5,19980376
2026-01-26,88337.455,1.7650498e+12,1.5779782,387.5,19980764
2026-01-27,89260.381,1.7835246e+12,1.5942584,381.25,19981145
2026-01-28,89177.789,1.781905e+12,1.5929683,343.75,19981489
2026-01-29,84520.397,1.6888772e+12,1.5108464,400,19981889
2026-01-30,84017.034,1.6788534e+12,1.5027941,409.375,19982298
2026-01-31,78702.386,1.5726885e+12,1.409207,431.25,19982729
2026-02-01,76911.052,1.5369213e+12,1.3779375,371.875,19983101
2026-02-02,78716.602,1.5730308e+12,1.4112724,368.75,19983470
2026-02-03,75684.766,1.5124755e+12,1.3597906,412.5,19983882
2026-02-04,73095.191,1.4607581e+12,1.3159308,443.75,19984326
2026-02-05,63494.688,1.2689238e+12,1.1497951,396.875,19984723
2026-02-06,70647.698,1.4119067e+12,1.2794886,453.125,19985176
2026-02-07,69166.259,1.3823358e+12,1.2542865,518.75,19985695
2026-02-08,70522.589,1.4094804e+12,1.2787527,531.25,19986226
2026-02-09,70244.102,1.4039503e+12,1.2748901,509.375,19986736
2026-02-10,68688.793,1.3728957e+12,1.2481033,450,19987186
2026-02-11,66989.717,1.3389688e+12,1.2182388,490.625,19987676
2026-02-12,66221.544,1.3236514e+12,1.2056558,553.125,19988229
2026-02-13,68860.841,1.3764388e+12,1.2543817,471.875,19988701
2026-02-14,69798.079,1.3952092e+12,1.2714284,518.75,19989220
2026-02-15,68629.96,1.3719016e+12,1.250352,615.625,19989836
2026-02-16,68747.438,1.3742876e+12,1.2529919,546.875,19990382
2026-02-17,67471.051,1.3488069e+12,1.2303596,515.625,19990898
2026-02-18,66380.707,1.3270417e+12,1.2114637,478.125,19991376
2026-02-19,66932.352,1.3381031e+12,1.2218448,496.875,19991873
2026-02-20,67977.309,1.3590228e+12,1.2419474,428.125,19992301
2026-02-21,68020.668,1.359915e+12,1.2427727,371.875,19992673
2026-02-22,67550.024,1.3505402e+12,1.2342863,512.5,19993186
2026-02-23,64689.912,1.2933873e+12,1.1831843,462.5,19993648
2026-02-24,64123.751,1.2821008e+12,1.174332,515.625,19994164
2026-02-25,68038.522,1.3604065e+12,1.246123,487.5,19994651
2026-02-26,67519.265,1.3500537e+12,1.2368114,437.5,19995089
2026-02-27,65864.136,1.3169883e+12,1.2073255,440.625,19995529
2026-02-28,66965.635,1.3390432e+12,1.2275613,446.875,19995976
2026-03-01,65733.521,1.3144365e+12,1.2052482,465.625,19996442
2026-03-02,68922.624,1.3782365e+12,1.2637607,425,19996867
2026-03-03,68431.174,1.3684377e+12,1.2548908,418.75,19997286
2026-03-04,72667.463,1.4531815e+12,1.3324599,406.25,19997692
2026-03-05,70987.427,1.4196215e+12,1.3020999,518.75,19998211
2026-03-06,68226.705,1.3644431e+12,1.2527875,456.25,19998667
2026-03-07,67315.553,1.3462491e+12,1.2363013,412.5,19999079
2026-03-08,66202.698,1.3240207e+12,1.2160004,418.75,19999498
2026-03-09,68528.538,1.3705659e+12,1.2588289,431.25,19999929
2026-03-10,69891.824,1.3978617e+12,1.2838922,431.25,20000361
2026-03-11,70298.575,1.4060274e+12,1.2926306,434.375,20000795
2026-03-12,70538.107,1.4108467e+12,1.297353,403.125,20001198
2026-03-13,70930.013,1.4187121e+12,1.3045413,378.125,20001576
2026-03-14,71136.218,1.4228649e+12,1.3085611,400,20001976
2026-03-15,72712.146,1.454415e+12,1.3372863,390.625,20002367
2026-03-16,74723.958,1.4946852e+12,1.3736648,390.625,20002757
2026-03-17,74086.014,1.481954e+12,1.3620392,396.875,20003154
2026-03-18,71253.958,1.4253349e+12,1.3108271,434.375,20003589
2026-03-19,69948.905,1.3992584e+12,1.2873234,418.75,20004007
2026-03-20,70510.42,1.4105205e+12,1.2979135,418.75,20004426
2026-03-21,69707.285,1.3944843e+12,1.2832286,431.25,20004857
2026-03-22,68018.153,1.3607279e+12,1.2516622,506.25,20005364
2026-03-23,70726.211,1.4149389e+12,1.3014094,500,20005864
2026-03-24,70610.019,1.412642e+12,1.3002777,390.625,20006254
2026-03-25,71281.297,1.4261058e+12,1.3129188,478.125,20006732
2026-03-26,68722.972,1.3749575e+12,1.2664072,515.625,20007248
2026-03-27,66214.172,1.3247948e+12,1.2213915,475,20007723
2026-03-28,66351.073,1.32757e+12,1.2242821,543.75,20008267
2026-03-29,65966.752,1.3199101e+12,1.2173465,450,20008717
2026-03-30,66651.232,1.333634e+12,1.2307678,425,20009142
2026-03-31,68214.868,1.36495e+12,1.2594616,425,20009567
2026-04-01,68116.817,1.3630225e+12,1.2578004,506.25,20010073
2026-04-02,66908.318,1.3388706e+12,1.2361571,453.125,20010526
2026-04-03,66891.742,1.3385666e+12,1.2360953,412.5,20010939
2026-04-04,67295.131,1.346664e+12,1.243588,375,20011314
2026-04-05,68921.806,1.3792501e+12,1.273186,496.875,20011811
2026-04-06,68742.913,1.3756977e+12,1.2700938,400,20012211
2026-04-07,72057.124,1.4420534e+12,1.3307033,431.25,20012642
2026-04-08,71085.058,1.4226327e+12,1.312922,462.5,20013104
2026-04-09,71788.68,1.4367466e+12,1.3258289,450,20013554
2026-04-10,72945.071,1.4599186e+12,1.3468427,390.625,20013945
2026-04-11,73119.109,1.4634299e+12,1.3497407,384.375,20014329
2026-04-12,70685.37,1.4147545e+12,1.3049673,484.375,20014814
2026-04-13,74632.746,1.493795e+12,1.3770482,462.5,20015276
2026-04-14,74173.508,1.4846413e+12,1.3687529,512.5,20015789
2026-04-15,74761.965,1.4964489e+12,1.3796264,390.625,20016179
2026-04-16,75095.744,1.5031655e+12,1.3856259,475,20016654
2026-04-17,77114.481,1.5436079e+12,1.4223235,440.625,20017095
2026-04-18,75792.064,1.5171732e+12,1.3980047,478.125,20017573
2026-04-19,73905.204,1.4794393e+12,1.3634657,493.75,20018067
2026-04-20,75814.145,1.5176834e+12,1.3987306,406.25,20018473
2026-04-21,76107.443,1.5235869e+12,1.4040392,421.875,20018895
2026-04-22,78317.742,1.5678667e+12,1.4451817,409.375,20019304
2026-04-23,78233.684,1.5662135e+12,1.443518,378.125,20019682
2026-04-24,77444.269,1.5504457e+12,1.4313054,465.625,20020148
2026-04-25,77624.711,1.5540922e+12,1.4345741,437.5,20020586
2026-04-26,78538.773,1.5724288e+12,1.4512399,465.625,20021051
2026-04-27,77256.297,1.5467856e+12,1.4274966,431.25,20021482
2026-04-28,76295.531,1.5275828e+12,1.4098968,434.375,20021917
2026-04-29,75795.01,1.5175915e+12,1.4012951,396.875,20022314
2026-04-30,76299.616,1.5277282e+12,1.4109087,437.5,20022751
2026-05-01,78132.644,1.5644691e+12,1.4441109,493.75,20023245
2026-05-02,78712.539,1.5761139e+12,1.4546788,425,20023670
2026-05-03,78649.173,1.5748824e+12,1.4532129,475,20024145
2026-05-04,79826.108,1.5984867e+12,1.473414,465.625,20024611
2026-05-05,80936.755,1.6207649e+12,1.4932649,468.75,20025079
2026-05-06,81364.62,1.6293688e+12,1.5007289,440.625,20025520
2026-05-07,79988.999,1.6018568e+12,1.4754077,443.75,20025964
2026-05-08,80179.692,1.6057124e+12,1.4788069,459.375,20026423
2026-05-09,80663.63,1.6154471e+12,1.4875565,534.375,20026957
2026-05-10,82256.781,1.6473916e+12,1.5165763,468.75,20027426
2026-05-11,81714.742,1.6365781e+12,1.5062797,515.625,20027942
2026-05-12,80525.563,1.612795e+12,1.4843434,418.75,20028361
2026-05-13,79291.911,1.5881214e+12,1.4616979,434.375,20028795
2026-05-14,81175.827,1.6258923e+12,1.4962918,471.875,20029267
2026-05-15,79063.415,1.583618e+12,1.4576482,453.125,20029720
2026-05-16,78164.495,1.5656498e+12,1.4411207,471.875,20030192
2026-05-17,77497.697,1.5523276e+12,1.4288786,437.5,20030629
2026-05-18,76975.911,1.5419096e+12,1.4195693,437.5,20031067
2026-05-19,76807.461,1.5385695e+12,1.4170368,443.75,20031511
2026-05-20,77408.172,1.5506394e+12,1.4282474,475,20031986
2026-05-21,77595.386,1.5544204e+12,1.4318399,396.875,20032382
2026-05-22,75567.543,1.5138348e+12,1.3951978,487.5,20032870
2026-05-23,76619.867,1.5349551e+12,1.4145647,512.5,20033382
